pedido,cliente,valor_pedido,bsap,bvs,belx,estatus,creado_en,liberado_fecha,cancelado_fecha,usuario_libero
PED-000001,CLI-0153,11458.74,0,0,0,1,2026-01-01 15:42:34,2026-01-01 20:03:34,,paola_herrera
PED-000002,CLI-0026,10844.99,0,1,0,2,2026-01-01 12:19:02,,2026-01-02 05:37:02,
PED-000003,CLI-0166,2267.96,0,0,1,1,2026-01-01 09:39:28,2026-01-01 10:35:28,,ivonne.rios
PED-000004,CLI-0152,14769.02,0,0,1,2,2026-01-01 03:57:55,,2026-01-01 10:30:55,
PED-000005,CLI-0149,6828.77,0,1,0,1,2026-01-01 18:14:15,2026-01-01 20:17:15,,luis.ramirez
PED-000006,CLI-0096,8555.94,0,0,1,99,2026-01-01 09:51:37,2026-01-01 10:52:37,,jorge_salinas
PED-000007,CLI-0134,8013.15,0,0,1,2,2026-01-01 13:32:52,,2026-01-02 03:04:52,
PED-000008,CLI-0002,10767.48,0,0,1,1,2026-01-01 20:12:02,2026-01-01 21:15:02,,jorge.salinas
PED-000009,CLI-0028,3686.0,1,0,0,1,2026-01-01 18:43:43,2026-01-01 19:54:43,,MONICA.VEGA
PED-000010,CLI-0134,1080.76,0,1,0,99,2026-01-01 10:33:02,,2026-01-02 07:36:02,
PED-000011,CLI-0043,10036.79,0,1,0,1,2026-01-01 13:34:08,2026-01-01 16:26:08,,diego.castillo
PED-000012,CLI-0133,2148.43,0,0,1,1,2026-01-01 23:49:26,2026-01-02 07:28:26,, ivonne.rios 
PED-000013,CLI-0157,3720.41,0,1,0,2,2026-01-01 12:07:13,,2026-01-01 13:32:13,
PED-000014,CLI-0101,1675.29,0,0,1,1,2026-01-01 08:01:22,2026-01-01 09:10:22,,ana.torres
PED-000015,CLI-0073,4497.89,0,0,1,4,2026-01-01 11:56:09,2026-01-01 13:31:09,,monica_vega
PED-000016,CLI-0194,7043.05,0,0,0,1,2026-01-01 08:13:19,2026-01-01 14:21:19,,luis.ramirez
PED-000017,CLI-0092,4085.12,0,0,1,1,2026-01-01 06:16:02,2026-01-01 12:42:02,,SERGIO.NUNEZ
PED-000018,CLI-0062,2879.19,0,1,0,2,2026-01-01 17:19:07,,2026-01-02 14:54:07,
PED-000019,CLI-0017,5012.38,0,0,1,1,2026-01-01 11:49:34,2026-01-01 13:10:34,,sergio_nunez
PED-000020,CLI-0118,10421.23,0,1,0,1,2026-01-01 18:53:06,2026-01-01 19:01:06,,ANA.TORRES
PED-000021,CLI-0192,1423.65,0,1,0,1,2026-01-01 07:11:59,2026-01-01 07:27:59,,HECTOR.PAREDES
PED-000022,CLI-0017,67675.28,0,1,0,2,2026-01-02 01:33:32,,2026-01-02 06:10:32,
PED-000023,CLI-0005,2364.57,0,0,1,1,2026-01-02 13:00:49,2026-01-02 14:50:49,, paola.herrera 
PED-000024,CLI-0057,1935.09,0,0,1,1,2026-01-02 00:14:16,2026-01-02 08:35:16,,IVONNE.RIOS
PED-000025,CLI-0146,11902.05,1,0,0,2,2026-01-02 17:31:37,,2026-01-03 03:20:37,
PED-000026,CLI-0008,33377.01,0,1,0,2,2026-01-02 05:40:29,,2026-01-02 09:14:29,
PED-000027,CLI-0188,6949.71,0,0,0,1,2026-01-02 23:07:01,2026-01-03 00:47:01,,jorge.salinas
PED-000028,CLI-0009,1555.97,0,0,1,2,2026-01-02 12:47:44,,2026-01-03 02:57:44,
PED-000029,CLI-0133,6356.57,0,0,0,1,2026-01-02 20:17:43,2026-01-03 03:02:43,, ivonne.rios 
PED-000030,CLI-0019,5795.93,1,0,0,2,2026-01-02 21:16:15,,2026-01-03 07:42:15,
PED-000031,CLI-0175,4181.53,1,0,0,1,2026-01-02 00:45:57,2026-01-02 01:34:57,,luis_ramirez
PED-000032,CLI-0003,3445.61,1,0,0,1,2026-01-02 06:43:55,2026-01-02 07:18:55,,jorge.salinas
PED-000033,CLI-0117,776.54,0,1,0,1,2026-01-02 06:42:11,2026-01-02 09:45:11,,luis.ramirez
PED-000034,CLI-0186,1489.58,1,0,0,99,2026-01-02 20:44:36,2026-01-02 21:43:36,,ivonne_rios
PED-000035,CLI-0061,7976.89,0,1,0,3,2026-01-02 23:21:17,,,
PED-000036,CLI-0029,6113.45,0,0,1,1,2026-01-02 23:02:48,2026-01-03 00:20:48,,hector_paredes
PED-000037,CLI-0194,2280.34,0,1,0,2,2026-01-02 00:09:22,,2026-01-02 04:08:22,
PED-000038,CLI-0157,14548.86,0,0,1,2,2026-01-02 15:13:23,,2026-01-02 21:40:23,
PED-000039,CLI-0047,1889.05,0,1,0,2,2026-01-02 11:06:43,,2026-01-03 08:09:43,
PED-000040,CLI-0091,13513.91,0,0,1,1,2026-01-02 06:57:23,2026-01-02 13:22:23,, paola.herrera 
PED-000041,CLI-0119,25673.69,1,0,0,1,2026-01-02 06:26:54,2026-01-02 06:36:54,, karla.mendez 
PED-000042,CLI-0165,3941.24,0,0,1,2,2026-01-02 04:36:54,,2026-01-02 07:37:54,
PED-000043,CLI-0119,3966.52,0,0,1,99,2026-01-03 13:51:28,2026-01-03 13:53:28,, luis.ramirez 
PED-000044,CLI-0079,5155.61,0,0,1,2,2026-01-03 19:16:27,,2026-01-04 00:43:27,
PED-000045,CLI-0084,61862.87,0,0,1,4,2026-01-03 12:52:34,2026-01-03 13:50:34,,ana.torres
PED-000046,CLI-0075,1805.93,0,1,0,99,2026-01-03 00:10:11,,2026-01-03 00:40:11,
PED-000047,CLI-0185,11324.17,0,0,1,99,2026-01-03 09:41:53,,2026-01-04 08:16:53,
PED-000048,CLI-0161,5152.41,1,0,0,2,2026-01-03 07:41:48,,2026-01-03 09:36:48,
PED-000049,CLI-0128,18478.12,0,1,0,1,2026-01-03 19:49:31,2026-01-03 20:53:31,,diego_castillo
PED-000050,CLI-0074,6602.45,0,1,0,1,2026-01-03 01:28:01,2026-01-03 02:20:01,,luis_ramirez
PED-000051,CLI-0076,3637.27,0,1,0,2,2026-01-03 10:24:48,,2026-01-03 14:27:48,
PED-000052,CLI-0097,7296.7,0,0,1,2,2026-01-03 20:30:02,,2026-01-04 17:56:02,
PED-000053,CLI-0041,5218.11,0,1,0,1,2026-01-03 04:51:23,2026-01-03 08:45:23,,IVONNE.RIOS
PED-000054,CLI-0017,14102.71,0,0,1,1,2026-01-03 12:04:45,2026-01-03 19:26:45,,ivonne_rios
PED-000055,CLI-0160,3082.66,0,0,0,1,2026-01-03 17:21:43,2026-01-03 20:17:43,,luis.ramirez
PED-000056,CLI-0113,2686.44,0,1,0,1,2026-01-03 02:09:45,2026-01-03 04:38:45,,KARLA.MENDEZ
PED-000057,CLI-0094,5243.95,0,1,0,99,2026-01-03 11:25:20,,2026-01-03 20:52:20,
PED-000058,CLI-0132,8365.03,0,0,0,1,2026-01-03 05:39:25,2026-01-03 06:31:25,, diego.castillo 
PED-000059,CLI-0155,12856.75,0,1,0,2,2026-01-03 22:07:08,,2026-01-05 00:12:08,
PED-000060,CLI-0188,4303.67,0,0,1,1,2026-01-03 15:13:40,2026-01-03 15:45:40,,KARLA.MENDEZ
PED-000061,CLI-0146,2344.85,0,1,0,99,2026-01-04 03:04:12,,2026-01-04 07:55:12,
PED-000062,CLI-0076,10626.59,0,0,0,3,2026-01-04 03:21:29,,,
PED-000063,CLI-0003,809.83,0,1,0,1,2026-01-04 06:30:11,2026-01-04 14:22:11,,ivonne_rios
PED-000064,CLI-0184,1163.11,0,0,1,99,2026-01-04 17:20:31,2026-01-04 17:32:31,,ivonne_rios
PED-000065,CLI-0022,5161.17,0,0,0,1,2026-01-04 13:04:39,2026-01-04 17:19:39,,LUIS.RAMIREZ
PED-000066,CLI-0134,9741.2,0,1,0,2,2026-01-04 00:34:30,,2026-01-04 01:09:30,
PED-000067,CLI-0132,5867.0,0,0,1,99,2026-01-04 05:54:07,2026-01-04 17:33:07,, karla.mendez 
PED-000068,CLI-0002,817.5,0,0,1,2,2026-01-04 00:07:52,,2026-01-04 03:40:52,
PED-000069,CLI-0170,9647.85,0,0,1,2,2026-01-04 06:54:25,,2026-01-05 05:04:25,
PED-000070,CLI-0150,4618.27,1,0,0,1,2026-01-04 20:18:25,2026-01-04 21:42:25,,monica_vega
PED-000071,CLI-0142,1296.62,0,0,1,1,2026-01-04 02:03:52,2026-01-04 06:30:52,,IVONNE.RIOS
PED-000072,CLI-0142,1926.6,0,0,1,1,2026-01-04 17:59:10,2026-01-05 06:48:10,, monica.vega 
PED-000073,CLI-0128,1876.61,0,0,1,1,2026-01-04 08:54:27,2026-01-04 11:32:27,, ana.torres 
PED-000074,CLI-0130,3610.11,0,0,0,1,2026-01-04 10:43:01,2026-01-04 11:38:01,, luis.ramirez 
PED-000075,CLI-0027,6727.09,0,1,0,1,2026-01-04 03:47:24,2026-01-04 03:57:24,,luis.ramirez
PED-000076,CLI-0082,6632.67,0,0,1,99,2026-01-04 02:14:30,2026-01-04 05:45:30,,JORGE.SALINAS
PED-000077,CLI-0046,3252.54,0,0,1,1,2026-01-04 22:46:45,2026-01-04 23:32:45,,DIEGO.CASTILLO
PED-000078,CLI-0158,3805.0,1,0,0,99,2026-01-04 08:25:15,2026-01-04 08:40:15,,DIEGO.CASTILLO
PED-000079,CLI-0178,50914.67,0,1,0,1,2026-01-04 04:43:38,2026-01-04 11:34:38,,paola_herrera
PED-000080,CLI-0105,7239.24,1,0,0,2,2026-01-05 17:36:05,,2026-01-06 00:00:05,
PED-000081,CLI-0067,13052.8,0,0,1,1,2026-01-05 00:59:59,2026-01-05 01:34:59,,luis_ramirez
PED-000082,CLI-0063,3633.51,1,0,0,2,2026-01-05 17:32:19,,2026-01-07 10:05:19,
PED-000083,CLI-0192,2572.07,0,0,1,1,2026-01-05 09:57:54,2026-01-05 12:52:54,,jorge_salinas
PED-000084,CLI-0129,7469.42,0,0,1,4,2026-01-05 10:47:23,2026-01-05 13:51:23,,sergio.nunez
PED-000085,CLI-0198,8968.68,0,1,0,99,2026-01-05 16:11:56,2026-01-05 16:57:56,,karla.mendez
PED-000086,CLI-0017,4137.27,0,0,0,1,2026-01-05 04:48:41,2026-01-05 06:45:41,, ivonne.rios 
PED-000087,CLI-0009,3548.95,0,1,0,1,2026-01-05 00:59:22,2026-01-05 05:05:22,,paola.herrera
PED-000088,CLI-0049,13808.39,0,1,0,1,2026-01-05 04:37:17,2026-01-05 05:11:17,, karla.mendez 
PED-000089,CLI-0128,3912.61,0,1,0,2,2026-01-05 20:29:56,,2026-01-05 21:27:56,
PED-000090,CLI-0074,8923.11,0,1,0,2,2026-01-05 17:23:55,,2026-01-06 06:34:55,
PED-000091,CLI-0154,4544.24,0,0,0,99,2026-01-05 12:45:08,,2026-01-06 01:48:08,
PED-000092,CLI-0127,2208.53,0,0,1,1,2026-01-05 02:53:02,2026-01-05 10:39:02,,ivonne_rios
PED-000093,CLI-0068,4256.99,0,0,1,2,2026-01-05 00:12:18,,2026-01-05 07:58:18,
PED-000094,CLI-0127,4623.09,0,1,0,1,2026-01-05 10:05:11,2026-01-05 15:01:11,,jorge_salinas
PED-000095,CLI-0125,3915.64,0,1,0,2,2026-01-05 19:15:58,,2026-01-06 14:28:58,
PED-000096,CLI-0089,1872.59,1,0,0,1,2026-01-05 06:50:00,2026-01-05 09:33:00,,hector.paredes
PED-000097,CLI-0150,1635.76,0,0,0,1,2026-01-05 23:04:35,2026-01-06 03:27:35,,monica.vega
PED-000098,CLI-0093,3356.84,0,0,1,1,2026-01-05 00:06:47,2026-01-05 08:22:47,,luis.ramirez
PED-000099,CLI-0159,2793.84,0,0,1,2,2026-01-06 01:46:36,,2026-01-07 05:14:36,
PED-000100,CLI-0136,1078.11,0,0,1,1,2026-01-06 10:40:02,2026-01-06 10:53:02,,ivonne.rios
PED-000101,CLI-0155,1549.41,0,0,0,2,2026-01-06 15:46:07,,2026-01-06 15:47:07,
PED-000102,CLI-0006,5058.86,0,0,0,99,2026-01-06 02:26:44,2026-01-06 05:24:44,,monica_vega
PED-000103,CLI-0180,1926.52,0,1,0,2,2026-01-06 16:47:44,,2026-01-06 20:59:44,
PED-000104,CLI-0178,859.93,0,0,1,1,2026-01-06 18:42:38,2026-01-06 20:37:38,,ivonne_rios
PED-000105,CLI-0017,1280.54,0,0,1,2,2026-01-06 16:18:13,,2026-01-07 01:38:13,
PED-000106,CLI-0100,1035.25,0,1,0,1,2026-01-06 12:49:12,2026-01-06 14:46:12,,LUIS.RAMIREZ
PED-000107,CLI-0127,8337.62,0,0,1,1,2026-01-06 02:28:20,2026-01-06 03:28:20,,jorge.salinas
PED-000108,CLI-0180,4837.69,0,0,0,1,2026-01-06 10:47:34,2026-01-06 14:16:34,, paola.herrera 
PED-000109,CLI-0066,3070.37,0,0,0,2,2026-01-06 13:27:04,,2026-01-06 19:30:04,
PED-000110,CLI-0175,1502.45,0,0,1,99,2026-01-06 14:52:38,2026-01-06 15:22:38,, monica.vega 
PED-000111,CLI-0199,4229.19,1,0,0,1,2026-01-06 01:27:18,2026-01-06 05:23:18,,diego.castillo
PED-000112,CLI-0021,3321.37,0,0,0,1,2026-01-06 06:08:09,2026-01-06 08:02:09,, ivonne.rios 
PED-000113,CLI-0009,3939.52,0,1,0,1,2026-01-06 07:39:17,2026-01-07 05:48:17,, hector.paredes 
PED-000114,CLI-0023,4101.08,0,1,0,99,2026-01-06 13:43:53,2026-01-06 13:54:53,,ana.torres
PED-000115,CLI-0084,2165.66,0,1,0,4,2026-01-06 18:39:37,2026-01-06 20:22:37,,ANA.TORRES
PED-000116,CLI-0067,4861.6,0,0,0,1,2026-01-06 06:57:35,2026-01-06 09:03:35,,LUIS.RAMIREZ
PED-000117,CLI-0096,4507.23,1,0,0,1,2026-01-06 13:13:40,2026-01-06 15:06:40,,sergio.nunez
PED-000118,CLI-0143,9804.39,0,0,1,99,2026-01-06 08:00:01,2026-01-06 14:18:01,,karla.mendez
PED-000119,CLI-0007,6312.77,0,0,1,99,2026-01-06 14:29:10,2026-01-06 14:42:10,,ana.torres
PED-000120,CLI-0001,14313.42,0,0,1,1,2026-01-06 16:57:01,2026-01-07 07:56:01,, monica.vega 
PED-000121,CLI-0091,2199.93,1,0,0,1,2026-01-07 10:59:15,2026-01-07 16:58:15,,luis_ramirez
PED-000122,CLI-0121,2145.73,0,0,1,1,2026-01-07 21:49:34,2026-01-08 05:15:34,,HECTOR.PAREDES
PED-000123,CLI-0004,8718.61,0,0,1,1,2026-01-07 12:22:10,2026-01-07 13:17:10,, paola.herrera 
PED-000124,CLI-0119,23297.37,1,0,0,1,2026-01-07 15:49:11,2026-01-08 00:46:11,,SERGIO.NUNEZ
PED-000125,CLI-0001,7025.43,0,1,0,99,2026-01-07 18:38:02,2026-01-07 22:55:02,, luis.ramirez 
PED-000126,CLI-0199,4965.66,0,1,0,99,2026-01-07 13:16:50,,2026-01-08 04:38:50,
PED-000127,CLI-0059,4290.05,0,1,0,1,2026-01-07 09:57:40,2026-01-07 14:15:40,,DIEGO.CASTILLO
PED-000128,CLI-0051,12041.7,0,0,1,1,2026-01-07 23:26:27,2026-01-08 00:02:27,,ivonne.rios
PED-000129,CLI-0111,6914.33,0,0,1,2,2026-01-07 04:26:45,,2026-01-07 15:43:45,
PED-000130,CLI-0160,3687.87,0,0,0,1,2026-01-07 06:25:27,2026-01-07 06:28:27,,SERGIO.NUNEZ
PED-000131,CLI-0030,6504.88,0,0,1,1,2026-01-07 10:16:20,2026-01-07 12:14:20,, paola.herrera 
PED-000132,CLI-0176,1726.98,0,0,1,1,2026-01-07 06:22:09,2026-01-07 11:57:09,,luis_ramirez
PED-000133,CLI-0104,443.39,1,0,0,2,2026-01-07 09:54:43,,2026-01-07 13:09:43,
PED-000134,CLI-0021,2495.88,0,0,0,2,2026-01-07 10:39:54,,2026-01-07 14:15:54,
PED-000135,CLI-0041,3632.42,1,0,0,0,2026-01-07 00:04:40,,,
PED-000136,CLI-0117,5530.05,0,0,0,1,2026-01-07 19:19:10,2026-01-08 01:50:10,,sergio_nunez
PED-000137,CLI-0079,3162.84,0,0,0,1,2026-01-07 00:14:40,2026-01-07 00:44:40,, monica.vega 
PED-000138,CLI-0033,859.83,0,1,0,3,2026-01-07 07:58:27,,,
PED-000139,CLI-0038,5300.64,1,0,0,1,2026-01-07 04:45:24,2026-01-07 04:56:24,,ana.torres
PED-000140,CLI-0131,6316.86,0,0,1,1,2026-01-07 01:22:08,2026-01-07 06:25:08,,PAOLA.HERRERA
PED-000141,CLI-0023,4028.42,0,0,1,2,2026-01-07 21:12:24,,2026-01-08 19:20:24,
PED-000142,CLI-0181,1808.05,0,0,0,3,2026-01-07 18:32:39,,,
PED-000143,CLI-0124,3333.55,0,0,1,1,2026-01-07 09:50:34,2026-01-07 12:04:34,,luis_ramirez
PED-000144,CLI-0034,3712.38,0,0,1,99,2026-01-07 12:30:14,,2026-01-07 16:23:14,
PED-000145,CLI-0155,1233.88,0,0,1,1,2026-01-07 12:34:36,2026-01-07 16:41:36,,SERGIO.NUNEZ
PED-000146,CLI-0083,4012.27,0,0,1,1,2026-01-07 14:28:50,2026-01-07 14:54:50,,hector_paredes
PED-000147,CLI-0050,13929.4,1,0,0,99,2026-01-07 04:26:44,,2026-01-07 12:15:44,
PED-000148,CLI-0178,904.41,0,0,1,99,2026-01-07 12:50:12,2026-01-07 17:03:12,,DIEGO.CASTILLO
PED-000149,CLI-0026,7132.47,0,1,0,1,2026-01-08 06:46:23,2026-01-08 07:57:23,, paola.herrera 
PED-000150,CLI-0051,6494.16,0,0,0,4,2026-01-08 02:08:45,2026-01-08 03:04:45,,PAOLA.HERRERA
PED-000151,CLI-0081,10913.49,0,0,0,1,2026-01-08 09:07:23,2026-01-08 11:46:23,,luis.ramirez
PED-000152,CLI-0038,6936.81,0,0,0,2,2026-01-08 15:51:02,,2026-01-09 03:57:02,
PED-000153,CLI-0159,1726.44,0,0,0,1,2026-01-08 20:08:27,2026-01-08 20:36:27,,LUIS.RAMIREZ
PED-000154,CLI-0151,21061.18,1,0,0,2,2026-01-08 01:17:53,,2026-01-08 12:15:53,
PED-000155,CLI-0092,1439.04,0,0,1,1,2026-01-08 06:53:34,2026-01-08 07:01:34,, monica.vega 
PED-000156,CLI-0031,6007.78,0,1,0,2,2026-01-08 10:25:02,,2026-01-08 15:16:02,
PED-000157,CLI-0036,3391.06,0,1,0,1,2026-01-08 09:56:04,2026-01-08 12:31:04,,sergio_nunez
PED-000158,CLI-0170,1388.75,0,0,1,2,2026-01-08 23:40:06,,2026-01-09 03:29:06,
PED-000159,CLI-0074,3182.71,0,1,0,99,2026-01-08 06:39:57,2026-01-08 08:14:57,,hector_paredes
PED-000160,CLI-0084,9800.03,0,1,0,99,2026-01-08 09:27:40,2026-01-08 16:49:40,, paola.herrera 
PED-000161,CLI-0134,8695.14,0,0,1,1,2026-01-08 09:39:54,2026-01-08 12:02:54,, jorge.salinas 
PED-000162,CLI-0173,1617.55,0,0,1,1,2026-01-08 17:35:36,2026-01-08 21:18:36,,monica.vega
PED-000163,CLI-0135,3841.18,0,0,1,1,2026-01-08 21:55:01,2026-01-09 00:49:01,, monica.vega 
PED-000164,CLI-0041,737.19,0,1,0,0,2026-01-08 17:47:49,,,
PED-000165,CLI-0052,12594.04,0,1,0,0,2026-01-08 17:53:33,,,
PED-000166,CLI-0138,3056.04,0,0,1,99,2026-01-08 10:34:08,,2026-01-09 04:05:08,
PED-000167,CLI-0098,9042.23,0,0,0,1,2026-01-08 08:42:05,2026-01-08 10:46:05,,paola_herrera
PED-000168,CLI-0049,8009.11,0,0,0,2,2026-01-09 19:25:10,,2026-01-10 04:48:10,
PED-000169,CLI-0049,5424.51,1,0,0,1,2026-01-09 00:30:06,2026-01-09 02:40:06,,sergio_nunez
PED-000170,CLI-0164,7333.84,0,0,1,1,2026-01-09 15:12:39,2026-01-09 15:58:39,,karla_mendez
PED-000171,CLI-0034,1872.88,0,0,1,2,2026-01-09 13:42:12,,2026-01-10 06:25:12,
PED-000172,CLI-0085,1802.35,1,0,0,1,2026-01-09 05:37:42,2026-01-09 06:55:42,,LUIS.RAMIREZ
PED-000173,CLI-0055,6120.37,0,0,0,1,2026-01-09 21:03:56,2026-01-10 01:22:56,,HECTOR.PAREDES
PED-000174,CLI-0111,1225.05,0,0,1,1,2026-01-09 05:21:59,2026-01-09 07:01:59,,monica_vega
PED-000175,CLI-0138,2723.17,0,1,0,0,2026-01-09 07:04:54,,,
PED-000176,CLI-0085,11805.22,1,0,0,99,2026-01-09 02:32:35,2026-01-09 05:09:35,,ANA.TORRES
PED-000177,CLI-0135,9234.03,0,0,1,2,2026-01-09 08:50:58,,2026-01-09 20:40:58,
PED-000178,CLI-0084,18744.55,0,0,1,2,2026-01-09 22:28:32,,2026-01-10 01:57:32,
PED-000179,CLI-0107,5276.88,0,0,1,4,2026-01-09 05:19:37,2026-01-09 05:40:37,, ivonne.rios 
PED-000180,CLI-0011,2502.81,0,0,1,2,2026-01-09 12:14:26,,2026-01-09 13:31:26,
PED-000181,CLI-0165,4498.05,1,0,0,1,2026-01-09 08:06:50,2026-01-09 23:17:50,, monica.vega 
PED-000182,CLI-0164,4236.77,0,0,1,2,2026-01-09 10:54:54,,2026-01-09 15:25:54,
PED-000183,CLI-0044,4931.59,0,1,0,1,2026-01-09 07:51:17,2026-01-09 14:37:17,, sergio.nunez 
PED-000184,CLI-0080,3477.88,0,0,1,1,2026-01-10 23:05:02,2026-01-11 00:10:02,,LUIS.RAMIREZ
PED-000185,CLI-0196,9209.91,0,1,0,1,2026-01-10 20:29:20,2026-01-10 23:37:20,,luis.ramirez
PED-000186,CLI-0114,3544.19,0,0,1,1,2026-01-10 10:54:27,2026-01-10 16:15:27,,LUIS.RAMIREZ
PED-000187,CLI-0098,3392.85,1,0,0,1,2026-01-10 09:12:53,2026-01-10 10:32:53,, ivonne.rios 
PED-000188,CLI-0055,1164.23,1,0,0,1,2026-01-10 06:55:17,2026-01-10 09:09:17,,paola.herrera
PED-000189,CLI-0043,2391.82,0,1,0,1,2026-01-10 03:53:59,2026-01-10 03:53:59,,JORGE.SALINAS
PED-000190,CLI-0188,4329.08,0,0,1,4,2026-01-10 18:33:53,2026-01-10 20:03:53,,monica.vega
PED-000191,CLI-0020,1627.5,0,1,0,1,2026-01-10 08:09:40,2026-01-10 09:25:40,,karla.mendez
PED-000192,CLI-0085,4482.08,0,0,1,2,2026-01-10 02:30:41,,2026-01-10 15:24:41,
PED-000193,CLI-0042,38310.13,0,0,1,1,2026-01-10 08:15:05,2026-01-10 10:06:05,, jorge.salinas 
PED-000194,CLI-0025,1421.96,0,0,1,1,2026-01-10 00:46:32,2026-01-10 05:34:32,, hector.paredes 
PED-000195,CLI-0151,7114.46,1,0,0,3,2026-01-10 23:06:10,,,
PED-000196,CLI-0035,2924.91,0,0,1,1,2026-01-10 05:02:21,2026-01-10 07:35:21,,paola.herrera
PED-000197,CLI-0117,628.7,0,1,0,1,2026-01-10 07:49:29,2026-01-10 11:37:29,,paola.herrera
PED-000198,CLI-0065,19864.55,0,0,1,2,2026-01-10 15:42:36,,2026-01-11 05:23:36,
PED-000199,CLI-0187,12586.57,0,0,1,1,2026-01-10 13:51:27,2026-01-10 15:41:27,,jorge.salinas
PED-000200,CLI-0111,19247.06,0,1,0,1,2026-01-10 18:33:02,2026-01-11 00:13:02,, jorge.salinas 
PED-000201,CLI-0078,23521.81,0,0,1,1,2026-01-10 23:17:08,2026-01-11 03:12:08,,jorge.salinas
PED-000202,CLI-0113,4429.54,1,0,0,2,2026-01-10 18:43:54,,2026-01-11 12:09:54,
PED-000203,CLI-0120,19599.69,0,1,0,2,2026-01-10 04:21:18,,2026-01-10 10:45:18,
PED-000204,CLI-0006,2864.72,0,0,1,1,2026-01-11 22:06:42,2026-01-12 02:42:42,,DIEGO.CASTILLO
PED-000205,CLI-0067,10059.32,0,1,0,1,2026-01-11 03:37:29,2026-01-11 04:00:29,,ivonne.rios
PED-000206,CLI-0100,5725.79,0,1,0,1,2026-01-11 23:43:16,2026-01-12 11:45:16,,JORGE.SALINAS
PED-000207,CLI-0176,2710.06,0,0,0,1,2026-01-11 05:46:37,2026-01-11 13:09:37,,hector.paredes
PED-000208,CLI-0074,9686.32,1,0,0,1,2026-01-11 02:48:53,2026-01-11 04:26:53,,luis.ramirez
PED-000209,CLI-0175,2676.85,1,0,0,4,2026-01-11 03:05:25,2026-01-11 05:46:25,,luis_ramirez
PED-000210,CLI-0076,14348.09,0,1,0,1,2026-01-11 22:33:36,2026-01-12 01:32:36,,DIEGO.CASTILLO
PED-000211,CLI-0038,6397.36,0,1,0,1,2026-01-11 03:16:22,2026-01-11 04:54:22,,ana_torres
PED-000212,CLI-0020,6267.21,0,0,0,2,2026-01-11 04:27:27,,2026-01-12 00:17:27,
PED-000213,CLI-0087,56368.79,0,1,0,4,2026-01-11 05:53:02,2026-01-11 07:51:02,,ANA.TORRES
PED-000214,CLI-0061,39295.29,0,0,0,1,2026-01-11 04:54:26,2026-01-11 07:49:26,,diego_castillo
PED-000215,CLI-0167,1536.57,0,0,0,1,2026-01-11 09:19:44,2026-01-11 09:39:44,,ANA.TORRES
PED-000216,CLI-0013,3397.16,0,0,0,1,2026-01-11 17:19:55,2026-01-11 22:14:55,,diego.castillo
PED-000217,CLI-0063,6899.84,0,0,1,3,2026-01-11 06:55:50,,,
PED-000218,CLI-0174,1257.3,1,0,0,0,2026-01-11 16:10:28,,,
PED-000219,CLI-0180,6823.18,0,0,1,99,2026-01-11 08:41:13,2026-01-11 10:14:13,,hector.paredes
PED-000220,CLI-0079,3693.41,0,1,0,4,2026-01-11 10:30:38,2026-01-11 12:11:38,,SERGIO.NUNEZ
PED-000221,CLI-0016,2155.46,1,0,0,2,2026-01-11 17:22:20,,2026-01-12 00:21:20,
PED-000222,CLI-0008,912.24,0,0,1,3,2026-01-11 02:04:56,,,
PED-000223,CLI-0031,1381.83,0,0,0,4,2026-01-11 09:12:18,2026-01-11 09:17:18,, diego.castillo 
PED-000224,CLI-0041,6187.68,0,1,0,1,2026-01-11 03:33:42,2026-01-11 06:09:42,,luis.ramirez
PED-000225,CLI-0088,16833.34,0,0,0,99,2026-01-12 15:38:43,2026-01-12 16:29:43,, ivonne.rios 
PED-000226,CLI-0131,4070.54,1,0,0,1,2026-01-12 20:23:07,2026-01-12 23:42:07,,JORGE.SALINAS
PED-000227,CLI-0038,8859.04,0,0,1,99,2026-01-12 03:53:24,2026-01-12 14:08:24,,paola.herrera
PED-000228,CLI-0096,4559.17,0,1,0,1,2026-01-12 14:07:56,2026-01-12 22:04:56,,paola_herrera
PED-000229,CLI-0197,17940.84,0,1,0,99,2026-01-12 23:21:33,2026-01-12 23:29:33,,ana_torres
PED-000230,CLI-0180,3666.56,0,1,0,2,2026-01-12 11:51:54,,2026-01-12 15:47:54,
PED-000231,CLI-0157,4434.68,0,0,1,2,2026-01-12 17:56:33,,2026-01-13 06:14:33,
PED-000232,CLI-0070,11692.05,0,1,0,0,2026-01-12 07:14:22,,,
PED-000233,CLI-0086,5096.1,1,0,0,2,2026-01-12 14:22:39,,2026-01-13 14:11:39,
PED-000234,CLI-0150,5423.72,1,0,0,1,2026-01-12 12:46:42,2026-01-12 15:18:42,,KARLA.MENDEZ
PED-000235,CLI-0059,1324.22,0,0,1,1,2026-01-12 17:34:43,2026-01-12 18:19:43,, karla.mendez 
PED-000236,CLI-0096,9895.63,1,0,0,1,2026-01-12 04:32:14,2026-01-12 05:37:14,,ivonne.rios
PED-000237,CLI-0014,4815.44,0,0,1,1,2026-01-12 09:20:16,2026-01-12 12:30:16,,KARLA.MENDEZ
PED-000238,CLI-0049,9328.03,1,0,0,1,2026-01-12 05:45:57,2026-01-12 15:17:57,, sergio.nunez 
PED-000239,CLI-0063,7699.01,0,1,0,1,2026-01-12 04:21:37,2026-01-12 08:05:37,,LUIS.RAMIREZ
PED-000240,CLI-0153,11004.34,0,0,1,1,2026-01-12 08:46:18,2026-01-12 09:51:18,,luis_ramirez
PED-000241,CLI-0100,861.71,0,1,0,0,2026-01-12 08:45:32,,,
PED-000242,CLI-0004,3354.25,0,0,0,1,2026-01-12 10:35:07,2026-01-12 11:03:07,,ivonne_rios
PED-000243,CLI-0022,6492.82,0,0,1,1,2026-01-12 11:14:53,2026-01-12 22:53:53,,paola.herrera
PED-000244,CLI-0159,2127.63,1,0,0,2,2026-01-12 04:43:21,,2026-01-12 18:55:21,
PED-000245,CLI-0069,4471.76,0,0,1,1,2026-01-12 03:50:52,2026-01-12 09:46:52,, jorge.salinas 
PED-000246,CLI-0081,1199.48,0,0,1,1,2026-01-12 14:45:01,2026-01-13 01:46:01,,karla.mendez
PED-000247,CLI-0137,9841.66,0,0,1,2,2026-01-12 00:04:32,,2026-01-12 03:47:32,
PED-000248,CLI-0183,2356.85,0,0,1,2,2026-01-12 22:06:43,,2026-01-13 03:19:43,
PED-000249,CLI-0051,5686.52,0,0,0,1,2026-01-12 23:02:53,2026-01-13 09:01:53,,karla_mendez
PED-000250,CLI-0115,1328.44,0,0,1,1,2026-01-12 14:35:57,2026-01-12 14:36:57,,sergio_nunez
PED-000251,CLI-0008,4282.43,0,0,1,2,2026-01-12 21:11:27,,2026-01-12 22:23:27,
PED-000252,CLI-0083,595.91,1,0,0,1,2026-01-12 03:22:04,2026-01-12 06:08:04,,jorge_salinas
PED-000253,CLI-0173,2548.81,0,1,0,0,2026-01-12 17:47:07,,,
PED-000254,CLI-0081,20332.82,0,0,0,99,2026-01-12 15:39:44,,2026-01-13 09:26:44,
PED-000255,CLI-0058,1367.05,0,1,0,1,2026-01-12 23:16:05,2026-01-13 00:55:05,,ANA.TORRES
PED-000256,CLI-0189,3916.15,0,0,1,99,2026-01-13 12:55:57,2026-01-13 13:00:57,,IVONNE.RIOS
PED-000257,CLI-0128,6578.82,1,0,0,1,2026-01-13 22:19:07,2026-01-13 22:33:07,,karla.mendez
PED-000258,CLI-0043,13613.91,0,0,0,2,2026-01-13 03:51:31,,2026-01-13 04:55:31,
PED-000259,CLI-0026,1639.44,0,0,0,99,2026-01-13 12:33:09,2026-01-13 19:54:09,,ana_torres
PED-000260,CLI-0188,11806.87,1,0,0,2,2026-01-13 03:48:59,,2026-01-13 07:14:59,
PED-000261,CLI-0101,559.65,1,0,0,1,2026-01-13 23:37:43,2026-01-14 00:41:43,, sergio.nunez 
PED-000262,CLI-0117,2631.41,0,0,1,2,2026-01-13 12:07:24,,2026-01-13 12:52:24,
PED-000263,CLI-0193,3972.69,0,1,0,1,2026-01-13 18:34:59,2026-01-13 21:00:59,, sergio.nunez 
PED-000264,CLI-0198,1825.99,0,0,0,4,2026-01-13 19:32:26,2026-01-13 22:24:26,,HECTOR.PAREDES
PED-000265,CLI-0083,6334.46,0,0,0,2,2026-01-13 14:20:13,,2026-01-13 23:17:13,
PED-000266,CLI-0196,7368.86,0,0,0,2,2026-01-13 14:38:29,,2026-01-13 20:03:29,
PED-000267,CLI-0143,2556.99,0,1,0,1,2026-01-13 05:38:58,2026-01-13 09:03:58,,monica.vega
PED-000268,CLI-0100,8744.61,0,0,1,99,2026-01-13 14:31:49,,2026-01-13 14:49:49,
PED-000269,CLI-0080,3037.13,0,0,0,2,2026-01-13 20:11:22,,2026-01-13 22:32:22,
PED-000270,CLI-0156,5770.9,1,0,0,99,2026-01-13 12:35:40,2026-01-13 13:13:40,, ivonne.rios 
PED-000271,CLI-0149,1780.84,0,0,1,1,2026-01-13 19:05:33,2026-01-14 01:03:33,, karla.mendez 
PED-000272,CLI-0163,6209.45,0,0,1,1,2026-01-13 02:28:04,2026-01-13 04:32:04,,paola.herrera
PED-000273,CLI-0116,1975.52,0,0,1,99,2026-01-13 23:18:44,,2026-01-14 06:27:44,
PED-000274,CLI-0198,12614.27,0,0,1,99,2026-01-14 19:52:10,2026-01-14 20:00:10,,LUIS.RAMIREZ
PED-000275,CLI-0027,3052.31,1,0,0,2,2026-01-14 00:43:21,,2026-01-14 18:05:21,
PED-000276,CLI-0177,4052.39,0,1,0,2,2026-01-14 09:49:26,,2026-01-15 02:43:26,
PED-000277,CLI-0070,4143.93,0,1,0,99,2026-01-14 16:54:34,,2026-01-14 19:40:34,
PED-000278,CLI-0172,7753.7,0,0,1,4,2026-01-14 10:07:34,2026-01-14 12:21:34,,luis_ramirez
PED-000279,CLI-0060,10977.14,0,0,1,99,2026-01-14 21:09:25,2026-01-15 01:30:25,,SERGIO.NUNEZ
PED-000280,CLI-0028,22901.31,0,1,0,99,2026-01-14 05:58:08,2026-01-14 10:07:08,,karla.mendez
PED-000281,CLI-0018,1898.01,0,1,0,1,2026-01-14 14:49:03,2026-01-14 15:33:03,, monica.vega 
PED-000282,CLI-0089,3273.95,1,0,0,2,2026-01-14 07:56:08,,2026-01-14 19:19:08,
PED-000283,CLI-0121,6420.33,0,1,0,99,2026-01-14 12:58:19,2026-01-14 15:42:19,,paola_herrera
PED-000284,CLI-0015,548.54,0,1,0,2,2026-01-14 02:52:48,,2026-01-14 11:14:48,
PED-000285,CLI-0020,1172.85,0,0,0,4,2026-01-14 13:22:38,2026-01-14 15:19:38,,PAOLA.HERRERA
PED-000286,CLI-0031,928.02,1,0,0,1,2026-01-14 15:30:29,2026-01-14 16:32:29,,paola.herrera
PED-000287,CLI-0152,7318.85,0,1,0,1,2026-01-14 23:12:11,2026-01-15 02:04:11,, luis.ramirez 
PED-000288,CLI-0182,5093.52,0,1,0,2,2026-01-14 05:59:59,,2026-01-14 14:01:59,
PED-000289,CLI-0051,3242.45,0,0,1,99,2026-01-14 08:23:42,,,
PED-000290,CLI-0106,737.36,0,1,0,2,2026-01-14 02:37:28,,2026-01-14 09:15:28,
PED-000291,CLI-0167,10662.38,0,0,1,0,2026-01-15 16:02:09,,,
PED-000292,CLI-0113,5175.39,1,0,0,1,2026-01-15 22:03:48,2026-01-16 02:45:48,,HECTOR.PAREDES
PED-000293,CLI-0026,18591.34,0,0,1,1,2026-01-15 13:49:00,2026-01-15 15:09:00,,monica_vega
PED-000294,CLI-0171,785.28,0,0,1,2,2026-01-15 12:46:39,,2026-01-15 21:48:39,
PED-000295,CLI-0013,2758.97,0,0,1,4,2026-01-15 04:14:39,2026-01-15 04:51:39,,ana_torres
PED-000296,CLI-0089,12573.78,0,0,1,1,2026-01-15 22:09:18,2026-01-16 02:30:18,,DIEGO.CASTILLO
PED-000297,CLI-0181,6379.83,1,0,0,1,2026-01-15 09:11:01,2026-01-15 10:19:01,,ana_torres
PED-000298,CLI-0031,2964.23,0,0,1,2,2026-01-15 16:21:38,,2026-01-15 20:56:38,
PED-000299,CLI-0045,9479.11,0,1,0,4,2026-01-15 23:01:56,2026-01-16 00:14:56,,hector_paredes
PED-000300,CLI-0123,5384.62,1,0,0,1,2026-01-15 02:30:56,2026-01-15 04:43:56,,JORGE.SALINAS
PED-000301,CLI-0050,12358.03,1,0,0,4,2026-01-15 12:31:45,2026-01-15 20:14:45,,ivonne_rios
PED-000302,CLI-0186,7388.77,0,1,0,1,2026-01-15 20:45:15,2026-01-16 00:31:15,,karla_mendez
PED-000303,CLI-0186,8580.05,0,0,1,3,2026-01-15 14:36:21,,,
PED-000304,CLI-0153,7272.92,0,0,0,0,2026-01-15 20:57:11,,,
PED-000305,CLI-0115,14346.7,1,0,0,1,2026-01-15 18:56:39,2026-01-15 20:51:39,,ana_torres
PED-000306,CLI-0148,12384.68,0,0,1,2,2026-01-15 15:54:14,,2026-01-15 21:05:14,
PED-000307,CLI-0102,2907.93,0,0,1,2,2026-01-15 17:20:44,,2026-01-15 18:02:44,
PED-000308,CLI-0035,3417.85,0,0,1,2,2026-01-15 23:16:47,,2026-01-16 01:59:47,
PED-000309,CLI-0044,4769.68,0,0,0,2,2026-01-15 02:20:59,,2026-01-15 03:49:59,
PED-000310,CLI-0031,5352.63,0,0,0,4,2026-01-15 14:09:21,2026-01-15 16:50:21,,monica_vega
PED-000311,CLI-0058,2243.75,0,0,1,1,2026-01-15 16:06:06,2026-01-15 20:30:06,,MONICA.VEGA
PED-000312,CLI-0131,1954.57,0,1,0,1,2026-01-15 00:36:47,2026-01-15 05:01:47,, ivonne.rios 
PED-000313,CLI-0010,3851.41,0,1,0,1,2026-01-15 08:28:21,2026-01-15 10:01:21,,IVONNE.RIOS
PED-000314,CLI-0123,3974.88,0,0,1,1,2026-01-16 05:02:22,2026-01-16 05:52:22,,paola_herrera
PED-000315,CLI-0079,5976.23,0,0,1,1,2026-01-16 07:53:19,2026-01-16 11:39:19,, monica.vega 
PED-000316,CLI-0069,2422.66,0,1,0,1,2026-01-16 00:08:26,2026-01-16 03:03:26,,jorge.salinas
PED-000317,CLI-0153,8028.8,1,0,0,1,2026-01-16 17:42:44,2026-01-16 22:55:44,,LUIS.RAMIREZ
PED-000318,CLI-0158,3048.06,0,1,0,3,2026-01-16 18:28:19,,,
PED-000319,CLI-0004,6165.16,0,1,0,1,2026-01-16 08:47:41,2026-01-16 14:06:41,,PAOLA.HERRERA
PED-000320,CLI-0169,1574.85,0,0,1,0,2026-01-16 02:28:10,,,
PED-000321,CLI-0019,20561.94,0,0,1,1,2026-01-16 00:26:48,2026-01-16 06:08:48,,LUIS.RAMIREZ
PED-000322,CLI-0172,2413.93,0,1,0,1,2026-01-16 00:12:04,2026-01-16 01:28:04,,hector_paredes
PED-000323,CLI-0038,5912.77,0,0,0,1,2026-01-16 03:05:36,2026-01-16 08:37:36,,KARLA.MENDEZ
PED-000324,CLI-0135,9539.09,0,0,1,1,2026-01-16 04:47:39,2026-01-16 06:37:39,,ana_torres
PED-000325,CLI-0171,27578.74,0,0,1,1,2026-01-16 12:09:22,2026-01-16 12:59:22,,JORGE.SALINAS
PED-000326,CLI-0025,1788.87,0,0,0,1,2026-01-16 06:22:46,2026-01-16 09:45:46,,karla_mendez
PED-000327,CLI-0150,8306.53,0,0,1,2,2026-01-16 16:16:58,,2026-01-18 01:31:58,
PED-000328,CLI-0104,1336.35,1,0,0,1,2026-01-16 03:37:29,2026-01-16 04:06:29,,SERGIO.NUNEZ
PED-000329,CLI-0036,4773.79,0,1,0,2,2026-01-16 18:45:58,,2026-01-16 20:51:58,
PED-000330,CLI-0056,828.84,0,0,1,1,2026-01-16 06:12:41,2026-01-16 06:17:41,, ana.torres 
PED-000331,CLI-0006,705.98,0,0,1,1,2026-01-16 21:53:55,2026-01-16 22:08:55,,jorge_salinas
PED-000332,CLI-0063,9890.85,0,0,0,1,2026-01-16 06:59:44,2026-01-16 10:55:44,,sergio.nunez
PED-000333,CLI-0169,10269.03,0,0,0,2,2026-01-17 17:36:07,,2026-01-18 09:05:07,
PED-000334,CLI-0062,965.52,0,0,0,0,2026-01-17 18:20:39,,,
PED-000335,CLI-0019,9844.68,0,1,0,2,2026-01-17 00:52:16,,2026-01-17 12:12:16,
PED-000336,CLI-0009,2396.25,0,0,0,1,2026-01-17 19:16:06,2026-01-17 20:34:06,,monica.vega
PED-000337,CLI-0054,3892.13,0,0,1,2,2026-01-17 11:06:08,,2026-01-17 11:23:08,
PED-000338,CLI-0052,8100.1,0,0,1,1,2026-01-17 20:39:59,2026-01-17 21:46:59,, ivonne.rios 
PED-000339,CLI-0052,3067.46,0,0,1,1,2026-01-17 01:11:34,2026-01-17 02:16:34,,luis.ramirez
PED-000340,CLI-0034,2394.85,0,0,0,1,2026-01-17 00:10:55,2026-01-17 00:35:55,,sergio_nunez
PED-000341,CLI-0145,3644.77,0,0,1,4,2026-01-17 07:16:47,2026-01-17 08:55:47,, diego.castillo 
PED-000342,CLI-0133,3540.63,1,0,0,1,2026-01-17 08:05:11,2026-01-17 09:46:11,,DIEGO.CASTILLO
PED-000343,CLI-0144,8441.06,0,0,0,1,2026-01-17 09:35:46,2026-01-17 13:33:46,, hector.paredes 
PED-000344,CLI-0018,15851.87,0,0,1,1,2026-01-17 11:18:13,2026-01-17 14:25:13,,luis.ramirez
PED-000345,CLI-0084,2822.68,0,0,0,1,2026-01-17 14:01:38,2026-01-17 20:26:38,,hector_paredes
PED-000346,CLI-0131,7577.4,0,0,1,1,2026-01-17 13:13:31,2026-01-17 13:16:31,,IVONNE.RIOS
PED-000347,CLI-0132,1993.93,0,0,1,2,2026-01-17 14:07:20,,2026-01-18 17:50:20,
PED-000348,CLI-0013,30026.44,0,0,1,1,2026-01-17 11:42:58,2026-01-17 13:26:58,,luis.ramirez
PED-000349,CLI-0078,924.56,0,0,1,1,2026-01-17 13:02:29,2026-01-17 14:55:29,, karla.mendez 
PED-000350,CLI-0105,5333.27,1,0,0,1,2026-01-17 16:37:36,2026-01-18 01:27:36,, diego.castillo 
PED-000351,CLI-0092,3324.98,0,0,1,4,2026-01-17 21:53:03,2026-01-18 03:07:03,,sergio.nunez
PED-000352,CLI-0174,4964.91,0,0,1,1,2026-01-17 10:38:57,2026-01-17 18:50:57,,diego.castillo
PED-000353,CLI-0044,1826.78,1,0,0,1,2026-01-18 10:42:38,2026-01-19 01:12:38,,sergio_nunez
PED-000354,CLI-0041,1863.47,0,0,1,4,2026-01-18 18:00:46,2026-01-19 01:17:46,, monica.vega 
PED-000355,CLI-0142,2181.45,1,0,0,1,2026-01-18 11:52:32,2026-01-18 15:08:32,,IVONNE.RIOS
PED-000356,CLI-0062,2811.67,0,0,1,2,2026-01-18 05:09:06,,2026-01-18 06:14:06,
PED-000357,CLI-0001,1933.48,1,0,0,2,2026-01-18 21:34:36,,2026-01-19 05:40:36,
PED-000358,CLI-0120,1695.6,0,0,1,1,2026-01-18 05:45:45,2026-01-18 06:59:45,, paola.herrera 
PED-000359,CLI-0058,5565.74,0,0,1,1,2026-01-18 14:49:36,2026-01-18 15:49:36,,HECTOR.PAREDES
PED-000360,CLI-0081,3261.91,0,1,0,4,2026-01-18 02:25:42,2026-01-18 02:43:42,,SERGIO.NUNEZ
PED-000361,CLI-0100,1555.76,0,0,0,1,2026-01-18 07:01:54,2026-01-18 08:08:54,, karla.mendez 
PED-000362,CLI-0174,6306.04,1,0,0,1,2026-01-18 03:43:26,2026-01-18 09:22:26,,JORGE.SALINAS
PED-000363,CLI-0058,7346.62,0,0,1,1,2026-01-18 13:20:03,2026-01-18 17:22:03,,diego.castillo
PED-000364,CLI-0012,2502.38,0,0,0,1,2026-01-18 00:02:13,2026-01-18 00:05:13,,ana.torres
PED-000365,CLI-0047,6852.87,0,1,0,2,2026-01-18 17:38:22,,2026-01-19 03:26:22,
PED-000366,CLI-0101,6218.47,0,0,0,2,2026-01-18 00:40:20,,2026-01-18 00:43:20,
PED-000367,CLI-0084,7681.03,0,0,0,1,2026-01-18 06:58:23,2026-01-18 09:03:23,,paola.herrera
PED-000368,CLI-0074,15244.91,0,1,0,1,2026-01-18 08:23:46,2026-01-18 09:15:46,,diego.castillo
PED-000369,CLI-0121,12084.83,0,0,1,2,2026-01-19 05:05:15,,2026-01-19 16:19:15,
PED-000370,CLI-0031,3157.74,0,0,1,2,2026-01-19 10:28:51,,2026-01-20 21:41:51,
PED-000371,CLI-0072,10504.33,1,0,0,4,2026-01-19 06:28:08,2026-01-19 09:24:08,,ana.torres
PED-000372,CLI-0112,4193.41,0,0,0,1,2026-01-19 07:20:49,2026-01-19 07:28:49,, diego.castillo 
PED-000373,CLI-0159,5871.12,1,0,0,2,2026-01-19 05:18:50,,2026-01-19 11:38:50,
PED-000374,CLI-0112,14593.6,0,0,1,2,2026-01-19 12:38:30,,2026-01-20 02:55:30,
PED-000375,CLI-0048,7572.67,0,0,1,1,2026-01-19 21:48:25,2026-01-19 22:10:25,, hector.paredes 
PED-000376,CLI-0020,1825.13,0,0,0,1,2026-01-19 03:17:15,2026-01-19 06:23:15,,ana.torres
PED-000377,CLI-0014,5107.0,0,1,0,2,2026-01-20 02:32:41,,2026-01-21 08:25:41,
PED-000378,CLI-0118,3086.17,0,1,0,1,2026-01-20 21:24:18,2026-01-21 08:22:18,,SERGIO.NUNEZ
PED-000379,CLI-0108,841.54,1,0,0,1,2026-01-20 09:54:13,2026-01-20 13:50:13,,paola_herrera
PED-000380,CLI-0132,4167.34,0,0,1,1,2026-01-20 20:06:53,2026-01-20 23:07:53,, diego.castillo 
PED-000381,CLI-0106,2254.43,1,0,0,1,2026-01-20 04:32:30,2026-01-20 05:27:30,,monica.vega
PED-000382,CLI-0166,20294.59,0,0,1,1,2026-01-20 13:18:57,2026-01-20 23:31:57,,monica.vega
PED-000383,CLI-0119,8557.91,0,0,1,2,2026-01-20 23:03:33,,2026-01-21 17:44:33,
PED-000384,CLI-0189,5382.15,0,0,1,1,2026-01-21 06:21:18,2026-01-21 07:42:18,,jorge.salinas
PED-000385,CLI-0047,12392.21,0,0,1,2,2026-01-21 23:39:24,,2026-01-22 03:56:24,
PED-000386,CLI-0185,2028.82,1,0,0,1,2026-01-21 20:04:23,2026-01-21 20:09:23,,sergio.nunez
PED-000387,CLI-0105,9563.64,0,1,0,2,2026-01-21 15:34:14,,2026-01-22 08:58:14,
PED-000388,CLI-0007,9818.95,0,1,0,2,2026-01-21 04:44:55,,2026-01-21 09:13:55,
PED-000389,CLI-0093,2333.62,0,0,0,1,2026-01-21 20:16:58,2026-01-21 23:32:58,,ana.torres
PED-000390,CLI-0024,1582.13,0,0,1,2,2026-01-21 20:55:51,,2026-01-22 02:29:51,
PED-000391,CLI-0074,2448.72,0,1,0,1,2026-01-21 00:30:11,2026-01-21 02:38:11,,karla.mendez
PED-000392,CLI-0183,6600.97,0,0,1,2,2026-01-21 07:00:12,,2026-01-22 18:56:12,
PED-000393,CLI-0192,5946.41,0,1,0,1,2026-01-21 06:07:11,2026-01-21 06:23:11,,MONICA.VEGA
PED-000394,CLI-0088,4490.56,0,0,1,1,2026-01-21 04:11:24,2026-01-21 04:52:24,,SERGIO.NUNEZ
PED-000395,CLI-0050,4904.83,0,1,0,3,2026-01-21 19:55:44,,,
PED-000396,CLI-0191,13116.08,0,0,1,1,2026-01-21 14:46:29,2026-01-21 17:19:29,,jorge.salinas
PED-000397,CLI-0124,6148.86,0,0,1,1,2026-01-21 13:10:17,2026-01-21 13:16:17,,monica.vega
PED-000398,CLI-0020,11100.37,0,1,0,1,2026-01-21 02:46:11,2026-01-21 02:57:11,,sergio_nunez
PED-000399,CLI-0200,2899.04,0,0,1,2,2026-01-21 01:55:45,,2026-01-21 12:10:45,
PED-000400,CLI-0110,4049.22,0,1,0,2,2026-01-21 08:53:00,,2026-01-21 18:17:00,
PED-000401,CLI-0001,972.21,0,0,1,1,2026-01-21 03:18:42,2026-01-21 05:00:42,, hector.paredes 
PED-000402,CLI-0034,8006.23,0,1,0,2,2026-01-22 04:54:37,,2026-01-23 06:07:37,
PED-000403,CLI-0131,2246.3,0,0,1,2,2026-01-22 18:43:30,,2026-01-22 23:56:30,
PED-000404,CLI-0092,7572.03,0,0,0,1,2026-01-22 08:53:07,2026-01-22 11:35:07,,paola_herrera
PED-000405,CLI-0071,30290.09,0,0,1,1,2026-01-22 11:46:26,2026-01-22 15:29:26,,ANA.TORRES
PED-000406,CLI-0040,6975.32,0,1,0,1,2026-01-22 22:06:31,2026-01-23 00:28:31,, ivonne.rios 
PED-000407,CLI-0165,5122.78,0,0,0,3,2026-01-22 13:23:32,,,
PED-000408,CLI-0058,5891.17,0,1,0,1,2026-01-22 14:01:21,2026-01-22 16:41:21,,HECTOR.PAREDES
PED-000409,CLI-0086,5794.26,0,1,0,1,2026-01-22 23:50:29,2026-01-23 00:38:29,,ANA.TORRES
PED-000410,CLI-0042,2014.25,1,0,0,2,2026-01-22 14:45:49,,2026-01-23 01:11:49,
PED-000411,CLI-0115,12027.07,0,0,0,2,2026-01-22 23:48:26,,2026-01-23 22:39:26,
PED-000412,CLI-0160,2321.72,0,1,0,0,2026-01-22 22:08:14,,,
PED-000413,CLI-0163,2343.89,1,0,0,2,2026-01-22 05:37:04,,2026-01-22 07:25:04,
PED-000414,CLI-0114,3012.71,0,0,1,2,2026-01-22 09:49:07,,2026-01-23 00:17:07,
PED-000415,CLI-0079,2191.31,0,0,1,2,2026-01-22 21:53:57,,2026-01-23 10:29:57,
PED-000416,CLI-0080,1095.28,0,1,0,1,2026-01-22 14:34:38,2026-01-22 16:24:38,, ana.torres 
PED-000417,CLI-0117,11354.17,0,1,0,2,2026-01-22 07:25:22,,2026-01-22 10:37:22,
PED-000418,CLI-0058,19606.61,1,0,0,1,2026-01-22 01:34:58,2026-01-22 02:41:58,,jorge_salinas
PED-000419,CLI-0077,4730.61,0,1,0,1,2026-01-22 08:38:35,2026-01-22 15:29:35,, karla.mendez 
PED-000420,CLI-0198,9126.31,0,0,0,2,2026-01-22 05:38:36,,2026-01-22 06:05:36,
PED-000421,CLI-0163,2902.51,0,0,0,1,2026-01-22 22:38:57,2026-01-22 23:22:57,,jorge_salinas
PED-000422,CLI-0195,21510.98,0,0,0,1,2026-01-22 00:31:18,2026-01-22 02:50:18,,paola.herrera
PED-000423,CLI-0199,15645.38,0,0,1,4,2026-01-22 07:13:01,2026-01-22 09:13:01,,karla_mendez
PED-000424,CLI-0034,7367.5,0,1,0,1,2026-01-22 10:08:46,2026-01-22 12:07:46,, diego.castillo 
PED-000425,CLI-0157,3430.31,0,0,1,2,2026-01-22 20:13:49,,2026-01-22 20:14:49,
PED-000426,CLI-0037,17896.86,0,1,0,1,2026-01-22 16:58:53,2026-01-22 20:44:53,,karla.mendez
PED-000427,CLI-0073,7395.27,0,0,1,1,2026-01-23 02:14:19,2026-01-23 07:53:19,,diego.castillo
PED-000428,CLI-0145,1011.48,0,0,1,1,2026-01-23 04:14:46,2026-01-23 05:30:46,,KARLA.MENDEZ
PED-000429,CLI-0017,3536.37,0,0,0,2,2026-01-23 02:36:01,,2026-01-23 10:30:01,
PED-000430,CLI-0135,7001.69,0,1,0,2,2026-01-23 12:36:57,,2026-01-23 14:22:57,
PED-000431,CLI-0169,14293.04,0,0,1,1,2026-01-23 14:05:58,2026-01-23 18:21:58,,JORGE.SALINAS
PED-000432,CLI-0071,4695.85,1,0,0,1,2026-01-23 06:49:21,2026-01-23 08:50:21,,luis_ramirez
PED-000433,CLI-0128,5685.8,0,0,1,1,2026-01-23 13:18:47,2026-01-23 14:35:47,,DIEGO.CASTILLO
PED-000434,CLI-0078,2902.01,0,1,0,1,2026-01-23 07:32:32,2026-01-23 09:53:32,, karla.mendez 
PED-000435,CLI-0016,1522.73,1,0,0,2,2026-01-23 17:01:48,,2026-01-24 05:26:48,
PED-000436,CLI-0126,2100.69,0,0,1,2,2026-01-23 12:40:00,,2026-01-23 14:09:00,
PED-000437,CLI-0037,993.53,0,0,1,1,2026-01-23 10:49:40,2026-01-23 13:10:40,,diego.castillo
PED-000438,CLI-0112,1906.83,0,0,0,1,2026-01-23 00:31:30,2026-01-23 00:55:30,, ana.torres 
PED-000439,CLI-0011,8733.17,0,0,1,1,2026-01-23 18:23:51,2026-01-23 20:44:51,,diego_castillo
PED-000440,CLI-0148,10940.37,1,0,0,1,2026-01-23 23:22:45,2026-01-24 02:52:45,,hector_paredes
PED-000441,CLI-0130,11742.3,0,1,0,1,2026-01-23 20:39:05,2026-01-23 22:11:05,,paola.herrera
PED-000442,CLI-0050,3237.57,0,0,1,1,2026-01-23 12:32:50,2026-01-23 19:20:50,,jorge.salinas
PED-000443,CLI-0118,6948.57,0,0,1,2,2026-01-23 08:53:39,,2026-01-23 12:39:39,
PED-000444,CLI-0188,3279.56,0,0,1,1,2026-01-23 14:57:05,2026-01-24 01:30:05,, jorge.salinas 
PED-000445,CLI-0064,2934.92,1,0,0,1,2026-01-23 22:58:25,2026-01-24 02:34:25,,PAOLA.HERRERA
PED-000446,CLI-0008,10795.12,0,0,1,1,2026-01-23 09:57:26,2026-01-24 00:03:26,,PAOLA.HERRERA
PED-000447,CLI-0081,1424.48,0,0,1,1,2026-01-23 21:22:22,2026-01-24 01:26:22,,PAOLA.HERRERA
PED-000448,CLI-0110,1317.89,0,0,1,1,2026-01-23 12:53:22,2026-01-23 13:09:22,, ana.torres 
PED-000449,CLI-0197,1942.86,0,0,0,1,2026-01-23 09:49:30,2026-01-23 11:26:30,,ana.torres
PED-000450,CLI-0123,2156.62,0,0,0,3,2026-01-23 15:29:27,,,
PED-000451,CLI-0125,4461.41,0,0,1,2,2026-01-23 20:50:37,,2026-01-24 01:09:37,
PED-000452,CLI-0200,4225.59,0,0,1,3,2026-01-23 10:15:38,,,
PED-000453,CLI-0135,1918.43,0,1,0,1,2026-01-23 09:46:53,2026-01-23 12:20:53,,HECTOR.PAREDES
PED-000454,CLI-0033,6118.42,0,0,0,1,2026-01-24 19:44:08,2026-01-25 01:22:08,,karla.mendez
PED-000455,CLI-0140,8686.99,0,1,0,1,2026-01-24 14:29:29,2026-01-24 18:23:29,, ana.torres 
PED-000456,CLI-0065,5208.93,0,1,0,4,2026-01-24 13:51:19,2026-01-24 15:07:19,,karla_mendez
PED-000457,CLI-0034,652.92,0,0,1,1,2026-01-24 21:56:33,2026-01-25 07:31:33,,karla.mendez
PED-000458,CLI-0084,9673.5,0,0,1,0,2026-01-24 17:51:55,,,
PED-000459,CLI-0031,5583.05,1,0,0,2,2026-01-24 22:19:16,,2026-01-25 11:42:16,
PED-000460,CLI-0160,4516.02,0,0,1,1,2026-01-24 04:42:53,2026-01-24 07:04:53,,JORGE.SALINAS
PED-000461,CLI-0057,5275.12,0,1,0,1,2026-01-24 21:52:34,2026-01-24 22:55:34,,luis.ramirez
PED-000462,CLI-0102,3401.56,0,1,0,1,2026-01-24 23:49:12,2026-01-25 05:35:12,,luis.ramirez
PED-000463,CLI-0131,26879.83,1,0,0,2,2026-01-24 04:39:44,,2026-01-24 20:38:44,
PED-000464,CLI-0013,20299.03,0,0,1,1,2026-01-24 19:54:40,2026-01-24 22:46:40,, karla.mendez 
PED-000465,CLI-0033,2751.74,0,1,0,2,2026-01-24 22:21:28,,2026-01-25 02:01:28,
PED-000466,CLI-0196,1457.71,0,1,0,4,2026-01-24 21:55:54,2026-01-24 22:47:54,,diego.castillo
PED-000467,CLI-0166,417.56,0,1,0,2,2026-01-24 14:51:38,,2026-01-24 16:32:38,
PED-000468,CLI-0059,21555.67,0,1,0,1,2026-01-24 09:31:11,2026-01-24 10:49:11,, sergio.nunez 
PED-000469,CLI-0019,7188.38,0,1,0,1,2026-01-24 11:43:28,2026-01-24 21:03:28,,SERGIO.NUNEZ
PED-000470,CLI-0063,510.56,0,0,1,1,2026-01-24 10:27:31,2026-01-24 14:38:31,,KARLA.MENDEZ
PED-000471,CLI-0013,1568.41,0,0,0,1,2026-01-24 09:20:51,2026-01-24 13:26:51,, karla.mendez 
PED-000472,CLI-0037,2661.24,0,0,0,1,2026-01-24 09:11:07,2026-01-24 09:12:07,, karla.mendez 
PED-000473,CLI-0185,6543.31,1,0,0,2,2026-01-25 05:39:41,,2026-01-26 05:10:41,
PED-000474,CLI-0020,2838.16,0,1,0,1,2026-01-25 04:13:19,2026-01-25 10:05:19,, paola.herrera 
PED-000475,CLI-0054,3286.68,0,1,0,1,2026-01-25 00:36:49,2026-01-25 02:47:49,,sergio_nunez
PED-000476,CLI-0082,4660.43,0,0,1,1,2026-01-25 19:15:24,2026-01-25 22:09:24,,paola.herrera
PED-000477,CLI-0147,3638.37,0,0,1,0,2026-01-25 03:25:50,,,
PED-000478,CLI-0122,3870.64,0,0,0,1,2026-01-25 12:56:25,2026-01-25 17:38:25,,SERGIO.NUNEZ
PED-000479,CLI-0045,3576.29,0,0,1,2,2026-01-25 05:43:45,,2026-01-25 13:55:45,
PED-000480,CLI-0175,2785.37,0,0,1,1,2026-01-25 12:56:55,2026-01-25 15:45:55,, jorge.salinas 
PED-000481,CLI-0079,18979.45,0,0,0,1,2026-01-25 04:16:18,2026-01-25 04:36:18,, ivonne.rios 
PED-000482,CLI-0034,1447.46,0,0,0,0,2026-01-25 03:48:30,,,
PED-000483,CLI-0188,1625.29,0,1,0,1,2026-01-25 06:58:25,2026-01-25 08:05:25,,MONICA.VEGA
PED-000484,CLI-0032,4606.4,1,0,0,1,2026-01-25 16:20:44,2026-01-25 17:57:44,,KARLA.MENDEZ
PED-000485,CLI-0091,7606.61,0,0,1,1,2026-01-25 19:28:06,2026-01-25 20:32:06,,karla.mendez
PED-000486,CLI-0086,4590.78,0,1,0,1,2026-01-25 16:24:09,2026-01-25 23:33:09,,LUIS.RAMIREZ
PED-000487,CLI-0020,14194.44,0,0,1,2,2026-01-25 12:57:18,,2026-01-26 19:02:18,
PED-000488,CLI-0200,4933.08,1,0,0,4,2026-01-25 13:30:05,2026-01-25 14:59:05,, ana.torres 
PED-000489,CLI-0037,1195.13,0,1,0,4,2026-01-25 06:30:35,2026-01-25 09:19:35,, ivonne.rios 
PED-000490,CLI-0015,12622.38,0,0,1,4,2026-01-25 03:57:46,2026-01-25 04:44:46,,DIEGO.CASTILLO
PED-000491,CLI-0184,1727.52,0,0,1,3,2026-01-25 18:47:06,,,
PED-000492,CLI-0016,2701.18,0,1,0,1,2026-01-25 01:18:49,2026-01-25 01:44:49,,sergio_nunez
PED-000493,CLI-0198,30089.21,0,1,0,0,2026-01-25 07:08:06,,,
PED-000494,CLI-0188,12674.91,0,0,0,1,2026-01-25 08:11:13,2026-01-25 09:40:13,,ana_torres
PED-000495,CLI-0173,6073.0,0,0,1,1,2026-01-25 19:33:47,2026-01-26 02:43:47,,PAOLA.HERRERA
PED-000496,CLI-0130,4281.64,0,0,1,1,2026-01-25 13:48:45,2026-01-25 19:06:45,,KARLA.MENDEZ
PED-000497,CLI-0112,6114.26,0,0,1,2,2026-01-25 06:09:48,,2026-01-25 10:40:48,
PED-000498,CLI-0013,8969.42,0,1,0,1,2026-01-26 19:30:22,2026-01-26 19:32:22,,HECTOR.PAREDES
PED-000499,CLI-0020,12824.55,0,0,1,2,2026-01-26 23:32:42,,2026-01-27 11:49:42,
PED-000500,CLI-0067,2408.8,1,0,0,1,2026-01-26 16:09:56,2026-01-26 17:37:56,,LUIS.RAMIREZ
PED-000501,CLI-0130,24319.84,1,0,0,1,2026-01-26 12:56:26,2026-01-26 13:00:26,, ivonne.rios 
PED-000502,CLI-0027,3877.21,0,0,1,1,2026-01-26 04:02:00,2026-01-26 06:49:00,,PAOLA.HERRERA
PED-000503,CLI-0057,2750.74,0,0,1,2,2026-01-26 05:48:00,,2026-01-26 19:29:00,
PED-000504,CLI-0161,1686.57,0,0,1,1,2026-01-26 17:07:03,2026-01-26 20:01:03,, hector.paredes 
PED-000505,CLI-0008,10686.95,0,0,0,1,2026-01-26 07:14:33,2026-01-26 09:43:33,,paola_herrera
PED-000506,CLI-0140,8171.65,0,0,1,4,2026-01-26 02:06:28,2026-01-26 03:24:28,,LUIS.RAMIREZ
PED-000507,CLI-0191,1366.7,0,0,1,1,2026-01-26 00:20:46,2026-01-26 00:38:46,, paola.herrera 
PED-000508,CLI-0164,4081.41,0,1,0,1,2026-01-26 22:31:07,2026-01-27 01:18:07,,hector_paredes
PED-000509,CLI-0056,7230.54,0,0,1,4,2026-01-26 09:59:36,2026-01-26 10:10:36,,DIEGO.CASTILLO
PED-000510,CLI-0087,4650.06,0,1,0,1,2026-01-26 03:50:34,2026-01-26 04:02:34,,LUIS.RAMIREZ
PED-000511,CLI-0152,36705.57,0,1,0,1,2026-01-26 14:53:02,2026-01-26 16:17:02,, sergio.nunez 
PED-000512,CLI-0200,2884.82,0,0,1,1,2026-01-26 20:41:01,2026-01-26 22:27:01,,paola.herrera
PED-000513,CLI-0187,3281.35,0,0,1,1,2026-01-26 08:03:15,2026-01-26 08:13:15,,ANA.TORRES
PED-000514,CLI-0021,9577.32,0,1,0,4,2026-01-26 12:44:21,2026-01-26 15:52:21,,diego.castillo
PED-000515,CLI-0121,7605.37,0,0,1,1,2026-01-26 18:59:52,2026-01-27 07:46:52,,jorge_salinas
PED-000516,CLI-0055,4720.83,1,0,0,4,2026-01-26 22:21:36,2026-01-27 03:47:36,, paola.herrera 
PED-000517,CLI-0059,2232.98,0,0,1,1,2026-01-26 01:55:06,2026-01-26 06:58:06,,karla.mendez
PED-000518,CLI-0135,7013.76,1,0,0,1,2026-01-26 04:30:15,2026-01-26 05:41:15,, jorge.salinas 
PED-000519,CLI-0008,4189.22,1,0,0,1,2026-01-26 03:17:29,2026-01-26 03:35:29,,diego.castillo
PED-000520,CLI-0134,3429.78,0,0,1,1,2026-01-26 04:48:14,2026-01-26 07:10:14,,PAOLA.HERRERA
PED-000521,CLI-0139,1446.66,0,1,0,1,2026-01-26 04:16:48,2026-01-26 06:23:48,,jorge_salinas
PED-000522,CLI-0102,8091.41,0,0,1,1,2026-01-26 09:33:17,2026-01-26 09:54:17,, luis.ramirez 
PED-000523,CLI-0003,31433.18,0,0,0,3,2026-01-26 14:40:52,,,
PED-000524,CLI-0110,7602.1,0,0,0,1,2026-01-26 03:19:44,2026-01-26 06:32:44,,ivonne.rios
PED-000525,CLI-0006,5565.83,0,0,1,1,2026-01-26 12:32:28,2026-01-26 20:51:28,,paola_herrera
PED-000526,CLI-0167,3707.68,0,0,1,1,2026-01-27 20:25:41,2026-01-27 20:38:41,,ana_torres
PED-000527,CLI-0102,2679.9,0,0,0,1,2026-01-27 11:56:54,2026-01-27 12:11:54,,hector.paredes
PED-000528,CLI-0047,3815.27,0,0,1,1,2026-01-27 18:56:03,2026-01-27 19:11:03,,monica_vega
PED-000529,CLI-0158,22444.43,0,0,1,2,2026-01-27 01:32:13,,2026-01-27 10:06:13,
PED-000530,CLI-0176,5766.57,0,0,1,1,2026-01-27 06:33:55,2026-01-27 07:38:55,,monica.vega
PED-000531,CLI-0165,3602.41,0,1,0,3,2026-01-27 10:16:14,,,
PED-000532,CLI-0120,1963.28,0,1,0,1,2026-01-27 17:56:24,2026-01-27 17:58:24,,ana_torres
PED-000533,CLI-0038,1550.5,0,0,1,2,2026-01-27 18:16:42,,2026-01-28 06:24:42,
PED-000534,CLI-0136,3906.32,1,0,0,2,2026-01-27 00:29:47,,2026-01-27 18:47:47,
PED-000535,CLI-0112,2842.89,0,0,1,0,2026-01-27 19:30:20,,,
PED-000536,CLI-0188,6022.6,0,0,0,2,2026-01-27 07:05:38,,2026-01-27 23:11:38,
PED-000537,CLI-0158,7212.07,0,0,1,2,2026-01-27 11:18:41,,2026-01-27 22:49:41,
PED-000538,CLI-0124,1869.95,0,0,1,0,2026-01-27 01:41:30,,,
PED-000539,CLI-0166,8442.07,0,1,0,1,2026-01-27 12:04:43,2026-01-27 16:47:43,,paola.herrera
PED-000540,CLI-0113,2587.01,0,1,0,1,2026-01-27 04:09:10,2026-01-27 17:56:10,,hector.paredes
PED-000541,CLI-0118,22114.95,0,1,0,4,2026-01-27 04:46:40,2026-01-27 06:41:40,, sergio.nunez 
PED-000542,CLI-0172,5521.85,0,1,0,2,2026-01-27 22:57:54,,2026-01-28 04:26:54,
PED-000543,CLI-0001,11498.53,0,0,1,1,2026-01-27 17:57:11,2026-01-27 21:23:11,, sergio.nunez 
PED-000544,CLI-0144,61883.12,0,1,0,2,2026-01-27 23:14:28,,2026-01-28 10:57:28,
PED-000545,CLI-0056,10029.21,0,0,0,0,2026-01-27 11:08:18,,,
PED-000546,CLI-0154,1554.13,1,0,0,1,2026-01-27 10:41:53,2026-01-27 14:42:53,,hector.paredes
PED-000547,CLI-0022,5124.88,0,0,1,1,2026-01-27 14:38:10,2026-01-27 16:21:10,,ivonne_rios
PED-000548,CLI-0033,3027.62,0,1,0,1,2026-01-27 09:04:51,2026-01-27 11:16:51,,IVONNE.RIOS
PED-000549,CLI-0178,2295.05,0,0,1,1,2026-01-27 07:09:22,2026-01-27 08:36:22,, sergio.nunez 
PED-000550,CLI-0200,1504.89,0,0,1,1,2026-01-27 12:58:15,2026-01-27 14:21:15,,ivonne.rios
PED-000551,CLI-0059,11415.88,0,0,0,1,2026-01-27 05:51:48,2026-01-27 08:16:48,, ivonne.rios 
PED-000552,CLI-0101,717.84,0,0,0,1,2026-01-27 22:32:32,2026-01-28 02:36:32,,paola_herrera
PED-000553,CLI-0037,15979.08,0,0,0,2,2026-01-27 21:19:07,,2026-01-27 22:43:07,
PED-000554,CLI-0090,5327.08,0,0,1,1,2026-01-27 13:34:20,2026-01-27 15:04:20,,ivonne.rios
PED-000555,CLI-0078,4733.32,1,0,0,2,2026-01-27 14:21:17,,2026-01-27 14:41:17,
PED-000556,CLI-0154,3947.45,1,0,0,2,2026-01-27 01:05:23,,2026-01-27 12:02:23,
PED-000557,CLI-0066,4175.09,0,1,0,1,2026-01-28 23:48:51,2026-01-29 00:32:51,,JORGE.SALINAS
PED-000558,CLI-0018,12940.93,0,0,1,2,2026-01-28 11:16:18,,2026-01-28 18:53:18,
PED-000559,CLI-0045,7345.29,0,0,1,1,2026-01-28 07:27:51,2026-01-28 10:10:51,,hector.paredes
PED-000560,CLI-0132,1179.63,0,0,1,1,2026-01-28 18:32:07,2026-01-28 20:44:07,, ana.torres 
PED-000561,CLI-0032,20031.63,0,0,0,1,2026-01-28 12:25:20,2026-01-28 15:42:20,, monica.vega 
PED-000562,CLI-0134,3635.72,0,1,0,1,2026-01-28 06:49:32,2026-01-28 08:34:32,, hector.paredes 
PED-000563,CLI-0194,3867.03,0,1,0,1,2026-01-28 18:36:54,2026-01-28 18:58:54,,ivonne.rios
PED-000564,CLI-0084,1692.2,0,1,0,2,2026-01-28 18:34:07,,2026-01-28 22:03:07,
PED-000565,CLI-0036,4062.72,0,1,0,4,2026-01-28 06:18:42,2026-01-28 10:38:42,,ivonne_rios
PED-000566,CLI-0060,4217.99,0,0,1,1,2026-01-28 16:07:27,2026-01-28 21:10:27,,sergio.nunez
PED-000567,CLI-0084,9444.02,0,0,1,1,2026-01-28 21:51:27,2026-01-28 23:15:27,,jorge.salinas
PED-000568,CLI-0012,6672.02,0,0,1,2,2026-01-28 12:51:19,,2026-01-28 20:06:19,
PED-000569,CLI-0116,31228.63,0,0,1,1,2026-01-28 09:24:23,2026-01-28 14:30:23,,KARLA.MENDEZ
PED-000570,CLI-0123,2393.01,0,0,1,2,2026-01-28 20:17:08,,2026-01-30 15:39:08,
PED-000571,CLI-0035,7356.41,0,1,0,1,2026-01-28 08:57:30,2026-01-28 11:46:30,,JORGE.SALINAS
PED-000572,CLI-0124,11747.8,0,0,1,1,2026-01-28 17:27:50,2026-01-28 22:00:50,,paola_herrera
PED-000573,CLI-0085,18421.5,0,1,0,1,2026-01-28 16:27:30,2026-01-28 22:19:30,,ana.torres
PED-000574,CLI-0013,927.55,0,0,1,1,2026-01-28 14:13:20,2026-01-28 16:47:20,,ana_torres
PED-000575,CLI-0067,2793.86,0,1,0,2,2026-01-28 15:51:32,,2026-01-29 16:45:32,
PED-000576,CLI-0152,5123.94,0,0,0,2,2026-01-28 04:24:41,,2026-01-28 14:10:41,
PED-000577,CLI-0171,2731.16,0,0,0,1,2026-01-29 09:51:01,2026-01-29 16:32:01,,ivonne_rios
PED-000578,CLI-0152,1463.44,1,0,0,1,2026-01-29 17:20:07,2026-01-29 21:42:07,,IVONNE.RIOS
PED-000579,CLI-0052,17690.55,0,1,0,1,2026-01-29 05:05:01,2026-01-29 14:20:01,,HECTOR.PAREDES
PED-000580,CLI-0103,9387.96,0,0,1,4,2026-01-29 23:00:55,2026-01-30 05:54:55,,sergio.nunez
PED-000581,CLI-0017,4981.06,0,0,1,1,2026-01-29 02:40:56,2026-01-29 03:57:56,,sergio.nunez
PED-000582,CLI-0056,1825.28,1,0,0,1,2026-01-29 18:10:45,2026-01-29 20:32:45,, paola.herrera 
PED-000583,CLI-0012,1443.87,0,0,0,1,2026-01-29 05:40:38,2026-01-29 06:10:38,,luis.ramirez
PED-000584,CLI-0193,8146.85,0,0,1,1,2026-01-29 20:00:22,2026-01-29 21:48:22,, diego.castillo 
PED-000585,CLI-0152,52252.16,1,0,0,1,2026-01-29 15:52:43,2026-01-29 16:16:43,,ivonne.rios
PED-000586,CLI-0186,2414.43,1,0,0,1,2026-01-29 15:51:26,2026-01-29 16:51:26,,ana_torres
PED-000587,CLI-0005,2522.7,0,0,1,1,2026-01-29 12:39:53,2026-01-29 13:37:53,,LUIS.RAMIREZ
PED-000588,CLI-0113,3825.99,0,1,0,2,2026-01-29 02:24:36,,2026-01-29 10:40:36,
PED-000589,CLI-0005,2431.8,0,0,1,1,2026-01-29 00:22:08,2026-01-29 00:36:08,, karla.mendez 
PED-000590,CLI-0134,9198.27,0,1,0,2,2026-01-29 10:52:12,,2026-01-29 17:21:12,
PED-000591,CLI-0086,6036.71,0,1,0,1,2026-01-29 20:10:23,2026-01-29 21:37:23,,luis.ramirez
PED-000592,CLI-0007,3507.59,1,0,0,1,2026-01-29 03:29:19,2026-01-29 05:49:19,,monica_vega
PED-000593,CLI-0109,1177.63,0,0,1,2,2026-01-29 08:49:19,,2026-01-29 23:59:19,
PED-000594,CLI-0088,3533.31,0,1,0,1,2026-01-29 14:43:54,2026-01-29 16:31:54,,PAOLA.HERRERA
PED-000595,CLI-0131,4187.41,1,0,0,1,2026-01-29 23:39:21,2026-01-30 04:15:21,,ana_torres
PED-000596,CLI-0057,1564.51,0,1,0,1,2026-01-29 01:00:40,2026-01-29 02:46:40,,HECTOR.PAREDES
PED-000597,CLI-0161,4635.31,0,0,1,1,2026-01-29 12:09:10,2026-01-29 14:04:10,, karla.mendez 
PED-000598,CLI-0069,1466.29,0,0,1,1,2026-01-29 16:07:50,2026-01-29 22:08:50,,SERGIO.NUNEZ
PED-000599,CLI-0075,4609.85,0,1,0,1,2026-01-29 13:18:53,2026-01-29 14:38:53,,JORGE.SALINAS
PED-000600,CLI-0191,1645.68,0,0,1,4,2026-01-29 03:55:14,2026-01-29 03:55:14,,LUIS.RAMIREZ
PED-000601,CLI-0084,3507.61,1,0,0,2,2026-01-29 19:35:08,,2026-01-30 20:15:08,
PED-000602,CLI-0195,1103.63,0,0,1,2,2026-01-29 06:49:21,,2026-01-30 01:03:21,
PED-000603,CLI-0185,2505.2,0,0,1,1,2026-01-29 10:07:03,2026-01-29 14:59:03,,karla.mendez
PED-000604,CLI-0163,4496.36,0,0,1,1,2026-01-29 17:49:16,2026-01-29 18:19:16,,jorge_salinas
PED-000605,CLI-0107,3356.1,0,0,1,2,2026-01-29 05:38:37,,2026-01-29 11:53:37,
PED-000606,CLI-0164,11648.42,0,1,0,2,2026-01-30 16:37:19,,2026-01-30 19:00:19,
PED-000607,CLI-0087,3904.01,0,0,1,1,2026-01-30 13:14:14,2026-01-30 16:37:14,,jorge.salinas
PED-000608,CLI-0108,4187.91,0,0,1,1,2026-01-30 20:45:17,2026-01-31 00:16:17,,IVONNE.RIOS
PED-000609,CLI-0008,4219.08,0,0,0,1,2026-01-30 02:22:38,2026-01-30 05:46:38,,luis_ramirez
PED-000610,CLI-0015,4516.14,0,0,1,1,2026-01-30 01:40:05,2026-01-30 02:09:05,, karla.mendez 
PED-000611,CLI-0039,3592.01,0,1,0,2,2026-01-30 19:40:36,,2026-01-30 21:36:36,
PED-000612,CLI-0189,3403.79,0,0,0,1,2026-01-30 17:50:40,2026-01-30 22:13:40,,ana_torres
PED-000613,CLI-0014,1838.49,0,1,0,2,2026-01-30 02:41:03,,2026-01-30 06:10:03,
PED-000614,CLI-0069,4992.96,0,0,1,4,2026-01-30 01:24:10,2026-01-30 02:44:10,,jorge.salinas
PED-000615,CLI-0029,1788.51,0,0,1,1,2026-01-30 10:09:35,2026-01-30 12:37:35,,paola_herrera
PED-000616,CLI-0099,14946.08,0,0,1,1,2026-01-30 17:12:15,2026-01-30 18:20:15,,luis_ramirez
PED-000617,CLI-0015,1645.91,0,0,1,1,2026-01-30 08:55:40,2026-01-30 09:55:40,,ANA.TORRES
PED-000618,CLI-0094,24632.17,0,0,0,0,2026-01-30 03:13:11,,,
PED-000619,CLI-0091,1248.77,0,0,1,1,2026-01-30 17:16:38,2026-01-30 17:43:38,,ana.torres
PED-000620,CLI-0037,1277.94,1,0,0,2,2026-01-30 03:10:04,,2026-01-30 04:30:04,
PED-000621,CLI-0123,656.4,0,0,1,1,2026-01-30 07:13:56,2026-01-30 07:52:56,,DIEGO.CASTILLO
PED-000622,CLI-0051,3697.78,0,0,0,1,2026-01-30 23:53:45,2026-01-31 05:05:45,,luis_ramirez
PED-000623,CLI-0181,1351.81,1,0,0,1,2026-01-30 23:07:23,2026-01-31 01:30:23,, ana.torres 
PED-000624,CLI-0103,5930.03,0,1,0,1,2026-01-30 06:05:45,2026-01-30 14:55:45,, hector.paredes 
PED-000625,CLI-0076,2312.21,0,1,0,1,2026-01-30 18:31:44,2026-01-30 23:19:44,,monica_vega
PED-000626,CLI-0089,4740.58,1,0,0,2,2026-01-30 21:29:12,,2026-01-31 07:29:12,
PED-000627,CLI-0052,5030.96,0,0,1,2,2026-01-30 12:33:21,,2026-01-31 10:17:21,
PED-000628,CLI-0134,2330.91,0,1,0,2,2026-01-30 04:20:28,,2026-01-31 06:58:28,
PED-000629,CLI-0059,3961.89,0,0,0,2,2026-01-30 04:26:11,,2026-01-30 11:31:11,
PED-000630,CLI-0140,1936.72,0,0,1,1,2026-01-30 17:46:03,2026-01-30 18:00:03,,sergio_nunez
PED-000631,CLI-0006,3910.99,0,0,1,1,2026-01-30 21:10:25,2026-01-30 21:47:25,,LUIS.RAMIREZ
PED-000632,CLI-0146,2807.9,0,0,1,1,2026-01-31 10:26:58,2026-01-31 13:13:58,, diego.castillo 
PED-000633,CLI-0036,3735.25,0,0,0,1,2026-01-31 11:13:50,2026-01-31 11:50:50,,diego_castillo
PED-000634,CLI-0119,1590.85,1,0,0,1,2026-01-31 17:53:45,2026-01-31 20:50:45,,SERGIO.NUNEZ
PED-000635,CLI-0062,3691.45,0,0,0,1,2026-01-31 08:01:06,2026-01-31 15:58:06,, monica.vega 
PED-000636,CLI-0020,23168.45,1,0,0,2,2026-01-31 16:12:28,,2026-01-31 19:28:28,
PED-000637,CLI-0054,3681.66,1,0,0,1,2026-01-31 07:33:11,2026-01-31 10:02:11,, jorge.salinas 
PED-000638,CLI-0174,2062.63,0,0,1,0,2026-01-31 08:30:04,,,
PED-000639,CLI-0096,1632.92,0,0,1,1,2026-01-31 14:17:40,2026-02-01 03:49:40,,ivonne.rios
PED-000640,CLI-0102,4837.54,1,0,0,4,2026-01-31 12:23:32,2026-01-31 13:43:32,,HECTOR.PAREDES
PED-000641,CLI-0101,2066.54,0,0,0,2,2026-01-31 02:59:49,,2026-01-31 11:59:49,
PED-000642,CLI-0007,5192.2,0,0,1,1,2026-01-31 00:00:35,2026-01-31 00:41:35,,DIEGO.CASTILLO
PED-000643,CLI-0002,10713.24,0,0,1,1,2026-01-31 18:51:48,2026-01-31 19:10:48,,PAOLA.HERRERA
PED-000644,CLI-0173,2791.78,0,1,0,1,2026-01-31 00:53:07,2026-01-31 03:32:07,,ana_torres
PED-000645,CLI-0092,4033.4,0,0,1,1,2026-01-31 03:55:47,2026-01-31 09:47:47,,monica_vega
PED-000646,CLI-0142,3188.08,0,0,0,2,2026-01-31 04:48:30,,2026-01-31 12:29:30,
PED-000647,CLI-0123,5271.5,0,0,0,2,2026-01-31 08:17:46,,2026-01-31 21:26:46,
PED-000648,CLI-0026,1048.77,0,1,0,2,2026-01-31 18:31:47,,2026-02-01 19:48:47,
PED-000649,CLI-0145,2468.04,0,0,1,1,2026-01-31 15:39:10,2026-01-31 15:41:10,, luis.ramirez 
PED-000650,CLI-0036,4033.16,0,0,1,1,2026-01-31 14:34:16,2026-01-31 17:49:16,,ivonne_rios
PED-000651,CLI-0151,557.38,1,0,0,1,2026-01-31 16:22:30,2026-01-31 18:51:30,,karla.mendez
PED-000652,CLI-0090,8041.81,0,0,1,1,2026-01-31 16:20:03,2026-01-31 20:16:03,,ANA.TORRES
PED-000653,CLI-0137,2748.92,0,0,1,1,2026-01-31 13:26:16,2026-01-31 17:33:16,, diego.castillo 
PED-000654,CLI-0121,3737.31,0,0,1,1,2026-01-31 07:22:38,2026-01-31 13:08:38,,ana_torres
PED-000655,CLI-0155,1905.49,0,0,1,4,2026-01-31 23:07:30,2026-02-01 01:36:30,, diego.castillo 
PED-000656,CLI-0166,4064.32,0,0,0,1,2026-02-01 11:40:35,2026-02-01 15:04:35,,jorge.salinas
PED-000657,CLI-0102,4426.75,1,0,0,2,2026-02-01 11:04:15,,2026-02-01 11:24:15,
PED-000658,CLI-0107,2310.06,1,0,0,1,2026-02-01 23:25:51,2026-02-01 23:48:51,, luis.ramirez 
PED-000659,CLI-0015,1482.55,0,0,1,3,2026-02-01 16:13:18,,,
PED-000660,CLI-0192,6462.27,0,0,0,2,2026-02-01 13:54:42,,2026-02-03 03:30:42,
PED-000661,CLI-0103,12776.55,0,0,1,2,2026-02-01 16:57:23,,2026-02-02 15:26:23,
PED-000662,CLI-0200,2510.97,0,1,0,2,2026-02-01 12:10:10,,2026-02-01 20:04:10,
PED-000663,CLI-0002,742.55,0,0,1,1,2026-02-01 21:02:50,2026-02-01 22:02:50,,ana.torres
PED-000664,CLI-0044,6945.86,0,0,1,1,2026-02-01 03:04:42,2026-02-01 09:21:42,,monica.vega
PED-000665,CLI-0162,8255.71,0,0,1,1,2026-02-01 21:39:48,2026-02-01 22:26:48,,monica_vega
PED-000666,CLI-0143,6545.04,0,1,0,1,2026-02-01 04:57:58,2026-02-01 06:14:58,, paola.herrera 
PED-000667,CLI-0188,4954.05,0,0,1,1,2026-02-01 07:37:39,2026-02-01 10:46:39,,jorge.salinas
PED-000668,CLI-0105,4360.02,1,0,0,2,2026-02-01 00:36:59,,2026-02-01 00:39:59,
PED-000669,CLI-0124,7552.77,0,0,0,2,2026-02-01 10:40:01,,2026-02-01 17:00:01,
PED-000670,CLI-0111,93332.49,0,1,0,4,2026-02-01 14:08:57,2026-02-01 14:58:57,,ivonne.rios
PED-000671,CLI-0014,11096.96,1,0,0,1,2026-02-01 00:25:43,2026-02-01 05:33:43,, sergio.nunez 
PED-000672,CLI-0163,5907.12,0,0,1,1,2026-02-01 00:38:59,2026-02-01 01:37:59,,ivonne_rios
PED-000673,CLI-0025,2290.05,0,1,0,2,2026-02-01 00:25:44,,2026-02-01 07:09:44,
PED-000674,CLI-0154,5965.87,0,0,0,2,2026-02-01 23:48:49,,2026-02-02 04:01:49,
PED-000675,CLI-0014,3327.3,0,1,0,2,2026-02-01 23:59:43,,2026-02-02 11:26:43,
PED-000676,CLI-0191,1028.98,0,0,1,2,2026-02-01 20:36:36,,2026-02-02 04:08:36,
PED-000677,CLI-0030,3228.88,0,0,0,1,2026-02-02 22:20:18,2026-02-02 23:29:18,, monica.vega 
PED-000678,CLI-0034,4164.28,0,0,1,1,2026-02-02 00:52:02,2026-02-02 05:02:02,,KARLA.MENDEZ
PED-000679,CLI-0046,9794.4,0,0,0,1,2026-02-02 17:31:46,2026-02-02 18:06:46,, luis.ramirez 
PED-000680,CLI-0117,3237.74,0,0,0,1,2026-02-02 02:32:19,2026-02-02 05:11:19,,IVONNE.RIOS
PED-000681,CLI-0037,3302.15,0,1,0,1,2026-02-02 02:55:48,2026-02-02 06:05:48,,sergio_nunez
PED-000682,CLI-0032,2714.74,1,0,0,2,2026-02-02 08:00:23,,2026-02-02 08:08:23,
PED-000683,CLI-0055,2565.42,0,1,0,2,2026-02-02 14:19:47,,2026-02-02 16:13:47,
PED-000684,CLI-0031,32289.66,0,0,1,1,2026-02-02 08:54:58,2026-02-02 10:56:58,,IVONNE.RIOS
PED-000685,CLI-0061,6132.47,0,1,0,1,2026-02-02 22:35:52,2026-02-03 01:50:52,, sergio.nunez 
PED-000686,CLI-0028,2580.47,0,0,1,1,2026-02-02 12:20:57,2026-02-02 13:49:57,,monica_vega
PED-000687,CLI-0006,7516.14,0,0,1,2,2026-02-02 06:52:34,,2026-02-03 00:50:34,
PED-000688,CLI-0061,19451.99,0,1,0,4,2026-02-02 17:54:30,2026-02-02 20:38:30,, diego.castillo 
PED-000689,CLI-0077,3924.97,0,0,0,1,2026-02-02 06:36:17,2026-02-02 08:10:17,,jorge_salinas
PED-000690,CLI-0111,2198.7,0,0,1,0,2026-02-02 06:49:58,,,
PED-000691,CLI-0009,1749.15,0,1,0,1,2026-02-02 21:34:34,2026-02-02 23:05:34,, monica.vega 
PED-000692,CLI-0085,3284.34,0,0,1,3,2026-02-02 17:31:18,,,
PED-000693,CLI-0031,2873.44,0,0,1,3,2026-02-02 20:45:39,,,
PED-000694,CLI-0131,4343.76,0,0,1,1,2026-02-02 02:14:38,2026-02-02 05:47:38,,HECTOR.PAREDES
PED-000695,CLI-0049,1258.42,0,0,0,1,2026-02-03 15:30:57,2026-02-04 01:46:57,,ivonne_rios
PED-000696,CLI-0105,2636.44,1,0,0,1,2026-02-03 14:47:05,2026-02-03 17:05:05,,karla.mendez
PED-000697,CLI-0099,5791.52,0,0,1,1,2026-02-03 05:05:15,2026-02-03 08:22:15,,HECTOR.PAREDES
PED-000698,CLI-0027,3235.79,0,0,1,1,2026-02-03 02:10:24,2026-02-03 05:34:24,,SERGIO.NUNEZ
PED-000699,CLI-0104,4563.78,0,0,1,1,2026-02-03 19:03:52,2026-02-04 01:38:52,,paola.herrera
PED-000700,CLI-0153,4351.87,0,0,1,1,2026-02-03 23:23:21,2026-02-04 01:36:21,,luis_ramirez
PED-000701,CLI-0017,6838.67,0,0,1,2,2026-02-03 17:36:23,,2026-02-03 19:58:23,
PED-000702,CLI-0155,2627.76,1,0,0,1,2026-02-03 00:43:52,2026-02-03 01:26:52,,diego_castillo
PED-000703,CLI-0174,4685.18,0,1,0,1,2026-02-03 14:40:27,2026-02-03 18:27:27,, monica.vega 
PED-000704,CLI-0074,3358.93,0,0,1,0,2026-02-03 02:24:06,,,
PED-000705,CLI-0057,704.56,0,0,1,4,2026-02-03 03:27:55,2026-02-03 12:28:55,, jorge.salinas 
PED-000706,CLI-0154,17332.34,0,0,1,1,2026-02-03 11:25:39,2026-02-03 14:23:39,,monica.vega
PED-000707,CLI-0163,45355.03,1,0,0,1,2026-02-03 09:31:33,2026-02-03 11:25:33,,ana.torres
PED-000708,CLI-0061,13065.01,1,0,0,1,2026-02-03 13:31:28,2026-02-03 18:53:28,,monica_vega
PED-000709,CLI-0016,2355.93,0,0,1,1,2026-02-03 19:49:31,2026-02-04 01:27:31,,luis.ramirez
PED-000710,CLI-0016,6197.65,0,1,0,2,2026-02-03 14:10:02,,2026-02-04 07:03:02,
PED-000711,CLI-0135,4732.8,1,0,0,2,2026-02-03 16:11:20,,2026-02-04 11:49:20,
PED-000712,CLI-0177,22570.29,0,0,1,2,2026-02-03 04:25:26,,2026-02-03 09:57:26,
PED-000713,CLI-0080,2179.53,0,0,0,1,2026-02-03 09:41:10,2026-02-03 11:08:10,,KARLA.MENDEZ
PED-000714,CLI-0172,6102.04,0,0,0,1,2026-02-03 08:07:42,2026-02-03 10:39:42,,hector.paredes
PED-000715,CLI-0094,20773.1,0,0,0,1,2026-02-03 17:13:42,2026-02-03 20:29:42,,luis_ramirez
PED-000716,CLI-0044,15444.6,0,0,1,1,2026-02-03 13:14:24,2026-02-03 14:46:24,, karla.mendez 
PED-000717,CLI-0067,1027.69,0,0,0,1,2026-02-03 18:04:35,2026-02-03 20:39:35,,monica.vega
PED-000718,CLI-0130,12523.08,0,0,1,4,2026-02-03 04:16:49,2026-02-03 07:44:49,,karla_mendez
PED-000719,CLI-0001,6381.25,0,1,0,1,2026-02-03 20:28:31,2026-02-03 22:02:31,,JORGE.SALINAS
PED-000720,CLI-0008,1815.43,0,0,1,2,2026-02-03 10:24:57,,2026-02-03 12:45:57,
PED-000721,CLI-0063,2058.81,0,1,0,2,2026-02-03 18:01:09,,2026-02-03 19:33:09,
PED-000722,CLI-0025,15041.18,0,0,1,2,2026-02-03 16:20:41,,2026-02-03 18:41:41,
PED-000723,CLI-0116,6785.32,0,1,0,1,2026-02-04 10:49:01,2026-02-04 11:19:01,, luis.ramirez 
PED-000724,CLI-0057,8775.63,0,0,1,1,2026-02-04 15:23:51,2026-02-04 15:34:51,,ivonne.rios
PED-000725,CLI-0189,5773.32,0,0,1,4,2026-02-04 16:16:22,2026-02-04 17:55:22,,luis_ramirez
PED-000726,CLI-0146,6504.41,1,0,0,1,2026-02-04 08:12:25,2026-02-04 12:49:25,,sergio.nunez
PED-000727,CLI-0081,9748.33,1,0,0,1,2026-02-04 17:30:37,2026-02-04 18:34:37,, karla.mendez 
PED-000728,CLI-0075,7748.83,1,0,0,1,2026-02-04 05:41:41,2026-02-04 06:36:41,,diego.castillo
PED-000729,CLI-0159,6100.12,0,0,1,1,2026-02-04 20:13:23,2026-02-04 23:57:23,, karla.mendez 
PED-000730,CLI-0119,6616.2,0,0,0,1,2026-02-04 06:17:59,2026-02-04 09:51:59,, monica.vega 
PED-000731,CLI-0015,4428.85,0,0,1,1,2026-02-04 08:18:29,2026-02-04 12:26:29,,luis.ramirez
PED-000732,CLI-0184,29492.41,0,0,1,1,2026-02-04 17:02:36,2026-02-04 19:11:36,, ivonne.rios 
PED-000733,CLI-0027,57420.68,0,0,0,1,2026-02-04 15:18:48,2026-02-04 15:26:48,, karla.mendez 
PED-000734,CLI-0008,6972.27,0,0,1,1,2026-02-04 14:07:52,2026-02-04 14:21:52,,KARLA.MENDEZ
PED-000735,CLI-0073,2193.38,0,0,0,1,2026-02-04 13:58:52,2026-02-04 18:38:52,,MONICA.VEGA
PED-000736,CLI-0185,2850.06,0,1,0,3,2026-02-04 19:33:08,,,
PED-000737,CLI-0187,4731.16,0,1,0,2,2026-02-04 21:58:59,,2026-02-05 04:52:59,
PED-000738,CLI-0142,3973.39,0,0,1,1,2026-02-04 03:52:33,2026-02-04 04:05:33,,paola_herrera
PED-000739,CLI-0087,2251.09,0,0,1,4,2026-02-04 06:14:01,2026-02-04 06:44:01,, jorge.salinas 
PED-000740,CLI-0056,2630.18,0,1,0,0,2026-02-04 18:05:05,,,
PED-000741,CLI-0028,26044.93,0,0,0,1,2026-02-04 05:16:22,2026-02-04 08:56:22,, diego.castillo 
PED-000742,CLI-0099,6297.61,0,0,1,0,2026-02-04 10:54:00,,,
PED-000743,CLI-0037,1833.8,0,0,1,2,2026-02-04 05:35:46,,2026-02-04 08:30:46,
PED-000744,CLI-0146,2740.21,0,0,1,1,2026-02-04 13:36:01,2026-02-04 17:33:01,,paola.herrera
PED-000745,CLI-0102,6398.18,0,0,1,1,2026-02-04 17:31:04,2026-02-05 03:00:04,,diego.castillo
PED-000746,CLI-0111,12980.6,0,0,1,1,2026-02-04 15:49:57,2026-02-04 19:08:57,,paola.herrera
PED-000747,CLI-0083,7186.56,1,0,0,1,2026-02-05 11:21:26,2026-02-05 12:10:26,,monica.vega
PED-000748,CLI-0067,2220.35,0,1,0,1,2026-02-05 18:48:21,2026-02-06 01:53:21,,HECTOR.PAREDES
PED-000749,CLI-0085,415.28,0,0,1,1,2026-02-05 21:15:22,2026-02-06 09:16:22,, ana.torres 
PED-000750,CLI-0028,1897.16,0,0,1,1,2026-02-05 16:34:44,2026-02-05 18:00:44,, paola.herrera 
PED-000751,CLI-0190,3465.11,1,0,0,1,2026-02-05 00:50:03,2026-02-05 01:11:03,,KARLA.MENDEZ
PED-000752,CLI-0055,4443.68,0,0,1,1,2026-02-05 16:29:47,2026-02-05 18:11:47,, monica.vega 
PED-000753,CLI-0128,1909.13,0,0,1,1,2026-02-05 20:37:42,2026-02-06 00:44:42,,monica.vega
PED-000754,CLI-0045,2841.35,0,1,0,1,2026-02-05 12:42:57,2026-02-05 13:30:57,,karla.mendez
PED-000755,CLI-0069,6444.69,0,0,1,1,2026-02-05 07:42:57,2026-02-05 11:02:57,, jorge.salinas 
PED-000756,CLI-0089,20760.09,0,0,1,1,2026-02-05 03:03:48,2026-02-05 06:38:48,, ivonne.rios 
PED-000757,CLI-0159,1517.19,0,1,0,1,2026-02-05 16:17:47,2026-02-05 23:27:47,,monica_vega
PED-000758,CLI-0176,5224.81,0,0,1,1,2026-02-05 15:10:54,2026-02-05 19:36:54,, karla.mendez 
PED-000759,CLI-0189,299.04,0,0,1,1,2026-02-05 05:58:57,2026-02-05 08:31:57,,monica.vega
PED-000760,CLI-0163,7376.53,1,0,0,2,2026-02-05 01:33:24,,2026-02-05 07:37:24,
PED-000761,CLI-0078,8009.7,0,0,1,2,2026-02-05 23:45:30,,2026-02-06 01:07:30,
PED-000762,CLI-0069,29122.83,0,0,1,2,2026-02-05 04:33:40,,2026-02-05 08:59:40,
PED-000763,CLI-0031,3470.26,0,1,0,1,2026-02-05 12:42:07,2026-02-05 15:14:07,,sergio_nunez
PED-000764,CLI-0145,8287.97,0,1,0,2,2026-02-05 21:03:17,,2026-02-05 21:25:17,
PED-000765,CLI-0120,2900.88,0,0,0,2,2026-02-05 05:52:59,,2026-02-05 18:48:59,
PED-000766,CLI-0048,15606.78,0,1,0,1,2026-02-05 11:22:33,2026-02-05 13:01:33,,sergio_nunez
PED-000767,CLI-0143,2538.34,0,0,1,1,2026-02-05 15:01:33,2026-02-05 15:45:33,,karla_mendez
PED-000768,CLI-0064,1762.98,0,0,1,4,2026-02-06 01:32:31,2026-02-06 02:38:31,,PAOLA.HERRERA
PED-000769,CLI-0117,3680.46,0,1,0,1,2026-02-06 14:49:40,2026-02-06 17:58:40,,monica.vega
PED-000770,CLI-0094,2753.5,0,0,1,2,2026-02-06 01:26:08,,2026-02-07 11:26:08,
PED-000771,CLI-0127,8952.24,0,0,1,1,2026-02-06 18:26:02,2026-02-06 22:34:02,,karla_mendez
PED-000772,CLI-0184,5356.82,0,0,1,2,2026-02-06 04:51:31,,2026-02-06 16:36:31,
PED-000773,CLI-0071,1925.59,0,1,0,1,2026-02-06 11:45:19,2026-02-06 13:14:19,,jorge.salinas
PED-000774,CLI-0088,6277.96,0,1,0,1,2026-02-06 08:07:43,2026-02-06 08:17:43,,karla_mendez
PED-000775,CLI-0041,4210.46,1,0,0,1,2026-02-06 16:29:34,2026-02-06 21:53:34,,MONICA.VEGA
PED-000776,CLI-0088,4531.19,0,0,1,1,2026-02-06 18:07:10,2026-02-06 23:39:10,,luis.ramirez
PED-000777,CLI-0087,5030.09,0,0,0,1,2026-02-06 08:56:07,2026-02-06 11:13:07,,ivonne.rios
PED-000778,CLI-0119,4512.65,0,0,1,2,2026-02-06 17:31:52,,2026-02-06 18:21:52,
PED-000779,CLI-0105,14431.02,0,1,0,2,2026-02-06 18:45:15,,2026-02-06 20:32:15,
PED-000780,CLI-0080,11795.97,1,0,0,1,2026-02-06 13:28:52,2026-02-06 16:23:52,,ivonne_rios
PED-000781,CLI-0046,14420.21,0,0,1,1,2026-02-06 03:37:29,2026-02-06 09:18:29,,hector.paredes
PED-000782,CLI-0110,7963.88,0,0,1,1,2026-02-06 11:44:02,2026-02-06 19:23:02,,diego_castillo
PED-000783,CLI-0185,6860.58,0,0,1,1,2026-02-06 12:11:50,2026-02-06 12:50:50,,ANA.TORRES
PED-000784,CLI-0069,6761.71,0,0,1,1,2026-02-06 23:33:12,2026-02-07 00:38:12,, monica.vega 
PED-000785,CLI-0070,13504.68,0,0,0,1,2026-02-06 22:36:54,2026-02-06 23:01:54,,DIEGO.CASTILLO
PED-000786,CLI-0083,8637.93,0,1,0,1,2026-02-06 20:12:04,2026-02-07 02:25:04,,LUIS.RAMIREZ
PED-000787,CLI-0069,3643.47,0,0,0,1,2026-02-06 23:40:54,2026-02-07 01:43:54,,paola.herrera
PED-000788,CLI-0112,5615.92,0,1,0,2,2026-02-07 00:32:33,,2026-02-08 01:42:33,
PED-000789,CLI-0091,5861.94,0,0,1,1,2026-02-07 05:33:15,2026-02-07 06:59:15,,DIEGO.CASTILLO
PED-000790,CLI-0151,3149.13,0,1,0,1,2026-02-07 19:44:20,2026-02-07 21:13:20,,karla.mendez
PED-000791,CLI-0024,12961.4,0,0,0,2,2026-02-07 01:59:45,,2026-02-07 03:42:45,
PED-000792,CLI-0111,3896.54,0,1,0,4,2026-02-07 09:46:11,2026-02-07 11:04:11,,diego.castillo
PED-000793,CLI-0088,7202.73,0,0,1,3,2026-02-07 15:28:17,,,
PED-000794,CLI-0046,22180.94,0,1,0,1,2026-02-08 15:49:30,2026-02-08 16:18:30,,karla.mendez
PED-000795,CLI-0125,2442.86,0,1,0,2,2026-02-08 17:07:08,,2026-02-09 00:09:08,
PED-000796,CLI-0167,463.24,0,0,0,2,2026-02-08 07:44:09,,2026-02-08 18:04:09,
PED-000797,CLI-0001,13984.15,0,0,1,1,2026-02-08 01:12:34,2026-02-08 01:35:34,, monica.vega 
PED-000798,CLI-0118,2455.18,0,1,0,0,2026-02-08 12:38:38,,,
PED-000799,CLI-0026,6894.41,0,0,1,2,2026-02-08 12:01:52,,2026-02-09 09:34:52,
PED-000800,CLI-0150,1981.5,0,0,1,2,2026-02-08 07:08:59,,2026-02-09 05:57:59,
PED-000801,CLI-0001,5616.15,0,0,1,1,2026-02-08 16:59:26,2026-02-08 17:24:26,,ivonne_rios
PED-000802,CLI-0011,5247.89,0,1,0,1,2026-02-08 23:19:11,2026-02-09 01:10:11,, diego.castillo 
PED-000803,CLI-0137,6783.8,0,1,0,1,2026-02-08 07:54:35,2026-02-08 13:03:35,,ANA.TORRES
PED-000804,CLI-0151,27512.82,0,0,0,1,2026-02-08 03:58:14,2026-02-08 07:10:14,,monica_vega
PED-000805,CLI-0004,2651.87,0,0,1,4,2026-02-08 23:49:49,2026-02-09 02:16:49,,karla_mendez
PED-000806,CLI-0193,2042.12,0,0,1,1,2026-02-08 08:00:45,2026-02-08 11:14:45,,HECTOR.PAREDES
PED-000807,CLI-0025,4909.6,0,0,1,1,2026-02-08 07:40:38,2026-02-08 08:50:38,,PAOLA.HERRERA
PED-000808,CLI-0028,2230.59,0,0,1,4,2026-02-08 08:16:39,2026-02-08 12:35:39,,diego.castillo
PED-000809,CLI-0039,3491.51,0,0,1,2,2026-02-08 08:33:42,,2026-02-08 16:52:42,
PED-000810,CLI-0088,4961.77,1,0,0,1,2026-02-08 07:51:47,2026-02-08 08:29:47,,paola_herrera
PED-000811,CLI-0131,8853.67,0,0,1,1,2026-02-08 06:34:01,2026-02-08 10:03:01,,luis.ramirez
PED-000812,CLI-0161,7569.29,0,0,1,1,2026-02-08 10:00:22,2026-02-08 10:00:22,,KARLA.MENDEZ
PED-000813,CLI-0131,3024.27,0,1,0,1,2026-02-08 14:05:23,2026-02-08 15:41:23,,ivonne.rios
PED-000814,CLI-0174,371.42,0,0,0,1,2026-02-08 09:37:38,2026-02-08 10:02:38,,luis.ramirez
PED-000815,CLI-0099,4924.28,0,0,0,2,2026-02-08 03:22:00,,2026-02-08 13:28:00,
PED-000816,CLI-0077,16628.45,1,0,0,2,2026-02-08 09:52:43,,2026-02-08 19:19:43,
PED-000817,CLI-0023,731.05,0,0,1,1,2026-02-09 18:15:50,2026-02-09 19:48:50,,hector.paredes
PED-000818,CLI-0173,897.44,0,0,1,1,2026-02-09 14:34:45,2026-02-09 18:49:45,,diego_castillo
PED-000819,CLI-0019,2077.98,0,1,0,1,2026-02-09 22:36:28,2026-02-09 23:15:28,,sergio.nunez
PED-000820,CLI-0200,2691.51,1,0,0,1,2026-02-09 01:45:48,2026-02-09 03:02:48,,MONICA.VEGA
PED-000821,CLI-0128,8560.01,0,0,1,1,2026-02-09 23:05:26,2026-02-09 23:18:26,, luis.ramirez 
PED-000822,CLI-0018,6600.1,0,0,1,1,2026-02-09 03:13:03,2026-02-09 05:12:03,, jorge.salinas 
PED-000823,CLI-0185,4033.27,0,0,1,1,2026-02-09 20:26:22,2026-02-09 22:47:22,, ivonne.rios 
PED-000824,CLI-0072,1309.37,1,0,0,1,2026-02-09 03:30:58,2026-02-09 05:33:58,, jorge.salinas 
PED-000825,CLI-0009,3316.53,0,1,0,1,2026-02-09 07:57:41,2026-02-09 11:53:41,,monica_vega
PED-000826,CLI-0117,11305.9,0,0,1,2,2026-02-09 17:00:32,,2026-02-10 01:04:32,
PED-000827,CLI-0134,6963.56,0,0,1,2,2026-02-09 03:03:25,,2026-02-09 12:05:25,
PED-000828,CLI-0073,10733.11,0,0,0,1,2026-02-09 15:02:10,2026-02-09 20:43:10,,monica_vega
PED-000829,CLI-0129,6649.26,0,0,1,2,2026-02-09 09:58:13,,2026-02-10 09:00:13,
PED-000830,CLI-0191,9994.1,0,0,1,2,2026-02-09 10:15:12,,2026-02-09 20:37:12,
PED-000831,CLI-0137,3993.87,0,0,0,1,2026-02-09 14:18:20,2026-02-09 15:04:20,,luis_ramirez
PED-000832,CLI-0157,18592.18,0,0,1,1,2026-02-09 17:39:46,2026-02-09 23:00:46,,sergio.nunez
PED-000833,CLI-0113,11081.58,0,0,1,1,2026-02-10 01:19:49,2026-02-10 06:17:49,,SERGIO.NUNEZ
PED-000834,CLI-0066,9571.82,0,1,0,1,2026-02-10 19:49:08,2026-02-10 22:46:08,, hector.paredes 
PED-000835,CLI-0111,933.28,0,1,0,1,2026-02-10 02:18:14,2026-02-10 03:27:14,,ANA.TORRES
PED-000836,CLI-0071,2007.56,0,0,1,2,2026-02-10 12:08:49,,2026-02-10 17:30:49,
PED-000837,CLI-0155,2467.52,0,0,1,2,2026-02-10 02:37:51,,2026-02-10 05:07:51,
PED-000838,CLI-0098,6667.8,0,0,0,1,2026-02-10 08:01:03,2026-02-10 09:14:03,,ana.torres
PED-000839,CLI-0002,7027.56,0,0,0,0,2026-02-10 00:40:33,,,
PED-000840,CLI-0086,19166.69,0,1,0,1,2026-02-10 15:30:43,2026-02-10 18:49:43,, hector.paredes 
PED-000841,CLI-0019,1938.61,1,0,0,2,2026-02-10 06:23:20,,2026-02-10 12:07:20,
PED-000842,CLI-0026,9731.6,1,0,0,2,2026-02-10 01:46:27,,2026-02-10 17:34:27,
PED-000843,CLI-0002,1243.98,1,0,0,1,2026-02-10 11:25:13,2026-02-10 13:22:13,,KARLA.MENDEZ
PED-000844,CLI-0130,7894.34,0,0,1,1,2026-02-10 12:19:37,2026-02-10 13:48:37,,SERGIO.NUNEZ
PED-000845,CLI-0138,10058.26,0,0,1,2,2026-02-11 15:22:58,,2026-02-11 16:18:58,
PED-000846,CLI-0127,5886.52,1,0,0,4,2026-02-11 07:40:25,2026-02-11 09:32:25,, ivonne.rios 
PED-000847,CLI-0091,7737.14,0,0,1,1,2026-02-11 14:30:09,2026-02-11 16:52:09,,HECTOR.PAREDES
PED-000848,CLI-0177,4893.46,0,0,1,1,2026-02-11 15:48:45,2026-02-11 21:38:45,,HECTOR.PAREDES
PED-000849,CLI-0177,5562.83,0,0,1,2,2026-02-11 18:35:12,,2026-02-11 20:31:12,
PED-000850,CLI-0133,2995.86,0,0,1,2,2026-02-11 21:59:31,,2026-02-12 02:31:31,
PED-000851,CLI-0102,6479.49,0,0,1,1,2026-02-11 21:58:23,2026-02-11 22:22:23,,hector_paredes
PED-000852,CLI-0158,17142.8,0,0,0,1,2026-02-11 11:11:50,2026-02-11 12:02:50,,monica.vega
PED-000853,CLI-0197,6914.83,0,1,0,1,2026-02-11 10:54:20,2026-02-11 11:29:20,,LUIS.RAMIREZ
PED-000854,CLI-0086,20826.24,0,0,1,1,2026-02-11 11:35:09,2026-02-11 13:22:09,,LUIS.RAMIREZ
PED-000855,CLI-0163,7285.95,0,0,0,1,2026-02-11 01:15:30,2026-02-11 09:16:30,,karla.mendez
PED-000856,CLI-0169,9493.33,0,1,0,2,2026-02-11 11:24:59,,2026-02-14 04:49:59,
PED-000857,CLI-0110,1180.0,0,1,0,1,2026-02-11 10:52:43,2026-02-11 17:43:43,,karla_mendez
PED-000858,CLI-0120,11322.01,0,1,0,0,2026-02-11 10:26:06,,,
PED-000859,CLI-0036,3893.82,0,1,0,1,2026-02-11 18:24:36,2026-02-11 20:16:36,,monica_vega
PED-000860,CLI-0186,2796.24,0,0,1,1,2026-02-11 06:49:52,2026-02-11 08:01:52,, ivonne.rios 
PED-000861,CLI-0032,1848.48,0,0,1,1,2026-02-11 15:05:29,2026-02-12 06:22:29,,luis.ramirez
PED-000862,CLI-0066,7595.65,0,0,1,1,2026-02-11 13:38:55,2026-02-11 17:23:55,,ivonne.rios
PED-000863,CLI-0197,1162.06,0,1,0,2,2026-02-11 02:34:36,,2026-02-11 11:09:36,
PED-000864,CLI-0077,2245.51,0,0,1,2,2026-02-11 13:03:26,,2026-02-12 03:25:26,
PED-000865,CLI-0159,924.8,0,0,1,1,2026-02-11 04:59:19,2026-02-11 06:24:19,,diego_castillo
PED-000866,CLI-0002,4332.64,0,1,0,2,2026-02-11 13:47:36,,2026-02-11 15:22:36,
PED-000867,CLI-0183,6867.74,0,1,0,1,2026-02-11 04:19:25,2026-02-11 10:48:25,, diego.castillo 
PED-000868,CLI-0010,1891.12,0,0,1,1,2026-02-11 10:19:01,2026-02-11 16:16:01,,diego_castillo
PED-000869,CLI-0168,4988.32,0,1,0,1,2026-02-11 18:49:12,2026-02-11 20:17:12,,KARLA.MENDEZ
PED-000870,CLI-0003,2565.97,0,0,1,1,2026-02-11 23:30:59,2026-02-12 04:20:59,,ana.torres
PED-000871,CLI-0036,2862.28,1,0,0,1,2026-02-11 08:12:47,2026-02-11 09:42:47,,sergio_nunez
PED-000872,CLI-0010,2519.4,0,0,1,1,2026-02-11 03:36:50,2026-02-11 08:31:50,, ana.torres 
PED-000873,CLI-0117,4969.75,1,0,0,4,2026-02-12 02:59:18,2026-02-12 03:15:18,,sergio.nunez
PED-000874,CLI-0073,5257.88,0,0,1,1,2026-02-12 23:46:55,2026-02-13 02:54:55,,PAOLA.HERRERA
PED-000875,CLI-0084,10551.04,0,0,0,4,2026-02-12 23:03:24,2026-02-13 04:17:24,,karla_mendez
PED-000876,CLI-0179,2572.99,0,0,1,1,2026-02-12 06:59:04,2026-02-12 07:28:04,,diego_castillo
PED-000877,CLI-0104,672.53,0,1,0,1,2026-02-12 16:37:40,2026-02-13 05:17:40,,IVONNE.RIOS
PED-000878,CLI-0075,4634.83,0,1,0,1,2026-02-12 13:55:52,2026-02-12 18:59:52,,luis_ramirez
PED-000879,CLI-0154,4263.22,0,0,1,1,2026-02-12 17:55:57,2026-02-12 18:19:57,,diego.castillo
PED-000880,CLI-0110,2918.21,0,0,1,2,2026-02-12 06:02:47,,2026-02-12 20:13:47,
PED-000881,CLI-0059,7351.64,0,0,1,2,2026-02-12 00:08:28,,2026-02-12 00:57:28,
PED-000882,CLI-0165,1649.78,0,0,1,2,2026-02-12 08:18:13,,2026-02-12 08:51:13,
PED-000883,CLI-0155,1202.99,0,0,0,1,2026-02-12 02:08:38,2026-02-12 05:27:38,,paola_herrera
PED-000884,CLI-0200,12379.33,0,1,0,4,2026-02-12 07:41:21,2026-02-12 14:30:21,,HECTOR.PAREDES
PED-000885,CLI-0161,2957.55,1,0,0,1,2026-02-12 23:23:14,2026-02-13 03:23:14,,luis.ramirez
PED-000886,CLI-0178,7001.13,0,0,1,1,2026-02-12 18:28:37,2026-02-12 21:00:37,,monica_vega
PED-000887,CLI-0183,22490.32,0,0,1,1,2026-02-12 18:23:31,2026-02-12 22:17:31,,IVONNE.RIOS
PED-000888,CLI-0144,5384.39,0,1,0,2,2026-02-12 05:42:51,,2026-02-13 01:03:51,
PED-000889,CLI-0014,2657.74,0,0,1,0,2026-02-12 12:09:36,,,
PED-000890,CLI-0008,4480.8,0,0,1,2,2026-02-12 05:32:31,,2026-02-12 07:52:31,
PED-000891,CLI-0017,8922.56,0,0,1,1,2026-02-12 07:47:53,2026-02-12 08:08:53,,monica_vega
PED-000892,CLI-0124,993.25,0,0,0,1,2026-02-12 08:15:19,2026-02-12 08:48:19,,sergio.nunez
PED-000893,CLI-0008,592.9,0,0,0,1,2026-02-13 19:34:01,2026-02-13 21:35:01,, ivonne.rios 
PED-000894,CLI-0110,9160.7,1,0,0,0,2026-02-13 16:01:36,,,
PED-000895,CLI-0093,2295.32,0,0,0,2,2026-02-13 04:23:56,,2026-02-13 07:05:56,
PED-000896,CLI-0163,9891.35,1,0,0,2,2026-02-13 23:18:47,,2026-02-15 02:23:47,
PED-000897,CLI-0182,3644.46,0,0,1,1,2026-02-13 08:07:55,2026-02-13 08:28:55,,luis_ramirez
PED-000898,CLI-0080,12110.51,0,0,1,2,2026-02-13 13:42:22,,2026-02-14 04:59:22,
PED-000899,CLI-0015,2981.84,1,0,0,1,2026-02-14 08:08:20,2026-02-14 08:22:20,,sergio.nunez
PED-000900,CLI-0071,6053.5,0,1,0,1,2026-02-14 12:11:17,2026-02-14 12:34:17,, sergio.nunez 
PED-000901,CLI-0032,1032.22,1,0,0,1,2026-02-14 12:06:53,2026-02-14 12:29:53,, monica.vega 
PED-000902,CLI-0067,3857.89,0,1,0,1,2026-02-14 17:28:58,2026-02-14 17:51:58,,karla.mendez
PED-000903,CLI-0040,932.35,0,0,1,1,2026-02-14 14:55:22,2026-02-14 15:25:22,,DIEGO.CASTILLO
PED-000904,CLI-0189,12228.59,0,0,1,1,2026-02-14 22:32:14,2026-02-15 06:35:14,,jorge_salinas
PED-000905,CLI-0021,49676.63,1,0,0,2,2026-02-14 16:58:24,,2026-02-14 17:18:24,
PED-000906,CLI-0111,12490.66,0,0,1,1,2026-02-14 23:03:59,2026-02-15 03:40:59,, karla.mendez 
PED-000907,CLI-0121,5859.12,0,0,1,2,2026-02-14 11:17:04,,2026-02-14 20:59:04,
PED-000908,CLI-0128,705.0,1,0,0,1,2026-02-14 13:54:43,2026-02-14 15:06:43,,jorge_salinas
PED-000909,CLI-0036,8911.94,0,0,1,1,2026-02-14 13:50:24,2026-02-14 14:25:24,, luis.ramirez 
PED-000910,CLI-0057,7852.98,0,0,1,2,2026-02-14 23:35:09,,2026-02-15 15:15:09,
PED-000911,CLI-0017,4372.81,0,0,1,1,2026-02-14 08:34:35,2026-02-14 12:47:35,,paola.herrera
PED-000912,CLI-0024,2291.48,0,1,0,1,2026-02-14 20:21:26,2026-02-14 21:12:26,, diego.castillo 
PED-000913,CLI-0160,27851.24,0,0,1,1,2026-02-14 10:44:27,2026-02-14 11:28:27,,diego.castillo
PED-000914,CLI-0193,14521.77,0,1,0,1,2026-02-14 06:25:39,2026-02-14 07:54:39,,ivonne_rios
PED-000915,CLI-0156,5730.54,0,0,1,1,2026-02-14 13:16:45,2026-02-14 15:07:45,,diego.castillo
PED-000916,CLI-0059,4673.47,0,1,0,2,2026-02-14 05:49:09,,2026-02-14 11:17:09,
PED-000917,CLI-0113,16937.3,0,0,1,2,2026-02-14 07:27:45,,2026-02-14 10:34:45,
PED-000918,CLI-0111,6994.14,0,0,1,1,2026-02-15 02:44:13,2026-02-15 06:36:13,,HECTOR.PAREDES
PED-000919,CLI-0030,1401.5,0,1,0,1,2026-02-15 13:37:35,2026-02-15 15:35:35,,jorge.salinas
PED-000920,CLI-0131,2962.74,0,0,1,1,2026-02-15 21:24:42,2026-02-15 22:43:42,,ana.torres
PED-000921,CLI-0110,3388.7,0,1,0,4,2026-02-15 05:44:06,2026-02-15 07:23:06,,paola.herrera
PED-000922,CLI-0063,5606.12,0,0,1,1,2026-02-15 10:07:08,2026-02-15 12:25:08,,MONICA.VEGA
PED-000923,CLI-0078,3026.49,1,0,0,4,2026-02-15 05:22:07,2026-02-15 09:24:07,, karla.mendez 
PED-000924,CLI-0069,11313.35,0,0,0,1,2026-02-15 17:42:06,2026-02-15 19:07:06,, diego.castillo 
PED-000925,CLI-0134,7568.57,0,1,0,2,2026-02-15 00:19:12,,2026-02-15 03:45:12,
PED-000926,CLI-0097,8206.95,0,0,1,1,2026-02-15 14:59:21,2026-02-15 23:55:21,,monica.vega
PED-000927,CLI-0117,3837.71,0,0,0,1,2026-02-15 11:34:27,2026-02-15 12:32:27,,monica.vega
PED-000928,CLI-0032,1932.76,1,0,0,4,2026-02-15 01:31:02,2026-02-15 03:48:02,,ivonne_rios
PED-000929,CLI-0100,16191.85,0,1,0,2,2026-02-15 03:27:33,,2026-02-15 08:01:33,
PED-000930,CLI-0012,5766.2,1,0,0,1,2026-02-15 09:16:46,2026-02-15 10:06:46,,sergio_nunez
PED-000931,CLI-0165,13938.37,1,0,0,0,2026-02-15 10:41:28,,,
PED-000932,CLI-0027,9939.44,0,0,0,2,2026-02-15 17:35:00,,2026-02-15 18:14:00,
PED-000933,CLI-0025,3978.58,0,0,0,4,2026-02-15 17:26:06,2026-02-15 22:12:06,, luis.ramirez 
PED-000934,CLI-0086,4043.95,0,0,0,1,2026-02-15 21:57:39,2026-02-16 00:11:39,,hector.paredes
PED-000935,CLI-0020,2986.76,0,0,0,1,2026-02-16 18:00:59,2026-02-16 21:17:59,,sergio_nunez
PED-000936,CLI-0101,9367.19,0,0,1,2,2026-02-16 10:26:25,,2026-02-16 11:33:25,
PED-000937,CLI-0081,4280.41,0,0,1,1,2026-02-16 06:19:03,2026-02-16 08:30:03,,ana.torres
PED-000938,CLI-0058,56358.71,0,0,1,1,2026-02-16 22:11:05,2026-02-16 22:42:05,,PAOLA.HERRERA
PED-000939,CLI-0105,5737.78,0,0,1,1,2026-02-16 08:00:05,2026-02-16 09:48:05,,HECTOR.PAREDES
PED-000940,CLI-0115,1791.11,0,0,1,4,2026-02-16 15:41:34,2026-02-16 15:46:34,,JORGE.SALINAS
PED-000941,CLI-0146,403.11,1,0,0,4,2026-02-16 22:37:02,2026-02-17 01:19:02,,ANA.TORRES
PED-000942,CLI-0024,635.33,0,1,0,0,2026-02-16 01:13:32,,,
PED-000943,CLI-0040,4080.22,0,1,0,1,2026-02-16 10:17:20,2026-02-16 12:54:20,,ana_torres
PED-000944,CLI-0168,1390.72,0,0,1,3,2026-02-16 06:28:47,,,
PED-000945,CLI-0191,2396.27,0,1,0,1,2026-02-16 01:02:10,2026-02-16 02:27:10,,JORGE.SALINAS
PED-000946,CLI-0153,4696.15,0,0,1,2,2026-02-16 01:46:17,,2026-02-16 01:46:17,
PED-000947,CLI-0064,2985.77,0,0,1,1,2026-02-16 05:31:05,2026-02-16 05:58:05,,ANA.TORRES
PED-000948,CLI-0146,528.01,0,1,0,1,2026-02-16 23:16:50,2026-02-17 00:38:50,, ana.torres 
PED-000949,CLI-0090,11271.39,0,0,1,1,2026-02-16 06:36:31,2026-02-16 08:37:31,,JORGE.SALINAS
PED-000950,CLI-0155,5900.84,0,0,1,1,2026-02-16 18:04:47,2026-02-16 20:05:47,, luis.ramirez 
PED-000951,CLI-0184,8028.22,1,0,0,2,2026-02-16 17:36:07,,2026-02-16 22:56:07,
PED-000952,CLI-0001,1122.53,0,0,1,1,2026-02-16 22:25:43,2026-02-16 22:29:43,, karla.mendez 
PED-000953,CLI-0131,1261.3,0,1,0,1,2026-02-16 03:39:19,2026-02-16 14:34:19,,monica.vega
PED-000954,CLI-0093,8537.53,0,0,1,0,2026-02-16 17:38:49,,,
PED-000955,CLI-0075,677.2,0,0,1,1,2026-02-17 18:50:11,2026-02-17 20:05:11,,paola.herrera
PED-000956,CLI-0146,3741.97,0,1,0,1,2026-02-17 00:32:36,2026-02-17 01:54:36,,ANA.TORRES
PED-000957,CLI-0053,1465.17,0,1,0,2,2026-02-17 03:07:06,,2026-02-17 08:08:06,
PED-000958,CLI-0030,10379.22,0,1,0,1,2026-02-17 21:05:05,2026-02-18 03:14:05,,luis_ramirez
PED-000959,CLI-0080,8778.52,0,1,0,1,2026-02-17 23:09:00,2026-02-18 04:26:00,, hector.paredes 
PED-000960,CLI-0007,5652.87,1,0,0,2,2026-02-17 22:11:10,,2026-02-18 05:24:10,
PED-000961,CLI-0040,6757.28,0,0,1,1,2026-02-17 15:09:05,2026-02-17 21:17:05,, diego.castillo 
PED-000962,CLI-0023,10055.89,0,0,1,1,2026-02-17 09:43:46,2026-02-17 11:16:46,,paola_herrera
PED-000963,CLI-0063,1333.66,0,1,0,2,2026-02-17 03:43:14,,2026-02-17 16:28:14,
PED-000964,CLI-0134,1871.13,0,0,1,1,2026-02-17 23:06:45,2026-02-18 00:38:45,,ivonne.rios
PED-000965,CLI-0034,1540.09,0,1,0,4,2026-02-17 11:54:22,2026-02-17 15:24:22,,DIEGO.CASTILLO
PED-000966,CLI-0041,12071.72,0,0,0,1,2026-02-17 06:08:11,2026-02-17 15:15:11,,HECTOR.PAREDES
PED-000967,CLI-0097,5751.12,0,0,0,1,2026-02-17 07:31:55,2026-02-17 08:12:55,,jorge.salinas
PED-000968,CLI-0168,5604.27,0,0,1,4,2026-02-17 02:17:31,2026-02-17 02:25:31,, ivonne.rios 
PED-000969,CLI-0119,3317.23,0,0,1,4,2026-02-17 03:45:51,2026-02-17 04:57:51,,ivonne_rios
PED-000970,CLI-0012,9932.49,1,0,0,1,2026-02-17 01:39:56,2026-02-17 08:16:56,, ana.torres 
PED-000971,CLI-0054,10967.68,0,0,1,2,2026-02-17 16:42:32,,2026-02-18 09:48:32,
PED-000972,CLI-0101,752.84,0,0,0,2,2026-02-17 18:43:42,,2026-02-18 03:15:42,
PED-000973,CLI-0161,28733.1,0,0,0,1,2026-02-17 21:37:44,2026-02-18 00:37:44,, hector.paredes 
PED-000974,CLI-0033,15652.45,0,0,0,1,2026-02-17 18:20:35,2026-02-18 01:44:35,,karla_mendez
PED-000975,CLI-0170,32351.02,1,0,0,1,2026-02-18 01:50:41,2026-02-18 02:55:41,, monica.vega 
PED-000976,CLI-0098,5246.5,0,1,0,1,2026-02-18 21:17:15,2026-02-18 23:56:15,,luis.ramirez
PED-000977,CLI-0037,32044.79,0,0,1,1,2026-02-18 23:38:17,2026-02-19 10:10:17,, karla.mendez 
PED-000978,CLI-0150,2462.63,0,0,1,1,2026-02-18 17:56:26,2026-02-19 04:46:26,,diego.castillo
PED-000979,CLI-0086,3487.57,0,0,1,2,2026-02-18 06:21:49,,2026-02-19 20:11:49,
PED-000980,CLI-0191,22992.94,0,0,0,1,2026-02-18 23:53:46,2026-02-19 01:24:46,,hector.paredes
PED-000981,CLI-0099,4028.72,0,1,0,2,2026-02-18 12:03:24,,2026-02-19 05:31:24,
PED-000982,CLI-0070,2505.36,0,0,1,1,2026-02-18 09:24:53,2026-02-18 11:04:53,,paola_herrera
PED-000983,CLI-0042,1132.76,0,0,1,1,2026-02-18 22:04:44,2026-02-18 23:06:44,,DIEGO.CASTILLO
PED-000984,CLI-0141,2799.08,0,0,0,0,2026-02-18 02:55:40,,,
PED-000985,CLI-0057,3790.69,0,0,1,2,2026-02-18 20:14:20,,2026-02-18 22:43:20,
PED-000986,CLI-0035,18706.77,1,0,0,1,2026-02-18 19:42:09,2026-02-18 20:04:09,,paola_herrera
PED-000987,CLI-0126,10986.65,0,0,1,1,2026-02-18 12:28:13,2026-02-18 14:11:13,,karla_mendez
PED-000988,CLI-0027,4268.92,0,1,0,2,2026-02-18 04:44:51,,2026-02-18 10:28:51,
PED-000989,CLI-0039,13660.27,0,0,1,1,2026-02-19 12:56:47,2026-02-19 14:21:47,,IVONNE.RIOS
PED-000990,CLI-0152,3147.22,0,0,1,1,2026-02-19 15:15:23,2026-02-19 15:18:23,, hector.paredes 
PED-000991,CLI-0176,5987.9,0,1,0,1,2026-02-19 11:42:35,2026-02-19 12:12:35,,HECTOR.PAREDES
PED-000992,CLI-0069,7550.79,0,1,0,2,2026-02-19 02:50:02,,2026-02-19 03:55:02,
PED-000993,CLI-0083,7229.48,0,0,1,1,2026-02-19 21:55:15,2026-02-19 22:10:15,,ana.torres
PED-000994,CLI-0063,80153.37,0,0,0,1,2026-02-19 07:35:57,2026-02-19 15:55:57,,luis.ramirez
PED-000995,CLI-0116,8160.49,0,1,0,2,2026-02-19 05:52:31,,2026-02-19 20:29:31,
PED-000996,CLI-0153,1552.13,0,0,1,1,2026-02-19 20:27:23,2026-02-20 01:37:23,, karla.mendez 
PED-000997,CLI-0095,5394.37,0,1,0,1,2026-02-19 01:18:45,2026-02-19 04:25:45,,karla_mendez
PED-000998,CLI-0103,2968.12,1,0,0,2,2026-02-19 19:24:33,,2026-02-20 11:10:33,
PED-000999,CLI-0191,11988.29,0,1,0,1,2026-02-19 16:52:34,2026-02-20 03:46:34,,karla_mendez
PED-001000,CLI-0010,1336.42,0,1,0,1,2026-02-19 19:10:33,2026-02-19 20:11:33,,PAOLA.HERRERA
PED-001001,CLI-0085,28384.09,0,0,1,2,2026-02-19 06:14:39,,2026-02-19 09:10:39,
PED-001002,CLI-0005,3915.44,0,0,0,1,2026-02-20 19:03:01,2026-02-20 23:55:01,, sergio.nunez 
PED-001003,CLI-0003,12256.34,0,1,0,1,2026-02-20 08:43:15,2026-02-20 16:55:15,,KARLA.MENDEZ
PED-001004,CLI-0095,941.87,0,0,1,2,2026-02-20 06:04:04,,2026-02-20 14:27:04,
PED-001005,CLI-0010,3945.11,0,0,0,1,2026-02-20 06:20:47,2026-02-20 14:27:47,, diego.castillo 
PED-001006,CLI-0030,3978.12,1,0,0,1,2026-02-20 21:19:55,2026-02-21 01:06:55,,DIEGO.CASTILLO
PED-001007,CLI-0090,19938.64,0,1,0,4,2026-02-20 15:17:00,2026-02-20 18:15:00,,SERGIO.NUNEZ
PED-001008,CLI-0017,25894.76,0,0,1,1,2026-02-20 21:40:49,2026-02-21 00:14:49,,KARLA.MENDEZ
PED-001009,CLI-0025,2105.05,1,0,0,1,2026-02-20 10:10:40,2026-02-20 11:08:40,, hector.paredes 
PED-001010,CLI-0104,5591.32,1,0,0,1,2026-02-20 00:49:41,2026-02-20 04:02:41,,diego_castillo
PED-001011,CLI-0170,9461.08,0,0,1,2,2026-02-20 01:41:44,,2026-02-20 03:06:44,
PED-001012,CLI-0077,1268.24,0,0,1,1,2026-02-20 07:03:51,2026-02-20 08:30:51,,IVONNE.RIOS
PED-001013,CLI-0024,27526.18,0,0,0,1,2026-02-20 16:47:38,2026-02-20 19:57:38,,LUIS.RAMIREZ
PED-001014,CLI-0180,2076.31,0,1,0,1,2026-02-20 14:21:01,2026-02-20 22:29:01,,paola.herrera
PED-001015,CLI-0089,1777.89,0,1,0,1,2026-02-20 00:45:35,2026-02-20 06:44:35,,DIEGO.CASTILLO
PED-001016,CLI-0036,1167.14,0,0,0,1,2026-02-20 09:56:40,2026-02-20 16:36:40,,HECTOR.PAREDES
PED-001017,CLI-0139,443.49,0,0,0,1,2026-02-21 13:33:17,2026-02-21 14:39:17,,ana_torres
PED-001018,CLI-0019,1119.63,0,0,0,1,2026-02-21 07:22:35,2026-02-21 08:02:35,, ivonne.rios 
PED-001019,CLI-0022,6677.91,0,0,1,1,2026-02-21 13:12:17,2026-02-21 17:03:17,,ANA.TORRES
PED-001020,CLI-0045,5715.21,0,0,1,2,2026-02-21 02:38:07,,2026-02-21 08:52:07,
PED-001021,CLI-0171,21157.12,0,0,1,1,2026-02-21 10:11:04,2026-02-21 13:07:04,,DIEGO.CASTILLO
PED-001022,CLI-0003,6624.48,1,0,0,1,2026-02-21 00:23:49,2026-02-21 01:22:49,,karla_mendez
PED-001023,CLI-0013,15676.99,0,1,0,1,2026-02-21 23:45:42,2026-02-22 04:06:42,,monica_vega
PED-001024,CLI-0159,5605.58,1,0,0,1,2026-02-21 15:34:24,2026-02-21 19:51:24,, diego.castillo 
PED-001025,CLI-0020,1027.53,1,0,0,4,2026-02-21 15:37:59,2026-02-21 17:11:59,,ANA.TORRES
PED-001026,CLI-0134,2709.31,0,0,0,1,2026-02-21 07:11:30,2026-02-21 16:50:30,,ana_torres
PED-001027,CLI-0105,2462.27,0,0,1,0,2026-02-21 06:59:05,,,
PED-001028,CLI-0052,4727.6,0,0,1,1,2026-02-21 06:00:40,2026-02-21 10:07:40,,paola.herrera
PED-001029,CLI-0162,15153.68,0,1,0,2,2026-02-21 18:57:37,,2026-02-21 23:40:37,
PED-001030,CLI-0088,11806.04,0,1,0,1,2026-02-21 05:53:03,2026-02-21 07:03:03,, jorge.salinas 
PED-001031,CLI-0008,7130.42,0,1,0,2,2026-02-21 15:34:13,,2026-02-22 07:09:13,
PED-001032,CLI-0165,2220.14,0,0,1,2,2026-02-21 00:56:36,,2026-02-21 19:06:36,
PED-001033,CLI-0164,12896.52,0,1,0,1,2026-02-21 08:29:14,2026-02-21 13:28:14,,diego.castillo
PED-001034,CLI-0056,595.14,0,0,1,2,2026-02-21 00:36:23,,2026-02-21 21:08:23,
PED-001035,CLI-0099,1332.54,0,1,0,1,2026-02-21 21:57:00,2026-02-22 04:27:00,,karla.mendez
PED-001036,CLI-0122,9058.53,0,0,1,2,2026-02-22 14:00:38,,2026-02-22 18:10:38,
PED-001037,CLI-0127,22453.37,0,1,0,2,2026-02-22 01:54:39,,2026-02-22 13:55:39,
PED-001038,CLI-0026,3895.24,0,0,1,1,2026-02-22 12:36:11,2026-02-22 14:32:11,,MONICA.VEGA
PED-001039,CLI-0078,4233.62,0,0,1,2,2026-02-22 00:41:46,,2026-02-22 15:58:46,
PED-001040,CLI-0162,15296.53,0,1,0,2,2026-02-22 15:58:05,,2026-02-22 16:19:05,
PED-001041,CLI-0196,1606.46,0,0,1,2,2026-02-22 14:41:53,,2026-02-22 18:37:53,
PED-001042,CLI-0020,3253.71,0,0,1,1,2026-02-22 06:57:19,2026-02-22 07:26:19,, diego.castillo 
PED-001043,CLI-0156,3287.5,0,1,0,1,2026-02-22 02:05:58,2026-02-22 02:31:58,,DIEGO.CASTILLO
PED-001044,CLI-0088,2745.41,0,0,1,2,2026-02-22 11:31:43,,2026-02-22 18:57:43,
PED-001045,CLI-0049,14663.27,0,0,1,2,2026-02-22 21:32:12,,2026-02-24 01:13:12,
PED-001046,CLI-0079,1983.82,0,1,0,1,2026-02-22 15:50:01,2026-02-22 20:27:01,, jorge.salinas 
PED-001047,CLI-0079,1465.75,0,1,0,1,2026-02-22 02:07:15,2026-02-22 03:38:15,,diego.castillo
PED-001048,CLI-0013,4652.02,1,0,0,1,2026-02-22 04:50:44,2026-02-22 10:44:44,, jorge.salinas 
PED-001049,CLI-0101,2889.68,0,1,0,2,2026-02-22 02:02:38,,2026-02-22 21:41:38,
PED-001050,CLI-0112,6997.09,0,0,1,1,2026-02-22 08:23:31,2026-02-22 11:23:31,,JORGE.SALINAS
PED-001051,CLI-0099,6667.94,0,1,0,1,2026-02-22 23:26:16,2026-02-23 08:04:16,, luis.ramirez 
PED-001052,CLI-0177,5877.54,1,0,0,0,2026-02-22 00:30:23,,,
PED-001053,CLI-0101,2950.42,0,0,1,1,2026-02-22 20:29:36,2026-02-22 21:39:36,,sergio_nunez
PED-001054,CLI-0098,10274.96,0,0,1,4,2026-02-23 14:03:14,2026-02-23 20:52:14,, luis.ramirez 
PED-001055,CLI-0115,4048.06,0,1,0,2,2026-02-23 18:26:20,,2026-02-24 04:01:20,
PED-001056,CLI-0081,430.22,0,1,0,1,2026-02-23 02:10:23,2026-02-23 06:06:23,, sergio.nunez 
PED-001057,CLI-0012,2165.02,0,1,0,2,2026-02-23 06:16:06,,2026-02-23 13:14:06,
PED-001058,CLI-0045,29539.05,1,0,0,1,2026-02-23 12:13:55,2026-02-23 12:21:55,,hector_paredes
PED-001059,CLI-0082,8282.83,0,0,0,1,2026-02-23 13:57:01,2026-02-24 01:16:01,, karla.mendez 
PED-001060,CLI-0044,1848.84,0,0,1,1,2026-02-23 00:35:53,2026-02-23 00:59:53,, jorge.salinas 
PED-001061,CLI-0009,3138.9,0,0,1,1,2026-02-23 08:53:31,2026-02-23 11:19:31,,ana_torres
PED-001062,CLI-0046,23424.1,0,1,0,1,2026-02-23 16:08:28,2026-02-23 19:35:28,,DIEGO.CASTILLO
PED-001063,CLI-0131,10109.41,0,0,1,1,2026-02-23 22:36:27,2026-02-23 22:42:27,,ana.torres
PED-001064,CLI-0122,1751.68,0,0,0,1,2026-02-23 02:14:46,2026-02-23 03:11:46,,ivonne.rios
PED-001065,CLI-0025,2902.52,0,0,1,1,2026-02-23 06:39:08,2026-02-23 07:12:08,,MONICA.VEGA
PED-001066,CLI-0140,1038.71,0,1,0,1,2026-02-23 14:02:04,2026-02-23 14:58:04,,ana_torres
PED-001067,CLI-0096,24504.57,1,0,0,2,2026-02-23 01:43:43,,2026-02-23 07:49:43,
PED-001068,CLI-0150,2439.73,0,1,0,2,2026-02-23 10:28:32,,2026-02-23 21:32:32,
PED-001069,CLI-0151,6613.79,0,0,1,1,2026-02-23 19:29:07,2026-02-23 22:33:07,,ivonne_rios
PED-001070,CLI-0183,2395.86,0,1,0,1,2026-02-23 14:04:36,2026-02-23 14:33:36,,paola_herrera
PED-001071,CLI-0129,19770.58,0,0,1,1,2026-02-23 01:10:46,2026-02-23 03:55:46,,hector_paredes
PED-001072,CLI-0099,26502.95,0,1,0,1,2026-02-23 00:28:15,2026-02-23 01:39:15,,hector.paredes
PED-001073,CLI-0120,3875.37,0,0,1,2,2026-02-23 06:59:14,,2026-02-23 20:18:14,
PED-001074,CLI-0144,19954.4,0,1,0,1,2026-02-24 20:05:08,2026-02-25 03:00:08,, ivonne.rios 
PED-001075,CLI-0058,1006.36,0,1,0,2,2026-02-24 06:22:16,,2026-02-24 23:15:16,
PED-001076,CLI-0108,3505.68,0,1,0,1,2026-02-24 08:01:11,2026-02-24 15:14:11,,LUIS.RAMIREZ
PED-001077,CLI-0191,6946.45,0,1,0,1,2026-02-24 12:34:20,2026-02-24 12:51:20,,diego.castillo
PED-001078,CLI-0006,8990.39,1,0,0,2,2026-02-24 19:44:10,,2026-02-25 18:02:10,
PED-001079,CLI-0194,3459.28,0,0,0,2,2026-02-24 15:01:45,,2026-02-24 17:03:45,
PED-001080,CLI-0026,6141.36,0,1,0,1,2026-02-24 23:36:33,2026-02-25 00:17:33,,monica.vega
PED-001081,CLI-0182,1988.24,0,1,0,2,2026-02-24 18:18:59,,2026-02-24 20:18:59,
PED-001082,CLI-0079,827.72,0,0,0,2,2026-02-24 12:39:14,,2026-02-26 09:10:14,
PED-001083,CLI-0011,5914.08,0,1,0,4,2026-02-24 12:22:23,2026-02-24 16:16:23,,DIEGO.CASTILLO
PED-001084,CLI-0049,17065.63,0,0,1,1,2026-02-24 13:45:18,2026-02-24 16:25:18,,diego_castillo
PED-001085,CLI-0097,8682.67,0,0,1,1,2026-02-24 12:12:29,2026-02-24 13:23:29,,jorge.salinas
PED-001086,CLI-0001,4837.84,0,1,0,1,2026-02-24 05:06:07,2026-02-24 07:27:07,,diego.castillo
PED-001087,CLI-0148,7558.69,0,0,1,1,2026-02-24 06:24:21,2026-02-24 07:07:21,,karla.mendez
PED-001088,CLI-0193,2901.14,0,1,0,1,2026-02-24 05:18:28,2026-02-24 06:29:28,,HECTOR.PAREDES
PED-001089,CLI-0045,4100.96,0,0,1,1,2026-02-24 03:41:54,2026-02-24 07:57:54,, jorge.salinas 
PED-001090,CLI-0082,1058.4,0,0,1,1,2026-02-25 00:57:17,2026-02-25 01:25:17,, luis.ramirez 
PED-001091,CLI-0144,1944.06,0,0,1,1,2026-02-25 20:49:04,2026-02-26 04:53:04,,ana.torres
PED-001092,CLI-0106,4522.76,1,0,0,1,2026-02-25 08:24:43,2026-02-25 16:19:43,, paola.herrera 
PED-001093,CLI-0162,1881.64,0,0,1,1,2026-02-25 09:28:15,2026-02-25 13:26:15,,paola.herrera
PED-001094,CLI-0159,5091.38,0,0,1,2,2026-02-25 09:26:25,,2026-02-25 18:45:25,
PED-001095,CLI-0168,9104.68,0,0,1,1,2026-02-25 05:06:37,2026-02-25 09:39:37,,karla_mendez
PED-001096,CLI-0003,1519.58,0,0,1,1,2026-02-25 21:51:41,2026-02-25 22:53:41,,monica.vega
PED-001097,CLI-0129,1460.0,0,1,0,1,2026-02-25 19:23:20,2026-02-25 19:35:20,,karla.mendez
PED-001098,CLI-0107,5830.47,0,0,1,1,2026-02-25 03:47:47,2026-02-25 11:40:47,,JORGE.SALINAS
PED-001099,CLI-0080,2327.09,0,0,1,4,2026-02-25 14:18:17,2026-02-25 19:26:17,,ivonne.rios
PED-001100,CLI-0192,9734.2,0,0,0,0,2026-02-25 07:00:06,,,
PED-001101,CLI-0027,11568.59,0,0,0,1,2026-02-25 19:14:05,2026-02-25 23:30:05,,paola.herrera
PED-001102,CLI-0032,4138.15,0,1,0,1,2026-02-25 00:36:51,2026-02-25 03:16:51,,jorge.salinas
PED-001103,CLI-0143,18032.11,1,0,0,2,2026-02-25 08:04:47,,2026-02-25 23:14:47,
PED-001104,CLI-0147,17722.17,1,0,0,1,2026-02-25 03:32:28,2026-02-25 05:43:28,,JORGE.SALINAS
PED-001105,CLI-0116,28920.42,1,0,0,2,2026-02-25 20:08:06,,2026-02-26 01:28:06,
PED-001106,CLI-0160,1636.31,0,0,1,1,2026-02-25 10:49:25,2026-02-25 12:28:25,, luis.ramirez 
PED-001107,CLI-0101,3056.34,1,0,0,1,2026-02-25 01:27:21,2026-02-25 01:30:21,,PAOLA.HERRERA
PED-001108,CLI-0195,1920.23,0,1,0,1,2026-02-25 03:55:41,2026-02-25 04:29:41,,sergio.nunez
PED-001109,CLI-0014,2477.66,0,0,1,1,2026-02-25 14:04:52,2026-02-25 19:21:52,,JORGE.SALINAS
PED-001110,CLI-0055,2846.73,0,0,1,1,2026-02-25 23:53:11,2026-02-26 01:11:11,, karla.mendez 
PED-001111,CLI-0141,2377.01,1,0,0,1,2026-02-25 01:34:49,2026-02-25 06:39:49,, paola.herrera 
PED-001112,CLI-0075,5103.43,0,0,1,0,2026-02-25 02:10:08,,,
PED-001113,CLI-0158,4178.03,0,0,1,1,2026-02-26 14:40:21,2026-02-26 14:49:21,,diego.castillo
PED-001114,CLI-0056,2349.58,1,0,0,1,2026-02-26 23:29:56,2026-02-27 09:51:56,,monica.vega
PED-001115,CLI-0022,3351.77,0,0,1,4,2026-02-26 06:03:06,2026-02-26 08:26:06,,karla_mendez
PED-001116,CLI-0040,23975.63,0,0,1,1,2026-02-26 05:41:10,2026-02-26 07:03:10,,jorge.salinas
PED-001117,CLI-0170,18882.48,1,0,0,1,2026-02-26 18:24:16,2026-02-26 18:49:16,, monica.vega 
PED-001118,CLI-0158,7293.96,1,0,0,1,2026-02-26 02:29:02,2026-02-26 04:05:02,,karla.mendez
PED-001119,CLI-0010,14229.95,0,1,0,1,2026-02-26 14:46:59,2026-02-26 16:41:59,,diego_castillo
PED-001120,CLI-0182,12521.84,1,0,0,2,2026-02-26 09:27:39,,2026-02-26 12:23:39,
PED-001121,CLI-0126,2633.92,0,0,1,1,2026-02-26 22:20:09,2026-02-27 01:15:09,, diego.castillo 
PED-001122,CLI-0142,3004.6,0,0,0,1,2026-02-26 16:20:33,2026-02-26 17:06:33,,jorge.salinas
PED-001123,CLI-0079,14991.58,0,1,0,2,2026-02-26 01:57:28,,2026-02-26 09:00:28,
PED-001124,CLI-0018,4342.9,0,0,1,2,2026-02-26 01:12:02,,2026-02-26 10:39:02,
PED-001125,CLI-0054,2030.88,0,0,1,1,2026-02-26 08:21:17,2026-02-26 10:20:17,,SERGIO.NUNEZ
PED-001126,CLI-0182,1754.36,0,1,0,1,2026-02-26 19:07:15,2026-02-26 19:29:15,,luis_ramirez
PED-001127,CLI-0091,4671.06,0,1,0,4,2026-02-26 05:02:30,2026-02-26 07:23:30,,paola.herrera
PED-001128,CLI-0081,5614.81,0,0,1,1,2026-02-26 19:28:39,2026-02-26 23:31:39,,SERGIO.NUNEZ
PED-001129,CLI-0063,95269.85,0,0,1,0,2026-02-26 07:42:54,,,
PED-001130,CLI-0147,11138.42,0,0,1,1,2026-02-26 16:00:56,2026-02-27 02:48:56,,jorge.salinas
PED-001131,CLI-0178,3294.47,0,0,1,1,2026-02-26 03:59:59,2026-02-26 05:59:59,,HECTOR.PAREDES
PED-001132,CLI-0027,6163.12,0,0,1,1,2026-02-26 06:51:58,2026-02-26 07:56:58,,MONICA.VEGA
PED-001133,CLI-0108,5009.93,0,0,1,1,2026-02-26 03:04:53,2026-02-26 04:46:53,,diego_castillo
PED-001134,CLI-0191,4569.7,0,0,1,1,2026-02-26 17:38:33,2026-02-26 18:48:33,,paola_herrera
PED-001135,CLI-0132,8580.15,0,0,1,1,2026-02-26 02:48:17,2026-02-26 04:36:17,, paola.herrera 
PED-001136,CLI-0034,8456.09,0,0,0,1,2026-02-26 17:20:57,2026-02-26 17:36:57,,sergio.nunez
PED-001137,CLI-0183,12259.99,0,0,0,2,2026-02-26 10:32:30,,2026-02-26 19:13:30,
PED-001138,CLI-0086,4149.2,0,1,0,1,2026-02-26 01:42:09,2026-02-26 10:09:09,, ivonne.rios 
PED-001139,CLI-0110,2360.26,0,0,0,1,2026-02-27 14:47:16,2026-02-27 16:04:16,, jorge.salinas 
PED-001140,CLI-0148,5766.88,0,0,1,1,2026-02-27 11:29:14,2026-02-27 12:58:14,,ANA.TORRES
PED-001141,CLI-0180,2235.52,0,0,1,0,2026-02-27 22:57:09,,,
PED-001142,CLI-0003,8260.14,0,0,1,1,2026-02-27 22:27:06,2026-02-28 01:03:06,,diego.castillo
PED-001143,CLI-0116,11230.73,0,1,0,2,2026-02-27 17:57:28,,2026-02-28 01:39:28,
PED-001144,CLI-0020,6924.64,0,1,0,2,2026-02-27 17:27:01,,2026-02-27 20:03:01,
PED-001145,CLI-0057,3786.9,0,1,0,1,2026-02-27 02:45:46,2026-02-27 04:10:46,,IVONNE.RIOS
PED-001146,CLI-0186,1508.4,0,0,1,1,2026-02-27 03:41:20,2026-02-27 06:52:20,,sergio.nunez
PED-001147,CLI-0018,4486.86,1,0,0,1,2026-02-27 13:47:44,2026-02-27 18:35:44,,monica.vega
PED-001148,CLI-0045,5247.46,0,0,0,2,2026-02-27 02:20:41,,2026-02-27 05:11:41,
PED-001149,CLI-0095,7180.05,0,0,1,1,2026-02-27 17:36:08,2026-02-27 19:02:08,,luis_ramirez
PED-001150,CLI-0108,8182.24,0,0,1,1,2026-02-27 12:52:41,2026-02-27 15:24:41,, karla.mendez 
PED-001151,CLI-0008,3913.02,0,0,1,1,2026-02-27 14:59:46,2026-02-27 17:02:46,,ivonne_rios
PED-001152,CLI-0120,1205.4,0,0,1,1,2026-02-27 13:46:10,2026-02-27 19:20:10,, hector.paredes 
PED-001153,CLI-0097,2285.07,0,0,1,1,2026-02-27 23:43:16,2026-02-28 00:31:16,,IVONNE.RIOS
PED-001154,CLI-0085,5136.08,0,0,0,2,2026-02-27 08:31:46,,2026-02-27 12:47:46,
PED-001155,CLI-0033,2981.99,0,0,1,4,2026-02-27 04:03:04,2026-02-27 04:15:04,, sergio.nunez 
PED-001156,CLI-0149,5596.28,0,0,0,1,2026-02-27 04:29:20,2026-02-27 06:31:20,,hector_paredes
PED-001157,CLI-0038,3181.45,0,1,0,1,2026-02-27 17:20:27,2026-02-27 18:58:27,,diego_castillo
PED-001158,CLI-0107,1780.76,1,0,0,2,2026-02-27 23:36:52,,2026-02-28 10:17:52,
PED-001159,CLI-0144,9006.38,0,1,0,1,2026-02-27 00:44:27,2026-02-27 05:51:27,, diego.castillo 
PED-001160,CLI-0071,29016.1,0,1,0,1,2026-02-27 01:08:39,2026-02-27 01:30:39,,ivonne_rios
PED-001161,CLI-0034,1624.65,0,0,1,2,2026-02-27 22:27:15,,2026-02-28 09:13:15,
PED-001162,CLI-0010,923.67,0,0,1,1,2026-02-27 17:10:27,2026-02-27 20:14:27,,jorge_salinas
PED-001163,CLI-0190,726.85,0,1,0,1,2026-02-27 17:32:40,2026-02-27 19:00:40,, hector.paredes 
PED-001164,CLI-0011,8994.21,0,0,0,1,2026-02-27 05:04:35,2026-02-27 07:26:35,, monica.vega 
PED-001165,CLI-0137,3305.78,0,0,0,1,2026-02-27 16:12:58,2026-02-27 16:29:58,,ana_torres
PED-001166,CLI-0060,2233.88,0,0,1,2,2026-02-27 00:34:32,,2026-02-28 00:11:32,
PED-001167,CLI-0025,3901.54,0,0,1,2,2026-02-28 02:58:42,,2026-02-28 03:56:42,
PED-001168,CLI-0016,13115.06,0,0,0,1,2026-02-28 15:51:42,2026-02-28 20:56:42,,monica_vega
PED-001169,CLI-0074,4459.05,0,0,0,1,2026-02-28 00:18:31,2026-02-28 00:19:31,,ana.torres
PED-001170,CLI-0030,11123.73,0,0,1,1,2026-02-28 16:24:01,2026-02-28 16:36:01,,IVONNE.RIOS
PED-001171,CLI-0124,61329.5,0,0,1,2,2026-02-28 17:45:27,,2026-03-01 15:39:27,
PED-001172,CLI-0081,6104.79,0,1,0,1,2026-02-28 00:30:57,2026-02-28 05:26:57,,ivonne_rios
PED-001173,CLI-0198,4002.59,0,0,0,1,2026-02-28 00:51:31,2026-02-28 03:00:31,,HECTOR.PAREDES
PED-001174,CLI-0014,5886.16,0,0,1,2,2026-02-28 03:21:19,,2026-02-28 09:07:19,
PED-001175,CLI-0134,4230.44,0,0,1,2,2026-02-28 02:23:02,,2026-02-28 04:55:02,
PED-001176,CLI-0022,9676.99,1,0,0,1,2026-02-28 12:13:07,2026-03-01 01:18:07,, monica.vega 
PED-001177,CLI-0084,2263.34,0,0,1,2,2026-02-28 23:41:08,,2026-03-01 00:12:08,
PED-001178,CLI-0168,13098.11,0,1,0,2,2026-02-28 09:08:19,,2026-02-28 11:59:19,
PED-001179,CLI-0024,600.0,0,0,1,2,2026-02-28 08:39:50,,2026-02-28 14:45:50,
PED-001180,CLI-0139,6665.05,0,0,1,1,2026-02-28 11:41:49,2026-02-28 19:46:49,,jorge_salinas
PED-001181,CLI-0045,12636.46,0,0,1,1,2026-02-28 11:15:42,2026-02-28 17:51:42,,ana.torres
PED-001182,CLI-0009,5619.86,0,0,1,2,2026-02-28 23:26:32,,2026-03-01 00:54:32,
PED-001183,CLI-0029,2785.84,0,1,0,0,2026-02-28 04:04:41,,,
PED-001184,CLI-0188,580.33,0,0,1,2,2026-02-28 16:41:27,,2026-02-28 23:06:27,
PED-001185,CLI-0081,325.47,0,1,0,1,2026-02-28 10:07:45,2026-02-28 14:52:45,,monica_vega
PED-001186,CLI-0106,1481.92,0,0,1,2,2026-02-28 01:15:32,,2026-03-01 00:32:32,
PED-001187,CLI-0100,3852.57,0,1,0,1,2026-03-01 15:50:20,2026-03-01 17:24:20,,monica_vega
PED-001188,CLI-0050,4679.03,0,0,1,1,2026-03-01 15:55:41,2026-03-01 16:49:41,, jorge.salinas 
PED-001189,CLI-0106,11766.98,1,0,0,1,2026-03-01 07:26:16,2026-03-01 07:55:16,,JORGE.SALINAS
PED-001190,CLI-0075,4209.09,0,0,1,1,2026-03-01 22:11:13,2026-03-01 23:23:13,,monica_vega
PED-001191,CLI-0010,3064.26,1,0,0,1,2026-03-01 00:11:10,2026-03-01 00:55:10,,paola.herrera
PED-001192,CLI-0012,2730.19,1,0,0,1,2026-03-01 05:21:46,2026-03-01 08:20:46,, ivonne.rios 
PED-001193,CLI-0031,1522.2,0,0,1,1,2026-03-01 19:08:20,2026-03-01 23:13:20,, ivonne.rios 
PED-001194,CLI-0088,20604.23,0,0,1,2,2026-03-01 20:28:15,,2026-03-02 05:32:15,
PED-001195,CLI-0092,6298.85,0,0,1,1,2026-03-01 13:16:05,2026-03-01 16:19:05,,sergio.nunez
PED-001196,CLI-0058,19484.18,1,0,0,1,2026-03-01 15:46:30,2026-03-01 22:27:30,,HECTOR.PAREDES
PED-001197,CLI-0025,1323.03,0,0,0,4,2026-03-02 19:06:02,2026-03-03 02:48:02,,karla_mendez
PED-001198,CLI-0070,2974.0,0,1,0,2,2026-03-02 06:57:18,,2026-03-02 12:19:18,
PED-001199,CLI-0057,4816.57,0,1,0,2,2026-03-02 16:15:56,,2026-03-02 21:23:56,
PED-001200,CLI-0191,8958.35,0,1,0,1,2026-03-02 06:16:50,2026-03-02 06:45:50,,hector_paredes
PED-001201,CLI-0153,29107.46,0,0,1,1,2026-03-02 21:05:55,2026-03-03 01:09:55,,PAOLA.HERRERA
PED-001202,CLI-0101,4854.3,0,0,1,0,2026-03-02 09:59:32,,,
PED-001203,CLI-0170,1294.72,0,1,0,2,2026-03-02 22:00:51,,2026-03-03 01:53:51,
PED-001204,CLI-0036,4228.12,0,0,1,2,2026-03-02 20:30:23,,2026-03-03 04:29:23,
PED-001205,CLI-0071,3413.2,0,0,1,1,2026-03-02 21:19:17,2026-03-03 02:47:17,,ivonne.rios
PED-001206,CLI-0007,3906.85,0,1,0,1,2026-03-02 02:34:33,2026-03-02 07:44:33,,karla.mendez
PED-001207,CLI-0111,4934.74,1,0,0,1,2026-03-02 20:40:10,2026-03-02 23:12:10,,DIEGO.CASTILLO
PED-001208,CLI-0051,3486.47,0,1,0,1,2026-03-02 08:44:54,2026-03-02 10:34:54,, hector.paredes 
PED-001209,CLI-0042,6097.86,1,0,0,2,2026-03-02 14:36:03,,2026-03-02 15:25:03,
PED-001210,CLI-0068,7406.56,0,1,0,1,2026-03-02 03:48:18,2026-03-02 15:31:18,, hector.paredes 
PED-001211,CLI-0144,1240.85,1,0,0,2,2026-03-02 06:08:13,,2026-03-02 15:50:13,
PED-001212,CLI-0043,3388.77,0,0,1,1,2026-03-03 10:57:17,2026-03-03 11:04:17,, diego.castillo 
PED-001213,CLI-0159,3016.49,1,0,0,1,2026-03-03 06:09:12,2026-03-03 06:44:12,,diego.castillo
PED-001214,CLI-0026,14920.01,1,0,0,1,2026-03-03 07:00:09,2026-03-03 07:10:09,,karla_mendez
PED-001215,CLI-0139,4086.94,0,1,0,4,2026-03-03 02:10:50,2026-03-03 03:14:50,,sergio_nunez
PED-001216,CLI-0130,917.88,0,0,1,1,2026-03-03 23:47:18,2026-03-04 00:04:18,,ANA.TORRES
PED-001217,CLI-0142,6137.47,0,0,0,4,2026-03-03 00:55:11,2026-03-03 02:25:11,,hector_paredes
PED-001218,CLI-0108,14206.09,0,0,1,1,2026-03-03 15:44:40,2026-03-03 19:47:40,,JORGE.SALINAS
PED-001219,CLI-0015,5334.66,0,0,1,1,2026-03-03 10:09:48,2026-03-03 16:16:48,,LUIS.RAMIREZ
PED-001220,CLI-0062,12435.02,0,0,1,2,2026-03-03 20:41:09,,2026-03-04 02:37:09,
PED-001221,CLI-0191,15925.18,0,0,1,2,2026-03-03 12:00:36,,2026-03-03 19:24:36,
PED-001222,CLI-0181,5730.55,0,0,0,1,2026-03-03 03:49:08,2026-03-03 17:45:08,,jorge.salinas
PED-001223,CLI-0079,8814.4,0,0,1,1,2026-03-03 17:16:36,2026-03-03 20:05:36,,ivonne_rios
PED-001224,CLI-0001,2039.33,1,0,0,1,2026-03-03 22:36:51,2026-03-04 01:28:51,,DIEGO.CASTILLO
PED-001225,CLI-0062,779.16,0,1,0,1,2026-03-03 19:03:46,2026-03-04 06:31:46,,KARLA.MENDEZ
PED-001226,CLI-0138,1715.23,0,0,1,1,2026-03-03 18:33:41,2026-03-03 19:57:41,,KARLA.MENDEZ
PED-001227,CLI-0181,6504.74,0,0,1,1,2026-03-03 12:10:13,2026-03-03 14:54:13,, diego.castillo 
PED-001228,CLI-0123,2084.39,0,0,0,2,2026-03-03 16:39:33,,2026-03-04 12:06:33,
PED-001229,CLI-0072,8092.22,0,0,1,2,2026-03-03 09:01:51,,2026-03-03 10:40:51,
PED-001230,CLI-0103,3021.74,0,1,0,1,2026-03-03 06:52:14,2026-03-03 09:48:14,,karla_mendez
PED-001231,CLI-0003,4636.75,0,0,1,1,2026-03-03 19:31:53,2026-03-03 20:01:53,,ana_torres
PED-001232,CLI-0180,34036.79,1,0,0,2,2026-03-03 16:22:02,,2026-03-03 20:54:02,
PED-001233,CLI-0080,3262.02,0,0,0,0,2026-03-03 16:27:20,,,
PED-001234,CLI-0113,1674.0,0,0,0,1,2026-03-03 18:07:58,2026-03-03 22:24:58,,KARLA.MENDEZ
PED-001235,CLI-0047,11768.07,0,0,1,1,2026-03-04 08:00:02,2026-03-04 10:09:02,,IVONNE.RIOS
PED-001236,CLI-0141,5447.51,0,0,0,1,2026-03-04 23:54:57,2026-03-05 02:47:57,,DIEGO.CASTILLO
PED-001237,CLI-0164,413.59,1,0,0,0,2026-03-04 05:14:24,,,
PED-001238,CLI-0142,4989.48,0,0,1,1,2026-03-04 02:04:06,2026-03-04 04:33:06,,MONICA.VEGA
PED-001239,CLI-0126,4140.74,0,0,1,2,2026-03-04 13:50:52,,2026-03-05 07:27:52,
PED-001240,CLI-0049,6335.12,0,1,0,2,2026-03-04 10:32:35,,2026-03-04 21:37:35,
PED-001241,CLI-0001,15226.26,0,1,0,1,2026-03-04 20:45:40,2026-03-04 22:46:40,, diego.castillo 
PED-001242,CLI-0086,11229.11,0,1,0,2,2026-03-04 18:37:56,,2026-03-04 21:50:56,
PED-001243,CLI-0083,8363.05,1,0,0,2,2026-03-04 00:34:56,,2026-03-04 01:31:56,
PED-001244,CLI-0151,3464.66,0,0,0,1,2026-03-04 16:21:01,2026-03-04 18:27:01,, sergio.nunez 
PED-001245,CLI-0142,1925.6,0,0,0,1,2026-03-04 18:03:58,2026-03-04 19:16:58,,sergio.nunez
PED-001246,CLI-0130,10790.16,0,0,1,2,2026-03-04 02:20:58,,2026-03-04 06:59:58,
PED-001247,CLI-0046,2961.63,0,0,1,1,2026-03-04 08:57:56,2026-03-04 10:50:56,,luis.ramirez
PED-001248,CLI-0198,5192.02,0,1,0,1,2026-03-04 19:09:49,2026-03-04 21:20:49,,hector_paredes
PED-001249,CLI-0188,8598.95,0,0,1,1,2026-03-04 16:37:22,2026-03-04 18:11:22,,monica.vega
PED-001250,CLI-0199,1495.3,0,0,1,4,2026-03-04 13:49:27,2026-03-04 17:44:27,,paola.herrera
PED-001251,CLI-0040,3074.19,0,0,1,1,2026-03-04 00:17:11,2026-03-04 03:26:11,,ivonne.rios
PED-001252,CLI-0168,8398.83,1,0,0,1,2026-03-04 10:52:44,2026-03-04 12:05:44,,sergio.nunez
PED-001253,CLI-0121,5464.63,0,0,1,2,2026-03-04 08:41:19,,2026-03-04 12:50:19,
PED-001254,CLI-0146,2328.6,0,0,0,1,2026-03-04 22:18:18,2026-03-05 01:17:18,, luis.ramirez 
PED-001255,CLI-0116,23445.24,1,0,0,2,2026-03-04 22:40:05,,2026-03-05 04:10:05,
PED-001256,CLI-0181,13110.25,0,1,0,1,2026-03-04 09:55:08,2026-03-04 13:07:08,,paola.herrera
PED-001257,CLI-0154,7908.99,0,0,1,1,2026-03-04 04:32:17,2026-03-04 04:39:17,, ivonne.rios 
PED-001258,CLI-0117,3387.16,0,0,1,1,2026-03-04 03:56:11,2026-03-04 12:31:11,,karla_mendez
PED-001259,CLI-0115,1096.23,1,0,0,1,2026-03-04 23:34:38,2026-03-05 02:40:38,,karla_mendez
PED-001260,CLI-0069,31157.73,0,0,0,1,2026-03-04 05:24:45,2026-03-04 06:12:45,, monica.vega 
PED-001261,CLI-0138,20598.91,0,0,1,1,2026-03-04 13:39:33,2026-03-04 17:16:33,,diego.castillo
PED-001262,CLI-0016,2834.34,0,0,0,1,2026-03-05 03:50:26,2026-03-05 05:38:26,,JORGE.SALINAS
PED-001263,CLI-0152,6783.19,0,1,0,1,2026-03-05 16:26:51,2026-03-05 20:17:51,,monica.vega
PED-001264,CLI-0125,2753.08,0,0,1,1,2026-03-05 05:22:10,2026-03-05 05:39:10,, ana.torres 
PED-001265,CLI-0134,1497.99,0,0,0,2,2026-03-05 04:32:39,,2026-03-05 20:26:39,
PED-001266,CLI-0005,3974.8,0,1,0,1,2026-03-05 03:35:36,2026-03-05 03:57:36,, diego.castillo 
PED-001267,CLI-0068,4155.78,0,1,0,1,2026-03-05 20:20:39,2026-03-05 20:57:39,,karla_mendez
PED-001268,CLI-0048,13894.65,0,0,1,4,2026-03-05 06:55:50,2026-03-05 10:14:50,,HECTOR.PAREDES
PED-001269,CLI-0171,9618.95,0,1,0,2,2026-03-05 17:29:17,,2026-03-06 01:12:17,
PED-001270,CLI-0140,11200.81,0,0,1,1,2026-03-05 22:46:10,2026-03-05 23:12:10,,sergio.nunez
PED-001271,CLI-0122,10493.44,0,1,0,1,2026-03-05 00:31:40,2026-03-05 02:09:40,, hector.paredes 
PED-001272,CLI-0012,5511.14,0,0,0,1,2026-03-05 00:11:07,2026-03-05 03:01:07,,luis.ramirez
PED-001273,CLI-0015,13237.01,0,0,1,1,2026-03-05 04:15:07,2026-03-05 05:40:07,,hector.paredes
PED-001274,CLI-0011,5454.69,0,0,1,2,2026-03-05 00:53:32,,2026-03-05 04:48:32,
PED-001275,CLI-0114,3403.99,0,0,1,1,2026-03-05 01:39:48,2026-03-05 04:31:48,,MONICA.VEGA
PED-001276,CLI-0187,2778.68,1,0,0,1,2026-03-05 01:03:42,2026-03-05 07:52:42,,ana_torres
PED-001277,CLI-0146,1416.83,0,0,1,1,2026-03-05 15:51:22,2026-03-05 21:53:22,,sergio_nunez
PED-001278,CLI-0075,45804.64,0,0,1,2,2026-03-05 15:52:37,,2026-03-05 18:28:37,
PED-001279,CLI-0034,4117.12,0,1,0,1,2026-03-05 12:30:58,2026-03-05 13:25:58,,paola_herrera
PED-001280,CLI-0138,184101.34,0,0,1,1,2026-03-05 09:20:16,2026-03-05 09:22:16,, hector.paredes 
PED-001281,CLI-0079,4844.16,0,0,1,1,2026-03-05 20:42:44,2026-03-05 21:43:44,,MONICA.VEGA
PED-001282,CLI-0075,1039.14,1,0,0,1,2026-03-05 13:48:41,2026-03-05 20:56:41,,paola_herrera
PED-001283,CLI-0110,3089.7,0,0,1,1,2026-03-05 19:49:26,2026-03-05 20:54:26,,ivonne_rios
PED-001284,CLI-0013,9698.65,0,0,1,1,2026-03-05 02:14:14,2026-03-05 03:08:14,,ivonne.rios
PED-001285,CLI-0096,15158.47,0,0,1,1,2026-03-05 11:40:22,2026-03-05 14:34:22,,ivonne.rios
PED-001286,CLI-0166,2068.29,0,0,1,1,2026-03-05 02:08:10,2026-03-05 05:53:10,, monica.vega 
PED-001287,CLI-0071,8202.73,1,0,0,1,2026-03-05 02:17:29,2026-03-05 04:26:29,,paola.herrera
PED-001288,CLI-0181,3946.66,0,1,0,1,2026-03-05 05:02:54,2026-03-05 05:19:54,,diego_castillo
PED-001289,CLI-0180,1965.0,0,1,0,1,2026-03-06 17:45:26,2026-03-06 18:36:26,, luis.ramirez 
PED-001290,CLI-0197,20458.22,0,0,0,1,2026-03-06 19:17:38,2026-03-06 22:27:38,,luis.ramirez
PED-001291,CLI-0042,1442.52,0,0,1,1,2026-03-06 07:21:44,2026-03-06 09:51:44,, sergio.nunez 
PED-001292,CLI-0128,1613.21,0,1,0,2,2026-03-06 06:06:50,,2026-03-06 21:01:50,
PED-001293,CLI-0035,6057.32,0,1,0,1,2026-03-06 09:19:25,2026-03-06 09:28:25,,paola_herrera
PED-001294,CLI-0087,1876.39,0,1,0,1,2026-03-06 03:12:48,2026-03-06 05:07:48,,HECTOR.PAREDES
PED-001295,CLI-0197,13298.32,0,0,1,1,2026-03-06 01:43:32,2026-03-06 03:02:32,,sergio.nunez
PED-001296,CLI-0101,1061.94,0,0,1,2,2026-03-06 10:20:36,,2026-03-07 00:32:36,
PED-001297,CLI-0166,1787.8,0,0,1,2,2026-03-06 23:26:10,,2026-03-08 11:41:10,
PED-001298,CLI-0166,4287.64,0,1,0,1,2026-03-06 22:50:47,2026-03-06 23:01:47,, monica.vega 
PED-001299,CLI-0132,10436.67,0,0,1,1,2026-03-06 22:13:53,2026-03-07 02:00:53,,ivonne_rios
PED-001300,CLI-0119,3365.19,0,1,0,4,2026-03-06 03:32:09,2026-03-06 10:43:09,,jorge_salinas
PED-001301,CLI-0006,6143.88,0,0,0,2,2026-03-06 05:01:48,,2026-03-06 09:46:48,
PED-001302,CLI-0062,6055.63,1,0,0,1,2026-03-06 06:44:00,2026-03-06 09:22:00,,paola_herrera
PED-001303,CLI-0023,5637.38,0,0,0,1,2026-03-06 11:11:56,2026-03-06 14:37:56,, paola.herrera 
PED-001304,CLI-0189,5813.48,0,0,1,3,2026-03-06 23:40:39,,,
PED-001305,CLI-0132,5652.36,0,0,0,1,2026-03-07 07:34:34,2026-03-07 14:31:34,, hector.paredes 
PED-001306,CLI-0105,4716.46,0,1,0,1,2026-03-07 08:30:45,2026-03-07 11:16:45,,ivonne_rios
PED-001307,CLI-0047,8954.91,1,0,0,1,2026-03-07 07:20:50,2026-03-07 08:57:50,, paola.herrera 
PED-001308,CLI-0166,2010.98,0,0,1,1,2026-03-07 10:56:58,2026-03-07 11:32:58,,paola_herrera
PED-001309,CLI-0142,4180.26,1,0,0,1,2026-03-07 09:02:21,2026-03-07 10:15:21,,SERGIO.NUNEZ
PED-001310,CLI-0032,4134.95,0,0,1,1,2026-03-07 12:57:28,2026-03-07 21:08:28,,HECTOR.PAREDES
PED-001311,CLI-0112,3866.38,0,0,1,2,2026-03-07 01:11:45,,2026-03-07 03:33:45,
PED-001312,CLI-0190,8182.62,0,1,0,1,2026-03-07 21:08:45,2026-03-07 22:11:45,,DIEGO.CASTILLO
PED-001313,CLI-0058,4951.92,0,1,0,0,2026-03-07 07:55:27,,,
PED-001314,CLI-0124,2845.66,0,0,0,1,2026-03-07 00:13:56,2026-03-07 01:04:56,, diego.castillo 
PED-001315,CLI-0194,4319.15,0,0,1,2,2026-03-07 17:40:11,,2026-03-08 02:15:11,
PED-001316,CLI-0040,3973.23,1,0,0,1,2026-03-07 05:56:03,2026-03-07 06:14:03,,monica.vega
PED-001317,CLI-0148,36833.16,0,0,1,2,2026-03-07 00:27:09,,2026-03-07 02:30:09,
PED-001318,CLI-0069,4507.24,0,0,1,1,2026-03-07 03:27:28,2026-03-07 12:57:28,,karla.mendez
PED-001319,CLI-0130,954.29,0,1,0,1,2026-03-07 20:38:39,2026-03-08 05:39:39,, sergio.nunez 
PED-001320,CLI-0060,3639.42,1,0,0,1,2026-03-07 13:42:46,2026-03-07 16:53:46,, sergio.nunez 
PED-001321,CLI-0074,24794.4,0,0,1,1,2026-03-07 21:31:25,2026-03-08 08:21:25,, jorge.salinas 
PED-001322,CLI-0139,4858.67,1,0,0,2,2026-03-08 19:52:09,,2026-03-09 01:34:09,
PED-001323,CLI-0125,7380.2,0,0,0,1,2026-03-08 12:08:37,2026-03-08 13:36:37,, paola.herrera 
PED-001324,CLI-0073,3218.51,0,0,1,1,2026-03-08 10:55:09,2026-03-08 19:42:09,,diego_castillo
PED-001325,CLI-0092,4058.0,0,1,0,4,2026-03-08 05:40:44,2026-03-08 05:40:44,, paola.herrera 
PED-001326,CLI-0108,4011.21,0,1,0,4,2026-03-08 07:38:12,2026-03-08 09:59:12,,sergio.nunez
PED-001327,CLI-0150,9832.53,0,0,0,1,2026-03-08 04:49:47,2026-03-08 05:33:47,,KARLA.MENDEZ
PED-001328,CLI-0024,9599.94,0,0,1,1,2026-03-08 20:49:51,2026-03-08 21:09:51,,luis_ramirez
PED-001329,CLI-0115,2450.47,0,1,0,2,2026-03-08 18:14:17,,2026-03-09 22:02:17,
PED-001330,CLI-0061,4186.5,0,0,1,1,2026-03-08 04:19:32,2026-03-08 04:34:32,,monica.vega
PED-001331,CLI-0128,4680.71,0,0,0,1,2026-03-08 06:07:54,2026-03-08 06:09:54,,paola.herrera
PED-001332,CLI-0057,5961.09,0,0,1,1,2026-03-08 01:42:37,2026-03-08 01:53:37,,PAOLA.HERRERA
PED-001333,CLI-0050,11840.54,0,0,1,1,2026-03-08 05:14:20,2026-03-08 08:27:20,,ANA.TORRES
PED-001334,CLI-0129,9805.55,0,0,1,3,2026-03-08 00:18:58,,,
PED-001335,CLI-0086,12824.22,0,0,1,1,2026-03-08 05:11:00,2026-03-08 13:56:00,,jorge.salinas
PED-001336,CLI-0092,2951.89,0,0,0,1,2026-03-08 09:06:21,2026-03-08 15:06:21,, karla.mendez 
PED-001337,CLI-0026,9353.04,0,0,0,1,2026-03-08 07:03:01,2026-03-08 08:56:01,, diego.castillo 
PED-001338,CLI-0122,6425.58,0,1,0,1,2026-03-08 00:51:10,2026-03-08 01:40:10,, sergio.nunez 
PED-001339,CLI-0174,5048.02,0,0,1,2,2026-03-08 07:24:14,,2026-03-08 10:24:14,
PED-001340,CLI-0008,5304.47,1,0,0,1,2026-03-08 03:59:50,2026-03-08 04:07:50,,ana_torres
PED-001341,CLI-0056,31213.32,0,0,1,1,2026-03-08 13:59:16,2026-03-08 14:01:16,, paola.herrera 
PED-001342,CLI-0008,18753.83,0,0,1,4,2026-03-08 11:56:16,2026-03-08 12:37:16,,karla_mendez
PED-001343,CLI-0071,5140.06,1,0,0,2,2026-03-08 04:12:07,,2026-03-08 10:23:07,
PED-001344,CLI-0008,1710.32,0,0,1,1,2026-03-08 09:15:30,2026-03-08 11:30:30,,ana.torres
PED-001345,CLI-0026,4929.32,1,0,0,1,2026-03-08 06:58:41,2026-03-08 07:41:41,,PAOLA.HERRERA
PED-001346,CLI-0107,45609.73,0,0,1,2,2026-03-09 00:30:04,,2026-03-09 10:10:04,
PED-001347,CLI-0133,6377.55,0,0,1,1,2026-03-09 18:06:05,2026-03-09 18:07:05,,diego_castillo
PED-001348,CLI-0156,6460.91,0,1,0,1,2026-03-09 17:32:57,2026-03-10 03:29:57,,SERGIO.NUNEZ
PED-001349,CLI-0145,3180.43,0,0,1,2,2026-03-09 12:28:16,,2026-03-09 14:51:16,
PED-001350,CLI-0120,6133.75,0,0,1,1,2026-03-09 21:04:55,2026-03-09 21:18:55,,karla.mendez
PED-001351,CLI-0197,4373.88,0,1,0,1,2026-03-09 19:32:04,2026-03-09 22:33:04,,karla.mendez
PED-001352,CLI-0136,2195.29,0,0,1,1,2026-03-09 14:57:43,2026-03-09 15:51:43,,ANA.TORRES
PED-001353,CLI-0032,836.41,1,0,0,1,2026-03-09 12:08:59,2026-03-09 23:07:59,, paola.herrera 
PED-001354,CLI-0066,22161.03,1,0,0,1,2026-03-09 03:12:28,2026-03-09 05:13:28,, karla.mendez 
PED-001355,CLI-0178,8431.19,0,0,0,2,2026-03-09 19:16:14,,2026-03-10 05:42:14,
PED-001356,CLI-0036,2341.38,0,1,0,1,2026-03-09 09:02:06,2026-03-09 13:36:06,,DIEGO.CASTILLO
PED-001357,CLI-0158,5621.75,0,0,1,1,2026-03-09 17:44:08,2026-03-09 17:49:08,,LUIS.RAMIREZ
PED-001358,CLI-0190,1821.68,1,0,0,1,2026-03-09 22:15:26,2026-03-10 12:50:26,,ivonne_rios
PED-001359,CLI-0173,3131.42,1,0,0,2,2026-03-09 12:32:15,,2026-03-09 13:42:15,
PED-001360,CLI-0081,205.14,0,1,0,2,2026-03-09 02:07:43,,2026-03-09 07:00:43,
PED-001361,CLI-0145,4150.83,0,0,0,3,2026-03-09 01:08:59,,,
PED-001362,CLI-0130,1692.18,0,0,1,1,2026-03-09 15:52:15,2026-03-09 16:41:15,,diego_castillo
PED-001363,CLI-0120,2732.73,0,1,0,1,2026-03-09 22:30:47,2026-03-09 23:47:47,,luis.ramirez
PED-001364,CLI-0120,23353.24,1,0,0,2,2026-03-09 00:26:31,,2026-03-09 16:01:31,
PED-001365,CLI-0037,4367.77,0,0,1,1,2026-03-09 06:34:30,2026-03-09 10:17:30,,jorge_salinas
PED-001366,CLI-0171,1616.3,0,0,1,1,2026-03-09 00:17:25,2026-03-09 02:25:25,,hector.paredes
PED-001367,CLI-0130,3528.67,0,1,0,1,2026-03-09 00:35:06,2026-03-09 00:46:06,, ana.torres 
PED-001368,CLI-0176,3958.22,0,0,1,1,2026-03-09 03:59:00,2026-03-09 05:58:00,,ivonne.rios
PED-001369,CLI-0035,19093.96,0,1,0,2,2026-03-09 14:28:37,,2026-03-10 05:39:37,
PED-001370,CLI-0156,8801.31,0,1,0,4,2026-03-09 02:52:27,2026-03-09 07:13:27,,ana.torres
PED-001371,CLI-0024,4799.93,1,0,0,1,2026-03-09 07:02:28,2026-03-09 10:40:28,,sergio_nunez
PED-001372,CLI-0157,2095.35,0,0,1,1,2026-03-09 13:29:29,2026-03-09 15:11:29,,JORGE.SALINAS
PED-001373,CLI-0074,14505.38,0,0,1,1,2026-03-10 17:09:04,2026-03-10 18:49:04,,karla.mendez
PED-001374,CLI-0044,3200.22,0,0,1,1,2026-03-10 06:24:48,2026-03-10 08:20:48,,monica.vega
PED-001375,CLI-0089,14181.81,0,0,1,1,2026-03-10 21:37:34,2026-03-10 23:01:34,,sergio_nunez
PED-001376,CLI-0057,5168.88,0,0,0,1,2026-03-10 06:02:23,2026-03-10 12:25:23,,sergio.nunez
PED-001377,CLI-0088,15992.01,1,0,0,1,2026-03-10 12:45:09,2026-03-10 12:48:09,,hector_paredes
PED-001378,CLI-0028,6329.07,0,0,1,2,2026-03-10 15:53:44,,2026-03-11 02:24:44,
PED-001379,CLI-0060,18783.49,0,0,1,1,2026-03-10 11:54:19,2026-03-10 12:08:19,,MONICA.VEGA
PED-001380,CLI-0131,2433.57,0,0,0,4,2026-03-10 11:26:12,2026-03-10 12:36:12,,jorge.salinas
PED-001381,CLI-0074,4904.42,0,0,1,1,2026-03-10 15:18:31,2026-03-10 22:39:31,,monica_vega
PED-001382,CLI-0079,3599.84,0,0,1,1,2026-03-10 22:33:05,2026-03-10 23:30:05,,diego.castillo
PED-001383,CLI-0126,6287.16,0,0,1,1,2026-03-10 20:18:34,2026-03-11 23:10:34,, ana.torres 
PED-001384,CLI-0057,1278.12,0,1,0,1,2026-03-10 20:32:50,2026-03-10 22:21:50,,diego_castillo
PED-001385,CLI-0074,4636.72,0,0,1,1,2026-03-10 01:41:51,2026-03-10 02:55:51,,ana.torres
PED-001386,CLI-0187,22422.31,1,0,0,0,2026-03-10 19:44:46,,,
PED-001387,CLI-0142,12229.06,0,0,1,1,2026-03-10 17:26:57,2026-03-10 17:26:57,,ivonne.rios
PED-001388,CLI-0178,3589.24,0,1,0,1,2026-03-10 20:53:20,2026-03-10 23:15:20,,DIEGO.CASTILLO
PED-001389,CLI-0164,2503.75,1,0,0,1,2026-03-10 05:12:12,2026-03-10 08:47:12,,hector.paredes
PED-001390,CLI-0199,7928.71,0,0,0,2,2026-03-10 06:16:11,,2026-03-10 14:41:11,
PED-001391,CLI-0184,4208.6,1,0,0,1,2026-03-10 05:07:21,2026-03-10 07:59:21,,sergio_nunez
PED-001392,CLI-0178,1768.32,0,1,0,2,2026-03-10 02:13:36,,2026-03-10 12:36:36,
PED-001393,CLI-0122,1089.36,0,0,1,1,2026-03-10 21:00:55,2026-03-10 22:33:55,,jorge_salinas
PED-001394,CLI-0014,3386.89,0,0,1,0,2026-03-10 00:05:52,,,
PED-001395,CLI-0018,2928.67,0,1,0,2,2026-03-10 11:21:32,,2026-03-10 15:10:32,
PED-001396,CLI-0128,6986.73,0,0,0,2,2026-03-11 12:31:53,,2026-03-11 21:56:53,
PED-001397,CLI-0072,3063.23,0,1,0,1,2026-03-11 13:16:24,2026-03-11 16:00:24,, hector.paredes 
PED-001398,CLI-0136,19441.67,0,0,1,1,2026-03-11 17:08:15,2026-03-11 19:56:15,,MONICA.VEGA
PED-001399,CLI-0094,10984.83,1,0,0,1,2026-03-11 13:35:47,2026-03-11 14:55:47,,luis.ramirez
PED-001400,CLI-0164,4406.81,0,0,1,1,2026-03-11 20:28:38,2026-03-11 21:25:38,,luis_ramirez
PED-001401,CLI-0120,4608.55,0,1,0,1,2026-03-11 17:44:34,2026-03-11 19:55:34,,paola.herrera
PED-001402,CLI-0097,23922.48,0,1,0,1,2026-03-11 02:48:27,2026-03-11 09:00:27,,JORGE.SALINAS
PED-001403,CLI-0077,15404.16,1,0,0,1,2026-03-11 13:46:07,2026-03-11 22:15:07,,sergio.nunez
PED-001404,CLI-0032,1361.22,0,1,0,1,2026-03-11 00:17:07,2026-03-11 03:22:07,,JORGE.SALINAS
PED-001405,CLI-0124,910.0,0,0,0,0,2026-03-11 23:53:36,,,
PED-001406,CLI-0130,12780.07,0,0,0,4,2026-03-11 23:36:32,2026-03-11 23:47:32,,JORGE.SALINAS
PED-001407,CLI-0100,10988.69,0,0,1,1,2026-03-11 01:01:15,2026-03-11 04:17:15,,SERGIO.NUNEZ
PED-001408,CLI-0064,2640.62,0,0,1,2,2026-03-11 18:00:25,,2026-03-11 21:26:25,
PED-001409,CLI-0074,21002.06,0,0,1,1,2026-03-11 01:15:23,2026-03-11 10:01:23,,MONICA.VEGA
PED-001410,CLI-0070,4605.47,0,0,1,0,2026-03-11 03:01:17,,,
PED-001411,CLI-0066,661.73,0,1,0,1,2026-03-11 01:10:48,2026-03-11 02:59:48,,HECTOR.PAREDES
PED-001412,CLI-0025,10682.45,0,1,0,1,2026-03-11 00:12:06,2026-03-11 03:01:06,, monica.vega 
PED-001413,CLI-0181,1545.86,0,0,1,1,2026-03-11 17:19:06,2026-03-11 17:49:06,, jorge.salinas 
PED-001414,CLI-0020,3634.26,0,1,0,1,2026-03-11 02:42:14,2026-03-11 06:15:14,,paola_herrera
PED-001415,CLI-0197,1716.92,1,0,0,2,2026-03-11 17:44:11,,2026-03-12 05:40:11,
PED-001416,CLI-0052,804.13,0,1,0,1,2026-03-11 09:13:31,2026-03-11 10:06:31,,sergio_nunez
PED-001417,CLI-0033,15605.61,0,1,0,1,2026-03-11 05:14:59,2026-03-11 07:37:59,, luis.ramirez 
PED-001418,CLI-0090,3282.89,0,0,1,2,2026-03-11 17:53:32,,2026-03-12 00:17:32,
PED-001419,CLI-0084,1162.36,0,0,1,2,2026-03-11 22:18:01,,2026-03-12 05:56:01,
PED-001420,CLI-0027,5381.4,0,0,1,2,2026-03-11 16:50:40,,2026-03-12 22:14:40,
PED-001421,CLI-0138,502.56,0,0,1,4,2026-03-12 00:22:50,2026-03-12 02:24:50,,SERGIO.NUNEZ
PED-001422,CLI-0166,4106.69,0,0,0,2,2026-03-12 23:30:47,,2026-03-12 23:44:47,
PED-001423,CLI-0073,5806.67,0,1,0,1,2026-03-12 15:23:09,2026-03-12 17:58:09,, sergio.nunez 
PED-001424,CLI-0051,7015.72,0,0,0,1,2026-03-12 02:38:44,2026-03-12 02:46:44,,sergio.nunez
PED-001425,CLI-0049,9777.68,0,1,0,1,2026-03-12 04:31:36,2026-03-12 10:56:36,,DIEGO.CASTILLO
PED-001426,CLI-0181,14911.65,1,0,0,1,2026-03-12 13:59:06,2026-03-12 21:21:06,,SERGIO.NUNEZ
PED-001427,CLI-0031,7168.05,0,0,0,1,2026-03-12 14:31:11,2026-03-12 20:37:11,, paola.herrera 
PED-001428,CLI-0094,3239.42,0,0,0,2,2026-03-12 05:11:05,,2026-03-12 06:07:05,
PED-001429,CLI-0172,10969.23,0,0,0,4,2026-03-12 17:24:29,2026-03-12 17:47:29,,sergio_nunez
PED-001430,CLI-0063,19179.51,0,0,0,0,2026-03-12 09:41:46,,,
PED-001431,CLI-0036,7652.64,0,1,0,2,2026-03-12 01:12:48,,2026-03-12 13:50:48,
PED-001432,CLI-0081,3073.61,0,0,1,2,2026-03-12 23:02:48,,2026-03-14 02:37:48,
PED-001433,CLI-0131,3809.32,0,0,1,4,2026-03-12 02:01:28,2026-03-12 03:48:28,,ANA.TORRES
PED-001434,CLI-0094,1194.84,0,0,1,1,2026-03-12 07:01:40,2026-03-12 07:02:40,,sergio.nunez
PED-001435,CLI-0051,3874.42,0,0,1,1,2026-03-12 13:29:51,2026-03-12 14:34:51,,HECTOR.PAREDES
PED-001436,CLI-0020,5670.45,0,0,0,1,2026-03-12 18:34:59,2026-03-12 21:21:59,,LUIS.RAMIREZ
PED-001437,CLI-0105,8024.14,0,0,1,4,2026-03-12 03:26:11,2026-03-12 05:20:11,, karla.mendez 
PED-001438,CLI-0132,277.06,0,1,0,1,2026-03-12 12:19:16,2026-03-12 16:20:16,, ana.torres 
PED-001439,CLI-0001,1945.25,0,1,0,1,2026-03-12 10:04:48,2026-03-12 10:44:48,,paola.herrera
PED-001440,CLI-0140,2362.3,0,1,0,4,2026-03-12 08:27:03,2026-03-12 08:55:03,,karla.mendez
PED-001441,CLI-0156,1981.57,0,1,0,2,2026-03-12 01:32:08,,2026-03-12 08:33:08,
PED-001442,CLI-0056,6850.2,0,0,0,1,2026-03-12 04:03:56,2026-03-12 04:38:56,,jorge_salinas
PED-001443,CLI-0164,5357.36,0,1,0,1,2026-03-12 00:38:55,2026-03-12 10:36:55,, monica.vega 
PED-001444,CLI-0115,22277.32,0,0,0,1,2026-03-12 00:56:01,2026-03-12 06:30:01,,sergio_nunez
PED-001445,CLI-0084,21913.69,0,0,1,1,2026-03-12 13:20:19,2026-03-12 19:01:19,, hector.paredes 
PED-001446,CLI-0186,4335.83,0,1,0,2,2026-03-12 11:15:17,,2026-03-12 22:18:17,
PED-001447,CLI-0048,4648.82,0,0,1,2,2026-03-12 05:51:19,,2026-03-13 02:44:19,
PED-001448,CLI-0157,3267.27,1,0,0,1,2026-03-12 03:00:15,2026-03-12 11:11:15,,KARLA.MENDEZ
PED-001449,CLI-0123,3859.45,0,1,0,1,2026-03-12 04:29:35,2026-03-12 12:26:35,, monica.vega 
PED-001450,CLI-0050,3761.43,1,0,0,1,2026-03-12 17:09:36,2026-03-12 19:14:36,,LUIS.RAMIREZ
PED-001451,CLI-0173,6192.43,0,1,0,2,2026-03-12 11:53:56,,2026-03-13 00:08:56,
PED-001452,CLI-0121,3799.28,0,0,1,1,2026-03-12 10:23:48,2026-03-12 12:20:48,, hector.paredes 
PED-001453,CLI-0028,10691.36,0,0,1,2,2026-03-12 13:08:15,,2026-03-13 10:38:15,
PED-001454,CLI-0151,5624.26,0,1,0,1,2026-03-13 18:16:28,2026-03-13 19:32:28,,diego_castillo
PED-001455,CLI-0143,2456.26,0,1,0,1,2026-03-13 13:16:16,2026-03-13 15:31:16,, luis.ramirez 
PED-001456,CLI-0051,29053.97,0,1,0,1,2026-03-13 03:27:19,2026-03-13 06:15:19,, diego.castillo 
PED-001457,CLI-0118,5740.99,0,1,0,1,2026-03-13 11:09:09,2026-03-13 11:44:09,,monica.vega
PED-001458,CLI-0048,3986.7,0,0,1,1,2026-03-13 09:15:29,2026-03-13 18:20:29,,IVONNE.RIOS
PED-001459,CLI-0004,9009.15,0,1,0,4,2026-03-13 19:55:29,2026-03-13 20:20:29,,MONICA.VEGA
PED-001460,CLI-0073,8228.73,0,0,0,2,2026-03-13 21:58:17,,2026-03-14 01:59:17,
PED-001461,CLI-0144,1231.28,0,0,0,0,2026-03-13 23:39:59,,,
PED-001462,CLI-0181,4599.24,0,0,1,1,2026-03-13 14:27:30,2026-03-13 18:31:30,,sergio.nunez
PED-001463,CLI-0016,2062.8,0,0,0,1,2026-03-13 10:16:50,2026-03-13 11:17:50,,hector.paredes
PED-001464,CLI-0042,17517.82,0,0,1,1,2026-03-13 18:25:39,2026-03-14 01:34:39,,HECTOR.PAREDES
PED-001465,CLI-0126,5883.12,0,1,0,2,2026-03-13 20:40:06,,2026-03-13 21:52:06,
PED-001466,CLI-0119,4900.38,0,0,1,2,2026-03-13 03:50:31,,2026-03-13 13:48:31,
PED-001467,CLI-0184,2103.29,0,0,0,1,2026-03-13 12:37:45,2026-03-13 14:08:45,,hector.paredes
PED-001468,CLI-0017,3390.27,0,1,0,1,2026-03-13 20:32:07,2026-03-13 20:53:07,,ANA.TORRES
PED-001469,CLI-0053,5808.35,0,1,0,0,2026-03-13 02:35:48,,,
PED-001470,CLI-0018,10073.15,0,0,1,1,2026-03-13 01:57:31,2026-03-13 07:21:31,,HECTOR.PAREDES
PED-001471,CLI-0135,6774.28,0,0,1,1,2026-03-13 20:56:54,2026-03-13 21:44:54,, hector.paredes 
PED-001472,CLI-0021,10746.87,0,0,1,1,2026-03-13 10:27:03,2026-03-13 14:15:03,,DIEGO.CASTILLO
PED-001473,CLI-0136,5697.65,0,0,1,1,2026-03-13 01:39:04,2026-03-13 06:31:04,,ana_torres
PED-001474,CLI-0163,3826.25,0,1,0,4,2026-03-13 12:48:42,2026-03-13 13:06:42,,ana_torres
PED-001475,CLI-0011,3317.3,0,0,1,1,2026-03-13 00:15:05,2026-03-13 03:28:05,,monica_vega
PED-001476,CLI-0013,70486.86,0,1,0,1,2026-03-13 14:28:31,2026-03-13 20:07:31,,LUIS.RAMIREZ
PED-001477,CLI-0155,15538.17,1,0,0,1,2026-03-13 12:21:25,2026-03-13 13:22:25,,ivonne.rios
PED-001478,CLI-0097,2672.77,0,0,1,1,2026-03-13 18:03:09,2026-03-13 18:47:09,,SERGIO.NUNEZ
PED-001479,CLI-0139,6285.63,1,0,0,1,2026-03-13 19:27:49,2026-03-13 20:06:49,,JORGE.SALINAS
PED-001480,CLI-0189,4627.13,0,0,0,1,2026-03-13 19:52:47,2026-03-13 21:35:47,,luis_ramirez
PED-001481,CLI-0015,2067.03,0,0,1,1,2026-03-13 21:06:15,2026-03-13 21:09:15,,monica_vega
PED-001482,CLI-0145,8853.86,0,0,1,2,2026-03-13 22:07:25,,2026-03-14 09:37:25,
PED-001483,CLI-0133,19272.65,1,0,0,1,2026-03-13 17:57:26,2026-03-14 00:52:26,, sergio.nunez 
PED-001484,CLI-0162,4119.01,0,0,1,1,2026-03-14 16:31:56,2026-03-14 19:22:56,,karla_mendez
PED-001485,CLI-0060,3665.63,1,0,0,2,2026-03-14 19:00:14,,2026-03-14 20:00:14,
PED-001486,CLI-0092,2481.79,0,1,0,1,2026-03-14 21:29:41,2026-03-14 21:59:41,,IVONNE.RIOS
PED-001487,CLI-0187,2036.39,0,0,1,1,2026-03-14 21:20:52,2026-03-14 21:27:52,,ivonne_rios
PED-001488,CLI-0073,4493.02,1,0,0,2,2026-03-14 15:15:54,,2026-03-14 16:25:54,
PED-001489,CLI-0149,7922.85,0,0,0,2,2026-03-14 20:34:06,,2026-03-14 23:05:06,
PED-001490,CLI-0119,7437.36,0,0,0,1,2026-03-14 05:26:34,2026-03-14 06:33:34,,HECTOR.PAREDES
PED-001491,CLI-0058,8417.03,0,0,1,1,2026-03-14 11:02:59,2026-03-14 20:57:59,,paola.herrera
PED-001492,CLI-0090,1352.38,0,0,0,1,2026-03-14 21:44:00,2026-03-14 22:01:00,,ANA.TORRES
PED-001493,CLI-0085,1930.5,0,0,1,1,2026-03-14 10:03:57,2026-03-14 11:36:57,,SERGIO.NUNEZ
PED-001494,CLI-0045,49842.4,0,0,1,3,2026-03-14 07:32:59,,,
PED-001495,CLI-0062,5525.04,0,0,1,2,2026-03-14 12:00:16,,2026-03-14 21:01:16,
PED-001496,CLI-0163,1716.81,0,0,1,2,2026-03-15 13:52:32,,2026-03-15 13:53:32,
PED-001497,CLI-0098,1078.54,0,0,1,2,2026-03-15 15:37:56,,2026-03-15 15:47:56,
PED-001498,CLI-0161,1891.98,0,0,0,1,2026-03-15 01:27:15,2026-03-15 08:19:15,,sergio.nunez
PED-001499,CLI-0199,3802.72,0,1,0,1,2026-03-15 06:35:51,2026-03-15 09:30:51,,karla.mendez
PED-001500,CLI-0132,3776.17,0,1,0,1,2026-03-15 00:07:07,2026-03-15 03:11:07,, ana.torres 
PED-001501,CLI-0077,2928.67,0,1,0,2,2026-03-15 11:01:06,,2026-03-16 10:34:06,
PED-001502,CLI-0179,11545.42,0,0,0,1,2026-03-15 05:49:09,2026-03-15 09:37:09,,monica.vega
PED-001503,CLI-0005,1948.95,0,1,0,2,2026-03-15 19:20:39,,2026-03-16 07:04:39,
PED-001504,CLI-0059,4423.25,0,0,1,1,2026-03-15 20:37:51,2026-03-15 21:51:51,,ana.torres
PED-001505,CLI-0075,2780.52,0,0,1,1,2026-03-15 01:24:32,2026-03-15 01:40:32,,diego.castillo
PED-001506,CLI-0132,8426.86,0,1,0,1,2026-03-15 01:59:22,2026-03-15 02:11:22,,SERGIO.NUNEZ
PED-001507,CLI-0104,4329.18,0,0,1,1,2026-03-15 07:37:31,2026-03-15 08:14:31,,IVONNE.RIOS
PED-001508,CLI-0043,1588.79,0,0,1,2,2026-03-15 10:33:19,,2026-03-15 12:40:19,
PED-001509,CLI-0004,3933.93,0,0,1,1,2026-03-15 20:00:04,2026-03-16 06:20:04,,luis.ramirez
PED-001510,CLI-0147,8760.66,0,0,1,1,2026-03-15 22:38:43,2026-03-16 06:15:43,,ANA.TORRES
PED-001511,CLI-0139,8229.57,0,0,1,2,2026-03-16 12:03:01,,2026-03-16 22:34:01,
PED-001512,CLI-0077,7772.43,0,1,0,3,2026-03-16 10:24:19,,,
PED-001513,CLI-0006,3406.42,0,0,1,2,2026-03-16 04:47:26,,2026-03-17 09:43:26,
PED-001514,CLI-0182,1057.12,0,1,0,1,2026-03-16 22:28:46,2026-03-16 22:37:46,,hector.paredes
PED-001515,CLI-0143,11617.3,0,1,0,1,2026-03-16 20:10:59,2026-03-16 22:34:59,,paola.herrera
PED-001516,CLI-0002,8931.56,0,0,1,2,2026-03-16 09:56:02,,2026-03-17 18:17:02,
PED-001517,CLI-0111,8585.83,0,0,1,1,2026-03-16 11:09:23,2026-03-16 11:41:23,,diego_castillo
PED-001518,CLI-0073,7514.28,0,0,1,1,2026-03-16 11:35:22,2026-03-16 15:32:22,,jorge_salinas
PED-001519,CLI-0101,9497.32,0,0,1,1,2026-03-16 11:20:36,2026-03-16 11:43:36,,LUIS.RAMIREZ
PED-001520,CLI-0001,3091.1,0,0,1,1,2026-03-16 14:00:58,2026-03-16 14:24:58,,diego_castillo
PED-001521,CLI-0034,2951.25,0,0,0,2,2026-03-16 07:56:11,,2026-03-17 07:22:11,
PED-001522,CLI-0050,1542.38,0,0,1,2,2026-03-16 06:11:26,,2026-03-16 12:52:26,
PED-001523,CLI-0070,21105.97,0,0,1,1,2026-03-16 12:34:27,2026-03-16 18:25:27,, luis.ramirez 
PED-001524,CLI-0115,3236.01,1,0,0,1,2026-03-16 14:23:43,2026-03-16 20:29:43,,IVONNE.RIOS
PED-001525,CLI-0139,3003.7,0,1,0,1,2026-03-17 16:04:09,2026-03-18 04:47:09,, ivonne.rios 
PED-001526,CLI-0142,1064.72,0,0,1,1,2026-03-17 02:14:41,2026-03-17 08:38:41,,KARLA.MENDEZ
PED-001527,CLI-0179,1434.33,0,0,1,1,2026-03-17 23:59:42,2026-03-18 04:53:42,,sergio.nunez
PED-001528,CLI-0179,1057.57,0,0,1,1,2026-03-17 23:55:40,2026-03-18 00:45:40,,jorge.salinas
PED-001529,CLI-0133,8589.68,0,1,0,4,2026-03-17 15:26:00,2026-03-17 21:43:00,,diego_castillo
PED-001530,CLI-0041,23085.51,0,1,0,1,2026-03-17 05:07:10,2026-03-17 09:36:10,,SERGIO.NUNEZ
PED-001531,CLI-0059,6770.7,0,0,1,2,2026-03-17 02:42:17,,2026-03-17 07:28:17,
PED-001532,CLI-0008,10485.55,0,0,1,1,2026-03-17 14:50:54,2026-03-17 15:23:54,,HECTOR.PAREDES
PED-001533,CLI-0137,7433.63,0,1,0,1,2026-03-17 15:38:29,2026-03-17 17:58:29,, karla.mendez 
PED-001534,CLI-0091,14875.97,0,0,1,1,2026-03-17 04:37:32,2026-03-17 07:30:32,,sergio.nunez
PED-001535,CLI-0036,4357.38,0,0,1,1,2026-03-17 02:42:48,2026-03-17 06:34:48,,hector.paredes
PED-001536,CLI-0023,13545.28,0,0,1,1,2026-03-17 20:50:55,2026-03-17 21:34:55,,sergio.nunez
PED-001537,CLI-0198,4900.63,0,0,1,1,2026-03-17 08:22:33,2026-03-17 08:27:33,, ivonne.rios 
PED-001538,CLI-0122,22684.36,0,0,0,2,2026-03-17 23:42:48,,2026-03-18 03:56:48,
PED-001539,CLI-0072,12441.73,0,0,1,1,2026-03-17 13:23:51,2026-03-17 14:00:51,, jorge.salinas 
PED-001540,CLI-0143,501.33,0,0,1,1,2026-03-17 00:31:00,2026-03-17 13:48:00,,JORGE.SALINAS
PED-001541,CLI-0037,4042.47,0,0,1,1,2026-03-17 11:16:07,2026-03-17 13:27:07,, ana.torres 
PED-001542,CLI-0021,4063.83,0,1,0,1,2026-03-17 10:53:42,2026-03-17 14:53:42,,sergio.nunez
PED-001543,CLI-0063,12120.08,0,0,1,1,2026-03-17 13:17:19,2026-03-17 14:15:19,,sergio.nunez
PED-001544,CLI-0131,4113.76,0,0,1,1,2026-03-17 14:07:50,2026-03-17 16:39:50,,KARLA.MENDEZ
PED-001545,CLI-0146,906.46,0,0,1,2,2026-03-18 21:08:36,,2026-03-20 00:32:36,
PED-001546,CLI-0132,6030.84,0,1,0,1,2026-03-18 16:54:36,2026-03-18 18:43:36,, diego.castillo 
PED-001547,CLI-0095,8137.75,0,1,0,0,2026-03-18 16:37:38,,,
PED-001548,CLI-0035,1871.02,0,0,1,4,2026-03-18 11:47:00,2026-03-18 13:52:00,, ana.torres 
PED-001549,CLI-0078,1463.79,1,0,0,2,2026-03-18 21:26:13,,2026-03-19 04:38:13,
PED-001550,CLI-0163,10513.25,0,0,1,2,2026-03-18 22:50:49,,2026-03-19 01:33:49,
PED-001551,CLI-0063,2732.87,0,0,1,1,2026-03-18 06:31:48,2026-03-18 09:06:48,, hector.paredes 
PED-001552,CLI-0143,7988.52,1,0,0,1,2026-03-18 12:40:55,2026-03-18 16:25:55,,luis_ramirez
PED-001553,CLI-0140,6726.65,0,0,1,1,2026-03-18 23:33:35,2026-03-19 01:14:35,,karla_mendez
PED-001554,CLI-0127,7411.15,0,1,0,1,2026-03-18 17:19:28,2026-03-18 18:35:28,,luis_ramirez
PED-001555,CLI-0195,8720.55,0,0,1,1,2026-03-18 07:16:57,2026-03-18 09:04:57,, monica.vega 
PED-001556,CLI-0190,6051.74,1,0,0,1,2026-03-18 10:07:34,2026-03-18 13:46:34,,HECTOR.PAREDES
PED-001557,CLI-0003,2191.49,0,0,1,1,2026-03-18 06:49:11,2026-03-18 10:01:11,, jorge.salinas 
PED-001558,CLI-0045,1203.89,0,1,0,4,2026-03-18 15:33:51,2026-03-18 16:18:51,,hector_paredes
PED-001559,CLI-0025,2800.34,0,0,1,1,2026-03-18 01:11:26,2026-03-18 06:09:26,,luis_ramirez
PED-001560,CLI-0176,2998.15,0,0,1,2,2026-03-18 21:44:09,,2026-03-19 03:05:09,
PED-001561,CLI-0166,4503.84,1,0,0,1,2026-03-18 06:19:53,2026-03-18 06:22:53,, karla.mendez 
PED-001562,CLI-0084,2622.98,0,1,0,1,2026-03-18 21:15:15,2026-03-18 21:32:15,, luis.ramirez 
PED-001563,CLI-0069,3117.15,0,0,0,1,2026-03-18 00:21:42,2026-03-18 01:39:42,,PAOLA.HERRERA
PED-001564,CLI-0108,3572.57,1,0,0,1,2026-03-19 10:00:29,2026-03-19 11:54:29,,jorge_salinas
PED-001565,CLI-0191,7467.39,0,0,0,2,2026-03-19 18:56:23,,2026-03-19 20:26:23,
PED-001566,CLI-0138,4109.25,0,0,1,4,2026-03-19 09:39:44,2026-03-19 09:44:44,,diego_castillo
PED-001567,CLI-0147,4505.86,0,0,1,2,2026-03-19 12:29:58,,2026-03-20 10:28:58,
PED-001568,CLI-0070,4234.71,0,0,1,1,2026-03-19 20:31:14,2026-03-19 23:38:14,,karla.mendez
PED-001569,CLI-0001,45041.01,0,0,0,1,2026-03-19 12:53:40,2026-03-19 16:32:40,,karla.mendez
PED-001570,CLI-0020,4543.42,0,1,0,2,2026-03-19 09:27:50,,2026-03-19 13:00:50,
PED-001571,CLI-0103,12499.22,0,0,1,1,2026-03-19 21:31:00,2026-03-20 00:53:00,,SERGIO.NUNEZ
PED-001572,CLI-0114,4373.19,0,0,1,1,2026-03-19 23:46:46,2026-03-19 23:46:46,,KARLA.MENDEZ
PED-001573,CLI-0161,4916.24,0,1,0,1,2026-03-19 06:40:29,2026-03-19 10:36:29,, diego.castillo 
PED-001574,CLI-0133,7204.93,1,0,0,2,2026-03-19 14:45:46,,2026-03-20 06:26:46,
PED-001575,CLI-0067,21122.53,0,0,1,1,2026-03-19 14:35:04,2026-03-19 16:51:04,, ana.torres 
PED-001576,CLI-0081,1970.73,0,0,1,1,2026-03-19 21:12:24,2026-03-19 23:48:24,,sergio_nunez
PED-001577,CLI-0010,1189.95,0,0,1,1,2026-03-19 08:38:41,2026-03-19 09:58:41,,ana.torres
PED-001578,CLI-0008,2362.61,0,0,0,0,2026-03-19 19:23:52,,,
PED-001579,CLI-0064,4112.75,0,1,0,2,2026-03-19 21:32:39,,2026-03-20 05:08:39,
PED-001580,CLI-0076,15119.03,0,0,0,3,2026-03-19 10:51:36,,,
PED-001581,CLI-0159,7820.22,0,0,1,1,2026-03-19 00:32:01,2026-03-19 00:55:01,,karla_mendez
PED-001582,CLI-0027,1909.32,0,0,0,1,2026-03-19 17:13:09,2026-03-19 18:05:09,, monica.vega 
PED-001583,CLI-0088,33763.82,0,0,1,1,2026-03-19 03:04:49,2026-03-19 09:30:49,,paola.herrera
PED-001584,CLI-0040,4482.14,0,0,1,2,2026-03-19 14:28:05,,2026-03-20 10:34:05,
PED-001585,CLI-0026,5003.89,0,0,1,2,2026-03-19 12:40:51,,2026-03-19 20:59:51,
PED-001586,CLI-0049,7795.43,1,0,0,1,2026-03-20 10:18:45,2026-03-20 18:00:45,,monica.vega
PED-001587,CLI-0025,2488.66,0,1,0,1,2026-03-20 09:39:08,2026-03-20 14:54:08,, monica.vega 
PED-001588,CLI-0070,1016.37,0,0,1,1,2026-03-20 04:20:02,2026-03-20 12:37:02,, luis.ramirez 
PED-001589,CLI-0117,24665.3,0,0,1,1,2026-03-20 09:35:25,2026-03-20 10:28:25,,hector.paredes
PED-001590,CLI-0078,2139.14,0,0,1,1,2026-03-20 12:31:08,2026-03-20 16:16:08,,ana.torres
PED-001591,CLI-0112,12785.68,0,0,1,2,2026-03-20 16:43:34,,2026-03-21 14:16:34,
PED-001592,CLI-0186,1951.45,0,0,1,2,2026-03-20 16:01:08,,2026-03-21 16:50:08,
PED-001593,CLI-0004,5684.53,0,0,0,2,2026-03-20 18:24:27,,2026-03-21 06:30:27,
PED-001594,CLI-0113,1862.73,0,0,1,1,2026-03-20 00:42:41,2026-03-20 03:53:41,, diego.castillo 
PED-001595,CLI-0142,37211.81,0,1,0,1,2026-03-20 05:33:07,2026-03-20 07:24:07,,paola.herrera
PED-001596,CLI-0159,10097.69,0,0,1,1,2026-03-20 12:46:23,2026-03-20 15:56:23,,diego.castillo
PED-001597,CLI-0049,7917.43,0,0,0,1,2026-03-20 00:36:44,2026-03-20 00:39:44,,PAOLA.HERRERA
PED-001598,CLI-0137,4634.22,0,1,0,1,2026-03-20 21:22:46,2026-03-20 21:27:46,, sergio.nunez 
PED-001599,CLI-0121,5415.31,1,0,0,1,2026-03-20 19:25:58,2026-03-20 22:28:58,,ana.torres
PED-001600,CLI-0130,12308.75,0,1,0,1,2026-03-20 22:24:59,2026-03-21 00:15:59,,luis_ramirez
PED-001601,CLI-0080,10994.1,0,0,0,2,2026-03-21 10:05:54,,2026-03-21 14:09:54,
PED-001602,CLI-0135,10350.97,0,1,0,1,2026-03-21 15:20:34,2026-03-21 17:18:34,, diego.castillo 
PED-001603,CLI-0062,3607.29,0,1,0,1,2026-03-21 11:30:04,2026-03-21 14:47:04,, karla.mendez 
PED-001604,CLI-0095,4084.1,0,0,1,2,2026-03-21 23:53:24,,2026-03-22 00:19:24,
PED-001605,CLI-0023,4482.23,0,0,1,1,2026-03-21 15:51:51,2026-03-21 19:46:51,, luis.ramirez 
PED-001606,CLI-0099,4578.93,0,1,0,1,2026-03-21 10:06:33,2026-03-21 13:46:33,,PAOLA.HERRERA
PED-001607,CLI-0200,2465.94,0,0,1,2,2026-03-21 12:38:56,,2026-03-21 14:52:56,
PED-001608,CLI-0008,2195.68,0,0,1,1,2026-03-21 01:19:05,2026-03-21 04:43:05,,jorge_salinas
PED-001609,CLI-0159,3937.35,0,0,1,1,2026-03-21 22:02:20,2026-03-21 23:45:20,, ana.torres 
PED-001610,CLI-0126,6812.6,1,0,0,1,2026-03-21 02:33:00,2026-03-21 03:39:00,,jorge.salinas
PED-001611,CLI-0077,29036.09,0,0,1,1,2026-03-21 16:57:50,2026-03-21 22:41:50,,MONICA.VEGA
PED-001612,CLI-0167,1581.37,0,0,1,1,2026-03-21 07:36:00,2026-03-21 10:19:00,,paola_herrera
PED-001613,CLI-0195,6248.6,0,1,0,4,2026-03-21 21:33:56,2026-03-21 22:16:56,,ANA.TORRES
PED-001614,CLI-0014,4096.47,0,1,0,1,2026-03-21 09:33:12,2026-03-21 10:29:12,, sergio.nunez 
PED-001615,CLI-0128,1430.31,0,0,1,0,2026-03-21 05:45:44,,,
PED-001616,CLI-0155,12197.38,0,0,0,1,2026-03-21 19:29:24,2026-03-21 21:37:24,,hector_paredes
PED-001617,CLI-0011,1393.97,0,0,1,2,2026-03-21 16:58:07,,2026-03-21 22:15:07,
PED-001618,CLI-0117,3857.89,0,0,1,2,2026-03-21 08:18:57,,2026-03-22 00:04:57,
PED-001619,CLI-0157,3139.71,0,0,1,2,2026-03-21 09:57:54,,2026-03-21 12:26:54,
PED-001620,CLI-0013,16902.2,0,1,0,0,2026-03-21 16:46:34,,,
PED-001621,CLI-0150,12582.45,0,0,1,2,2026-03-21 15:01:15,,2026-03-21 18:37:15,
PED-001622,CLI-0014,15795.4,0,1,0,1,2026-03-21 17:22:50,2026-03-21 18:27:50,,hector.paredes
PED-001623,CLI-0104,10284.4,0,0,1,1,2026-03-21 09:32:48,2026-03-21 14:51:48,,SERGIO.NUNEZ
PED-001624,CLI-0186,2378.81,0,1,0,2,2026-03-21 12:30:38,,2026-03-21 19:08:38,
PED-001625,CLI-0185,2870.92,0,1,0,1,2026-03-21 19:37:58,2026-03-21 22:58:58,,ivonne_rios
PED-001626,CLI-0186,4250.28,0,0,1,2,2026-03-21 05:10:12,,2026-03-21 14:44:12,
PED-001627,CLI-0039,15169.27,1,0,0,1,2026-03-22 22:02:41,2026-03-23 05:18:41,,ivonne_rios
PED-001628,CLI-0114,13990.07,0,0,1,1,2026-03-22 06:36:30,2026-03-22 23:49:30,, paola.herrera 
PED-001629,CLI-0085,10383.94,0,0,1,1,2026-03-22 14:59:20,2026-03-22 20:20:20,, paola.herrera 
PED-001630,CLI-0087,7109.67,1,0,0,1,2026-03-22 17:43:20,2026-03-22 18:53:20,,ANA.TORRES
PED-001631,CLI-0162,4177.06,0,0,0,1,2026-03-22 03:25:29,2026-03-22 03:34:29,,MONICA.VEGA
PED-001632,CLI-0015,947.89,1,0,0,1,2026-03-22 23:41:29,2026-03-23 01:33:29,,PAOLA.HERRERA
PED-001633,CLI-0187,12393.86,1,0,0,1,2026-03-22 05:19:25,2026-03-22 08:06:25,,sergio.nunez
PED-001634,CLI-0154,22337.83,0,0,1,2,2026-03-22 23:25:19,,2026-03-23 00:20:19,
PED-001635,CLI-0156,7046.41,0,0,1,1,2026-03-22 12:15:48,2026-03-22 19:31:48,,DIEGO.CASTILLO
PED-001636,CLI-0048,2041.14,0,0,0,4,2026-03-22 16:47:04,2026-03-22 20:09:04,,paola_herrera
PED-001637,CLI-0127,3274.39,0,1,0,1,2026-03-22 07:40:48,2026-03-22 14:56:48,,IVONNE.RIOS
PED-001638,CLI-0140,4114.7,0,0,0,1,2026-03-22 10:35:04,2026-03-22 11:17:04,,ana_torres
PED-001639,CLI-0164,5228.73,0,0,0,1,2026-03-22 21:01:51,2026-03-23 03:49:51,,sergio_nunez
PED-001640,CLI-0047,3508.11,1,0,0,2,2026-03-22 00:12:46,,2026-03-22 04:13:46,
PED-001641,CLI-0068,3034.8,0,0,1,2,2026-03-22 14:37:46,,2026-03-22 15:46:46,
PED-001642,CLI-0096,1115.7,0,0,1,0,2026-03-22 03:51:24,,,
PED-001643,CLI-0021,8410.53,0,1,0,1,2026-03-22 10:12:38,2026-03-22 13:41:38,,karla_mendez
PED-001644,CLI-0160,5446.23,0,0,1,2,2026-03-22 16:14:07,,2026-03-23 03:35:07,
PED-001645,CLI-0167,12313.73,1,0,0,1,2026-03-22 02:51:34,2026-03-22 05:08:34,, paola.herrera 
PED-001646,CLI-0170,3245.42,0,1,0,2,2026-03-22 21:14:53,,2026-03-23 00:59:53,
PED-001647,CLI-0023,2410.76,0,0,0,1,2026-03-22 16:50:08,2026-03-23 01:51:08,,paola_herrera
PED-001648,CLI-0121,2357.61,0,0,0,2,2026-03-22 00:05:20,,2026-03-22 05:32:20,
PED-001649,CLI-0111,11299.17,0,1,0,1,2026-03-22 06:43:59,2026-03-22 15:18:59,,luis.ramirez
PED-001650,CLI-0123,7473.35,1,0,0,1,2026-03-22 10:50:29,2026-03-22 11:21:29,, monica.vega 
PED-001651,CLI-0056,6404.91,1,0,0,4,2026-03-22 02:48:44,2026-03-22 03:06:44,, diego.castillo 
PED-001652,CLI-0180,3019.79,0,0,0,1,2026-03-23 10:34:31,2026-03-23 14:47:31,,HECTOR.PAREDES
PED-001653,CLI-0073,23286.26,1,0,0,1,2026-03-23 13:42:23,2026-03-23 18:01:23,, ana.torres 
PED-001654,CLI-0145,1734.56,0,0,1,2,2026-03-23 00:42:07,,2026-03-23 01:39:07,
PED-001655,CLI-0085,4204.75,1,0,0,1,2026-03-23 12:17:34,2026-03-23 18:51:34,,ivonne.rios
PED-001656,CLI-0094,8961.01,0,0,1,1,2026-03-23 01:02:09,2026-03-23 06:38:09,,jorge_salinas
PED-001657,CLI-0043,7669.43,0,0,0,1,2026-03-23 17:16:58,2026-03-23 20:21:58,, paola.herrera 
PED-001658,CLI-0160,1696.63,0,0,1,4,2026-03-23 01:04:06,2026-03-23 07:31:06,,MONICA.VEGA
PED-001659,CLI-0178,8983.09,0,0,1,1,2026-03-23 10:42:50,2026-03-23 12:17:50,,jorge.salinas
PED-001660,CLI-0050,23205.42,0,1,0,1,2026-03-23 09:30:58,2026-03-23 11:59:58,,sergio.nunez
PED-001661,CLI-0188,4258.7,1,0,0,1,2026-03-23 12:16:23,2026-03-23 12:41:23,,IVONNE.RIOS
PED-001662,CLI-0062,4049.77,0,0,0,1,2026-03-23 23:03:09,2026-03-23 23:20:09,,DIEGO.CASTILLO
PED-001663,CLI-0059,8028.44,0,0,1,1,2026-03-23 09:30:13,2026-03-23 11:20:13,,IVONNE.RIOS
PED-001664,CLI-0141,5813.24,0,0,0,1,2026-03-23 13:25:01,2026-03-23 17:16:01,,KARLA.MENDEZ
PED-001665,CLI-0192,2970.68,1,0,0,1,2026-03-23 15:02:14,2026-03-23 15:33:14,,ana.torres
PED-001666,CLI-0106,3511.6,0,0,1,1,2026-03-23 04:13:51,2026-03-23 07:37:51,, luis.ramirez 
PED-001667,CLI-0066,5441.26,1,0,0,4,2026-03-23 22:22:47,2026-03-24 02:15:47,,paola_herrera
PED-001668,CLI-0070,2301.55,1,0,0,2,2026-03-23 22:41:42,,2026-03-25 10:02:42,
PED-001669,CLI-0142,7671.17,0,0,1,4,2026-03-23 10:04:43,2026-03-23 19:21:43,,monica_vega
PED-001670,CLI-0180,8446.85,0,1,0,1,2026-03-24 10:38:20,2026-03-24 12:15:20,,diego_castillo
PED-001671,CLI-0153,11799.51,0,1,0,1,2026-03-24 05:49:58,2026-03-24 08:16:58,, monica.vega 
PED-001672,CLI-0140,3678.61,0,1,0,1,2026-03-24 07:54:57,2026-03-24 08:11:57,,KARLA.MENDEZ
PED-001673,CLI-0100,2914.56,0,0,1,1,2026-03-24 13:04:56,2026-03-24 14:45:56,,paola.herrera
PED-001674,CLI-0156,12690.48,0,0,1,2,2026-03-24 02:54:10,,2026-03-24 13:46:10,
PED-001675,CLI-0049,4988.31,1,0,0,1,2026-03-24 01:45:07,2026-03-24 04:05:07,,DIEGO.CASTILLO
PED-001676,CLI-0005,15193.41,0,1,0,1,2026-03-24 01:57:02,2026-03-24 06:22:02,, paola.herrera 
PED-001677,CLI-0014,5206.52,0,0,1,1,2026-03-24 22:16:34,2026-03-24 23:27:34,,LUIS.RAMIREZ
PED-001678,CLI-0132,17280.07,1,0,0,1,2026-03-24 14:36:36,2026-03-24 16:50:36,, ana.torres 
PED-001679,CLI-0001,11619.02,0,0,0,1,2026-03-24 22:06:01,2026-03-25 03:41:01,,HECTOR.PAREDES
PED-001680,CLI-0112,13274.78,1,0,0,1,2026-03-24 20:22:50,2026-03-24 22:28:50,, monica.vega 
PED-001681,CLI-0180,5381.41,0,0,1,2,2026-03-24 06:58:05,,2026-03-25 03:57:05,
PED-001682,CLI-0132,29367.33,0,0,1,1,2026-03-24 02:26:26,2026-03-24 05:45:26,,DIEGO.CASTILLO
PED-001683,CLI-0095,1656.65,0,1,0,0,2026-03-24 23:22:04,,,
PED-001684,CLI-0073,19255.24,0,1,0,1,2026-03-24 14:41:25,2026-03-24 23:56:25,,ivonne_rios
PED-001685,CLI-0198,2769.6,0,0,0,1,2026-03-24 00:02:53,2026-03-24 01:01:53,, hector.paredes 
PED-001686,CLI-0103,2677.71,0,0,0,1,2026-03-24 22:42:47,2026-03-24 23:35:47,,luis_ramirez
PED-001687,CLI-0121,8331.65,0,0,1,2,2026-03-24 19:47:34,,2026-03-25 06:18:34,
PED-001688,CLI-0107,6875.76,0,1,0,1,2026-03-24 23:53:58,2026-03-25 00:36:58,, paola.herrera 
PED-001689,CLI-0045,5828.51,0,0,1,1,2026-03-24 01:39:26,2026-03-24 04:49:26,,jorge.salinas
PED-001690,CLI-0113,4365.1,0,0,1,1,2026-03-24 10:30:32,2026-03-24 13:11:32,,hector_paredes
PED-001691,CLI-0161,4012.02,0,0,1,4,2026-03-25 00:56:42,2026-03-25 08:34:42,,IVONNE.RIOS
PED-001692,CLI-0130,1465.5,0,0,0,1,2026-03-25 17:16:53,2026-03-26 00:31:53,,ivonne_rios
PED-001693,CLI-0196,21902.17,0,1,0,1,2026-03-25 00:53:47,2026-03-25 01:20:47,,ivonne_rios
PED-001694,CLI-0187,5453.38,0,0,1,1,2026-03-25 16:20:56,2026-03-25 19:46:56,, diego.castillo 
PED-001695,CLI-0099,8972.57,0,0,1,1,2026-03-25 19:14:10,2026-03-26 02:17:10,, sergio.nunez 
PED-001696,CLI-0183,11371.44,0,0,1,1,2026-03-25 05:32:06,2026-03-25 07:29:06,, jorge.salinas 
PED-001697,CLI-0092,17818.98,0,1,0,0,2026-03-25 10:28:50,,,
PED-001698,CLI-0148,25757.07,0,0,1,2,2026-03-25 00:52:53,,2026-03-25 02:45:53,
PED-001699,CLI-0175,5244.24,0,0,1,1,2026-03-25 15:57:59,2026-03-25 16:29:59,,PAOLA.HERRERA
PED-001700,CLI-0017,13557.06,1,0,0,1,2026-03-25 09:41:02,2026-03-25 15:58:02,, jorge.salinas 
PED-001701,CLI-0180,3893.81,0,0,1,1,2026-03-25 06:21:09,2026-03-25 07:45:09,, diego.castillo 
PED-001702,CLI-0066,34295.22,0,0,1,1,2026-03-25 06:54:41,2026-03-25 10:29:41,, paola.herrera 
PED-001703,CLI-0132,6097.94,0,0,1,1,2026-03-25 10:11:30,2026-03-25 18:20:30,,JORGE.SALINAS
PED-001704,CLI-0039,2287.62,1,0,0,0,2026-03-25 16:51:31,,,
PED-001705,CLI-0136,2139.16,0,0,0,1,2026-03-25 12:02:20,2026-03-25 13:55:20,,diego.castillo
PED-001706,CLI-0087,7191.7,1,0,0,1,2026-03-25 11:29:31,2026-03-25 11:52:31,,ana.torres
PED-001707,CLI-0019,1779.83,0,1,0,2,2026-03-25 13:09:35,,2026-03-25 14:50:35,
PED-001708,CLI-0104,12547.39,0,1,0,1,2026-03-25 03:50:43,2026-03-25 04:34:43,,sergio_nunez
PED-001709,CLI-0134,6125.42,0,1,0,1,2026-03-26 06:53:16,2026-03-26 07:01:16,,monica.vega
PED-001710,CLI-0111,31109.76,0,1,0,0,2026-03-26 02:00:50,,,
PED-001711,CLI-0071,913.11,0,0,1,2,2026-03-26 03:39:13,,2026-03-26 13:54:13,
PED-001712,CLI-0057,923.73,0,0,1,2,2026-03-26 06:55:19,,2026-03-26 13:25:19,
PED-001713,CLI-0059,1703.61,0,0,0,1,2026-03-26 16:39:07,2026-03-26 18:40:07,,IVONNE.RIOS
PED-001714,CLI-0022,3028.48,0,0,1,1,2026-03-26 02:10:19,2026-03-26 02:51:19,,ANA.TORRES
PED-001715,CLI-0028,36182.37,0,0,1,2,2026-03-26 15:35:51,,2026-03-26 17:54:51,
PED-001716,CLI-0038,4970.61,0,0,0,1,2026-03-26 00:19:26,2026-03-26 02:14:26,,ana.torres
PED-001717,CLI-0177,2340.17,0,0,0,1,2026-03-26 07:15:10,2026-03-26 07:16:10,,KARLA.MENDEZ
PED-001718,CLI-0158,23642.72,0,0,1,2,2026-03-26 10:04:58,,2026-03-26 21:06:58,
PED-001719,CLI-0120,14745.18,0,1,0,1,2026-03-26 21:27:40,2026-03-27 07:05:40,,diego.castillo
PED-001720,CLI-0189,24290.52,0,1,0,1,2026-03-26 20:08:47,2026-03-26 21:32:47,,ANA.TORRES
PED-001721,CLI-0119,7043.69,0,0,1,1,2026-03-26 12:50:46,2026-03-26 18:04:46,, karla.mendez 
PED-001722,CLI-0148,3107.98,0,0,1,1,2026-03-26 03:41:40,2026-03-26 04:42:40,,monica.vega
PED-001723,CLI-0130,1375.61,0,0,1,1,2026-03-26 20:24:21,2026-03-26 22:58:21,,monica.vega
PED-001724,CLI-0032,3973.29,0,1,0,4,2026-03-26 23:19:59,2026-03-26 23:46:59,, luis.ramirez 
PED-001725,CLI-0178,5372.69,0,0,1,2,2026-03-26 08:43:18,,2026-03-27 10:30:18,
PED-001726,CLI-0059,21241.29,0,0,1,1,2026-03-26 08:56:13,2026-03-26 11:00:13,,MONICA.VEGA
PED-001727,CLI-0135,2636.01,1,0,0,3,2026-03-26 05:01:00,,,
PED-001728,CLI-0148,12512.87,1,0,0,1,2026-03-26 23:24:34,2026-03-27 03:20:34,,ivonne_rios
PED-001729,CLI-0093,4856.6,0,0,1,1,2026-03-26 02:44:56,2026-03-26 08:40:56,,SERGIO.NUNEZ
PED-001730,CLI-0049,6332.0,0,0,1,1,2026-03-26 20:29:50,2026-03-26 23:26:50,, paola.herrera 
PED-001731,CLI-0054,7901.8,0,0,1,1,2026-03-26 16:23:09,2026-03-26 21:20:09,,PAOLA.HERRERA
PED-001732,CLI-0113,6271.26,0,1,0,1,2026-03-26 17:00:36,2026-03-26 18:24:36,,ivonne.rios
PED-001733,CLI-0013,6517.11,0,0,1,1,2026-03-26 05:23:00,2026-03-26 06:24:00,, ana.torres 
PED-001734,CLI-0121,4198.18,0,0,1,1,2026-03-26 18:46:26,2026-03-26 18:52:26,, luis.ramirez 
PED-001735,CLI-0016,10621.95,0,0,0,0,2026-03-26 16:16:43,,,
PED-001736,CLI-0111,18591.43,0,0,1,1,2026-03-26 21:55:24,2026-03-26 23:30:24,,paola_herrera
PED-001737,CLI-0171,4992.1,1,0,0,2,2026-03-26 12:30:34,,2026-03-27 12:46:34,
PED-001738,CLI-0198,11637.97,0,0,0,2,2026-03-27 10:40:01,,2026-03-27 18:24:01,
PED-001739,CLI-0118,5976.49,0,0,0,1,2026-03-27 11:40:03,2026-03-27 15:10:03,,KARLA.MENDEZ
PED-001740,CLI-0139,15804.69,0,0,1,1,2026-03-27 10:39:22,2026-03-27 10:43:22,,LUIS.RAMIREZ
PED-001741,CLI-0071,4645.78,0,0,1,2,2026-03-27 15:28:06,,2026-03-27 20:03:06,
PED-001742,CLI-0069,3086.0,0,1,0,2,2026-03-27 04:31:51,,2026-03-27 10:07:51,
PED-001743,CLI-0008,3454.24,0,0,0,1,2026-03-27 22:08:30,2026-03-27 22:16:30,,monica_vega
PED-001744,CLI-0066,6694.44,0,1,0,1,2026-03-27 12:42:57,2026-03-27 13:39:57,,PAOLA.HERRERA
PED-001745,CLI-0194,17826.71,0,1,0,4,2026-03-27 06:30:37,2026-03-27 09:37:37,, monica.vega 
PED-001746,CLI-0104,4635.58,0,0,1,1,2026-03-27 14:05:59,2026-03-27 14:49:59,,paola.herrera
PED-001747,CLI-0062,19172.55,0,0,1,1,2026-03-27 07:53:59,2026-03-27 10:17:59,,KARLA.MENDEZ
PED-001748,CLI-0035,8610.84,0,0,1,1,2026-03-27 16:18:00,2026-03-27 17:14:00,,HECTOR.PAREDES
PED-001749,CLI-0061,2271.49,0,0,0,1,2026-03-27 19:34:44,2026-03-28 03:38:44,,LUIS.RAMIREZ
PED-001750,CLI-0067,2187.0,0,1,0,1,2026-03-27 01:22:20,2026-03-27 07:43:20,, karla.mendez 
PED-001751,CLI-0091,3950.7,1,0,0,1,2026-03-27 07:53:47,2026-03-27 08:34:47,, luis.ramirez 
PED-001752,CLI-0086,3594.11,0,0,0,2,2026-03-27 19:40:46,,2026-03-28 01:42:46,
PED-001753,CLI-0035,7096.22,0,0,0,1,2026-03-27 10:42:11,2026-03-27 12:30:11,, luis.ramirez 
PED-001754,CLI-0032,1420.94,0,1,0,4,2026-03-27 22:22:56,2026-03-28 02:16:56,,PAOLA.HERRERA
PED-001755,CLI-0164,7025.05,0,1,0,2,2026-03-27 01:19:51,,2026-03-27 08:37:51,
PED-001756,CLI-0102,3350.67,1,0,0,2,2026-03-27 15:05:58,,2026-03-27 16:57:58,
PED-001757,CLI-0032,2156.72,0,0,1,4,2026-03-27 12:58:04,2026-03-27 15:11:04,,monica.vega
PED-001758,CLI-0178,3726.04,0,0,1,2,2026-03-27 17:02:32,,2026-03-28 04:12:32,
PED-001759,CLI-0170,1293.49,0,1,0,1,2026-03-27 06:03:52,2026-03-27 10:09:52,,diego.castillo
PED-001760,CLI-0158,2240.97,0,0,1,1,2026-03-27 01:23:57,2026-03-27 01:43:57,, karla.mendez 
PED-001761,CLI-0139,2452.98,0,1,0,0,2026-03-27 10:17:27,,,
PED-001762,CLI-0180,3948.16,1,0,0,4,2026-03-27 07:52:03,2026-03-27 08:29:03,,ANA.TORRES
PED-001763,CLI-0147,5363.65,0,0,1,1,2026-03-27 02:24:56,2026-03-27 06:44:56,,PAOLA.HERRERA
PED-001764,CLI-0017,6476.53,1,0,0,4,2026-03-28 04:37:44,2026-03-28 05:01:44,,IVONNE.RIOS
PED-001765,CLI-0005,35119.9,0,0,1,2,2026-03-28 09:08:13,,2026-03-29 20:40:13,
PED-001766,CLI-0104,24146.83,0,1,0,1,2026-03-28 13:19:45,2026-03-28 15:33:45,,monica.vega
PED-001767,CLI-0006,34570.74,0,0,1,1,2026-03-28 23:48:10,2026-03-29 00:04:10,,ivonne.rios
PED-001768,CLI-0139,5402.64,0,0,1,0,2026-03-28 09:36:25,,,
PED-001769,CLI-0178,2992.98,0,1,0,1,2026-03-28 10:40:09,2026-03-28 12:14:09,,jorge.salinas
PED-001770,CLI-0054,3768.92,0,0,1,1,2026-03-28 07:14:15,2026-03-28 07:29:15,,paola.herrera
PED-001771,CLI-0011,7930.38,0,0,1,1,2026-03-28 11:55:10,2026-03-28 14:08:10,,hector_paredes
PED-001772,CLI-0155,14783.96,0,0,0,1,2026-03-28 15:17:08,2026-03-28 21:07:08,,ana.torres
PED-001773,CLI-0116,10352.76,0,0,1,2,2026-03-28 12:35:34,,2026-03-28 15:12:34,
PED-001774,CLI-0049,3373.86,0,1,0,2,2026-03-28 06:21:23,,2026-03-29 08:53:23,
PED-001775,CLI-0169,4407.47,0,0,1,2,2026-03-28 21:56:05,,2026-03-28 23:35:05,
PED-001776,CLI-0027,16347.73,0,1,0,1,2026-03-28 18:54:19,2026-03-28 23:41:19,, monica.vega 
PED-001777,CLI-0193,12363.54,0,0,1,1,2026-03-28 10:26:52,2026-03-28 11:40:52,, diego.castillo 
PED-001778,CLI-0031,2810.9,1,0,0,1,2026-03-28 22:19:36,2026-03-28 22:51:36,, diego.castillo 
PED-001779,CLI-0199,10084.71,1,0,0,1,2026-03-28 17:31:59,2026-03-28 19:54:59,,PAOLA.HERRERA
PED-001780,CLI-0133,2972.15,1,0,0,1,2026-03-28 04:40:10,2026-03-28 05:50:10,,HECTOR.PAREDES
PED-001781,CLI-0195,1474.41,1,0,0,1,2026-03-28 06:19:09,2026-03-28 13:11:09,,PAOLA.HERRERA
PED-001782,CLI-0181,1604.84,0,0,1,1,2026-03-28 13:53:48,2026-03-28 15:17:48,, karla.mendez 
PED-001783,CLI-0018,5292.08,0,0,1,1,2026-03-28 15:06:56,2026-03-28 18:50:56,,paola.herrera
PED-001784,CLI-0079,2034.88,0,0,0,4,2026-03-29 21:41:57,2026-03-29 23:17:57,,KARLA.MENDEZ
PED-001785,CLI-0172,5377.04,0,0,1,1,2026-03-29 08:48:09,2026-03-29 09:37:09,,ANA.TORRES
PED-001786,CLI-0070,3794.94,0,0,1,1,2026-03-29 21:45:38,2026-03-30 15:55:38,,jorge_salinas
PED-001787,CLI-0065,3104.7,1,0,0,1,2026-03-29 22:34:56,2026-03-30 01:11:56,,MONICA.VEGA
PED-001788,CLI-0103,1301.42,0,1,0,1,2026-03-29 14:20:47,2026-03-29 20:23:47,,monica_vega
PED-001789,CLI-0142,2120.19,0,0,0,2,2026-03-29 09:09:40,,2026-03-29 10:37:40,
PED-001790,CLI-0070,2804.69,0,1,0,1,2026-03-29 02:21:30,2026-03-29 09:18:30,, paola.herrera 
PED-001791,CLI-0043,7370.01,0,0,1,1,2026-03-29 09:41:20,2026-03-29 12:16:20,,ivonne.rios
PED-001792,CLI-0067,5581.95,0,1,0,0,2026-03-29 21:13:39,,,
PED-001793,CLI-0084,5344.79,0,0,1,2,2026-03-29 00:34:52,,2026-03-29 06:09:52,
PED-001794,CLI-0128,1945.69,0,0,0,1,2026-03-29 19:24:58,2026-03-30 00:10:58,,SERGIO.NUNEZ
PED-001795,CLI-0102,1105.17,0,0,1,1,2026-03-29 09:48:56,2026-03-29 13:07:56,, sergio.nunez 
PED-001796,CLI-0081,2237.13,0,1,0,0,2026-03-29 22:29:42,,,
PED-001797,CLI-0041,5475.91,0,0,1,1,2026-03-29 08:11:53,2026-03-29 10:36:53,,ivonne_rios
PED-001798,CLI-0040,7623.62,0,0,1,2,2026-03-29 04:21:29,,2026-03-29 16:51:29,
PED-001799,CLI-0042,938.58,1,0,0,1,2026-03-29 21:34:22,2026-03-29 23:24:22,,diego.castillo
PED-001800,CLI-0131,4381.92,0,0,1,1,2026-03-29 01:00:10,2026-03-29 01:21:10,,luis.ramirez
PED-001801,CLI-0011,1587.08,0,0,1,2,2026-03-29 21:39:39,,2026-03-30 06:11:39,
PED-001802,CLI-0062,2945.34,1,0,0,3,2026-03-29 19:35:24,,,
PED-001803,CLI-0091,14666.28,0,1,0,1,2026-03-29 00:43:20,2026-03-29 01:24:20,,diego_castillo
PED-001804,CLI-0024,13937.7,0,0,1,1,2026-03-29 11:24:46,2026-03-29 18:45:46,,sergio_nunez
PED-001805,CLI-0116,1610.76,1,0,0,1,2026-03-29 21:33:27,2026-03-30 07:08:27,,HECTOR.PAREDES
PED-001806,CLI-0199,4226.72,0,0,1,2,2026-03-29 19:48:55,,2026-03-30 06:35:55,
PED-001807,CLI-0031,5488.06,0,0,1,2,2026-03-29 03:47:30,,2026-03-29 05:46:30,
PED-001808,CLI-0070,2410.13,0,1,0,1,2026-03-29 17:23:47,2026-03-30 00:39:47,, monica.vega 
PED-001809,CLI-0188,10601.02,0,0,1,4,2026-03-29 05:06:42,2026-03-29 06:20:42,,DIEGO.CASTILLO
PED-001810,CLI-0069,20583.92,0,0,1,1,2026-03-30 00:14:31,2026-03-30 04:47:31,, sergio.nunez 
PED-001811,CLI-0190,4746.3,0,0,1,4,2026-03-30 11:41:51,2026-03-30 12:45:51,,KARLA.MENDEZ
PED-001812,CLI-0127,3065.58,0,1,0,1,2026-03-30 00:47:20,2026-03-30 00:53:20,,DIEGO.CASTILLO
PED-001813,CLI-0036,15626.15,0,0,1,1,2026-03-30 01:58:30,2026-03-30 11:51:30,,sergio.nunez
PED-001814,CLI-0153,15238.05,0,1,0,1,2026-03-30 23:24:12,2026-03-31 01:27:12,, sergio.nunez 
PED-001815,CLI-0104,8283.95,1,0,0,1,2026-03-30 19:51:07,2026-03-30 20:46:07,,SERGIO.NUNEZ
PED-001816,CLI-0169,25399.54,0,0,0,2,2026-03-30 18:53:49,,2026-03-30 19:38:49,
PED-001817,CLI-0048,2521.38,0,0,1,2,2026-03-30 05:09:07,,2026-03-30 09:13:07,
PED-001818,CLI-0037,7546.9,0,1,0,1,2026-03-30 05:46:44,2026-03-30 12:26:44,,sergio_nunez
PED-001819,CLI-0054,2838.09,0,0,1,1,2026-03-30 15:01:36,2026-03-30 19:07:36,, ana.torres 
PED-001820,CLI-0107,5824.17,0,0,0,1,2026-03-30 21:12:34,2026-03-30 23:41:34,,diego_castillo
PED-001821,CLI-0026,5903.1,1,0,0,1,2026-03-30 12:32:14,2026-03-30 12:54:14,,paola.herrera
PED-001822,CLI-0110,1113.99,0,0,0,1,2026-03-30 04:57:50,2026-03-30 05:37:50,, jorge.salinas 
PED-001823,CLI-0071,206100.1,0,0,0,1,2026-03-30 19:11:17,2026-03-31 00:35:17,,diego.castillo
PED-001824,CLI-0001,1653.21,0,0,1,1,2026-03-30 20:00:45,2026-03-30 22:26:45,, luis.ramirez 
PED-001825,CLI-0119,2687.43,1,0,0,1,2026-03-30 12:12:29,2026-03-30 13:36:29,, jorge.salinas 
PED-001826,CLI-0022,1534.14,0,0,0,1,2026-03-30 10:25:42,2026-03-30 20:20:42,,diego.castillo
PED-001827,CLI-0007,6411.96,0,1,0,1,2026-03-30 02:57:37,2026-03-30 09:46:37,,ana.torres
PED-001828,CLI-0069,4525.46,0,0,1,3,2026-03-30 08:39:04,,,
PED-001829,CLI-0124,3749.38,0,1,0,1,2026-03-30 16:50:01,2026-03-31 02:36:01,,PAOLA.HERRERA
PED-001830,CLI-0082,5763.38,0,1,0,2,2026-03-30 00:41:08,,2026-03-30 12:05:08,
PED-001831,CLI-0054,9359.36,0,0,0,2,2026-03-30 04:47:24,,2026-03-30 11:50:24,
PED-001832,CLI-0151,369.69,0,0,1,1,2026-03-30 20:05:35,2026-03-31 02:02:35,,hector.paredes
PED-001833,CLI-0070,1601.21,0,0,1,2,2026-03-30 23:49:16,,2026-03-31 10:42:16,
PED-001834,CLI-0129,6228.0,0,1,0,1,2026-03-30 09:48:10,2026-03-30 18:37:10,, sergio.nunez 
PED-001835,CLI-0048,1939.49,0,0,1,1,2026-03-30 20:50:01,2026-03-31 01:48:01,, hector.paredes 
PED-001836,CLI-0088,3740.6,0,1,0,1,2026-03-30 07:12:35,2026-03-30 09:33:35,,luis_ramirez
PED-001837,CLI-0089,4346.0,0,0,1,2,2026-03-30 21:41:35,,2026-03-31 00:10:35,
PED-001838,CLI-0050,11417.86,0,0,1,1,2026-03-30 04:41:49,2026-03-30 07:59:49,,sergio.nunez
PED-001839,CLI-0155,2960.79,1,0,0,1,2026-03-30 09:48:46,2026-03-30 11:52:46,,luis.ramirez
PED-001840,CLI-0094,26145.04,0,0,1,1,2026-03-30 15:32:46,2026-03-30 15:41:46,,hector.paredes
PED-001841,CLI-0061,21135.05,0,0,1,1,2026-03-31 16:06:25,2026-03-31 17:45:25,,diego_castillo
PED-001842,CLI-0038,8169.2,0,0,0,2,2026-03-31 12:04:38,,2026-03-31 23:34:38,
PED-001843,CLI-0172,5240.0,0,0,1,2,2026-03-31 12:01:12,,2026-03-31 12:25:12,
PED-001844,CLI-0016,875.64,1,0,0,1,2026-03-31 22:02:32,2026-04-01 00:31:32,,paola.herrera
PED-001845,CLI-0035,487.25,0,0,1,2,2026-03-31 11:37:08,,2026-04-01 04:13:08,
PED-001846,CLI-0092,2878.39,0,0,0,2,2026-03-31 01:52:35,,2026-03-31 03:14:35,
PED-001847,CLI-0079,45511.22,0,0,1,2,2026-03-31 12:00:58,,2026-03-31 18:37:58,
PED-001848,CLI-0132,20195.72,0,0,1,1,2026-03-31 22:24:15,2026-03-31 22:27:15,,karla_mendez
PED-001849,CLI-0126,1138.26,0,1,0,1,2026-03-31 17:56:39,2026-03-31 20:57:39,, hector.paredes 
PED-001850,CLI-0145,11034.85,0,0,1,1,2026-03-31 03:16:52,2026-03-31 05:06:52,,luis_ramirez
PED-001851,CLI-0141,2398.11,1,0,0,1,2026-03-31 08:10:03,2026-03-31 08:58:03,,ANA.TORRES
PED-001852,CLI-0018,2424.67,0,1,0,1,2026-03-31 17:56:42,2026-03-31 18:16:42,,JORGE.SALINAS
PED-001853,CLI-0185,1765.59,0,1,0,2,2026-03-31 22:30:10,,2026-04-01 07:19:10,
PED-001854,CLI-0066,16299.22,0,0,1,1,2026-03-31 11:40:44,2026-03-31 19:20:44,,DIEGO.CASTILLO
PED-001855,CLI-0032,18331.54,0,0,0,1,2026-03-31 13:29:15,2026-03-31 18:21:15,,luis_ramirez
PED-001856,CLI-0026,1491.3,0,1,0,1,2026-03-31 20:00:25,2026-03-31 23:14:25,,ANA.TORRES
PED-001857,CLI-0154,1855.74,0,0,0,1,2026-03-31 11:53:57,2026-04-01 08:20:57,,HECTOR.PAREDES
PED-001858,CLI-0059,8943.62,0,0,1,1,2026-03-31 16:51:27,2026-03-31 19:22:27,,luis_ramirez
PED-001859,CLI-0122,4624.54,0,0,1,1,2026-03-31 08:27:11,2026-03-31 16:35:11,, paola.herrera 
PED-001860,CLI-0140,1364.39,0,0,1,1,2026-03-31 23:20:03,2026-04-01 02:15:03,,PAOLA.HERRERA
PED-001861,CLI-0034,10480.53,0,0,1,1,2026-03-31 06:49:47,2026-03-31 08:48:47,, jorge.salinas 
PED-001862,CLI-0079,1153.98,0,0,1,1,2026-03-31 23:35:27,2026-04-01 01:09:27,,jorge_salinas
PED-001863,CLI-0040,2350.42,0,0,0,2,2026-03-31 07:02:28,,2026-03-31 08:38:28,
PED-001864,CLI-0066,1340.19,0,0,1,1,2026-03-31 03:32:54,2026-03-31 04:20:54,, monica.vega 
PED-001865,CLI-0175,2650.64,0,1,0,2,2026-03-31 04:52:15,,2026-03-31 08:10:15,
PED-001866,CLI-0153,5911.36,0,0,1,2,2026-03-31 16:33:27,,2026-03-31 18:19:27,
PED-001867,CLI-0078,8478.0,0,0,1,2,2026-03-31 22:43:07,,2026-04-01 05:00:07,
PED-001868,CLI-0021,7447.12,0,0,0,1,2026-04-01 13:07:34,2026-04-01 14:18:34,,ana_torres
PED-001869,CLI-0035,1367.53,0,0,1,1,2026-04-01 00:57:48,2026-04-01 04:26:48,,sergio.nunez
PED-001870,CLI-0015,15566.69,0,0,1,3,2026-04-01 05:30:52,,,
PED-001871,CLI-0191,32696.69,0,1,0,1,2026-04-01 07:52:44,2026-04-01 10:09:44,,MONICA.VEGA
PED-001872,CLI-0162,3128.43,0,0,0,1,2026-04-01 09:46:13,2026-04-01 10:16:13,,PAOLA.HERRERA
PED-001873,CLI-0030,6548.22,0,1,0,1,2026-04-01 00:09:27,2026-04-01 00:20:27,,MONICA.VEGA
PED-001874,CLI-0030,1172.52,0,0,1,1,2026-04-01 11:39:42,2026-04-01 12:17:42,, monica.vega 
PED-001875,CLI-0052,4550.64,0,1,0,2,2026-04-01 16:19:59,,2026-04-02 05:20:59,
PED-001876,CLI-0066,6253.7,0,0,0,1,2026-04-01 08:13:52,2026-04-01 12:43:52,,MONICA.VEGA
PED-001877,CLI-0015,3360.5,1,0,0,1,2026-04-01 09:15:43,2026-04-01 09:36:43,,LUIS.RAMIREZ
PED-001878,CLI-0069,3240.08,0,0,0,2,2026-04-01 11:55:29,,2026-04-01 17:41:29,
PED-001879,CLI-0102,7875.94,1,0,0,1,2026-04-01 03:28:50,2026-04-01 03:33:50,,sergio_nunez
PED-001880,CLI-0184,2742.29,0,1,0,1,2026-04-01 15:28:42,2026-04-01 15:47:42,, monica.vega 
PED-001881,CLI-0137,1288.18,0,0,1,2,2026-04-01 08:27:29,,2026-04-01 17:51:29,
PED-001882,CLI-0045,2873.39,0,1,0,2,2026-04-01 13:18:20,,2026-04-01 16:26:20,
PED-001883,CLI-0026,6651.98,0,1,0,1,2026-04-01 07:47:06,2026-04-01 07:49:06,,diego.castillo
PED-001884,CLI-0063,7204.04,0,0,1,1,2026-04-01 22:44:38,2026-04-01 22:44:38,,ana.torres
PED-001885,CLI-0021,989.62,0,1,0,1,2026-04-01 16:27:28,2026-04-01 20:43:28,,paola.herrera
PED-001886,CLI-0028,1535.2,0,0,1,1,2026-04-02 07:47:49,2026-04-02 11:17:49,,ANA.TORRES
PED-001887,CLI-0009,3362.24,0,0,0,1,2026-04-02 09:31:50,2026-04-02 16:42:50,,paola.herrera
PED-001888,CLI-0155,5188.57,0,0,1,1,2026-04-02 16:02:03,2026-04-03 04:40:03,,HECTOR.PAREDES
PED-001889,CLI-0132,2783.28,0,1,0,1,2026-04-02 16:13:09,2026-04-02 16:31:09,,JORGE.SALINAS
PED-001890,CLI-0091,1766.74,0,0,1,1,2026-04-02 11:48:38,2026-04-02 13:13:38,,hector_paredes
PED-001891,CLI-0132,4829.7,0,1,0,1,2026-04-02 14:24:18,2026-04-02 17:12:18,,paola.herrera
PED-001892,CLI-0074,7987.42,0,1,0,1,2026-04-02 08:37:31,2026-04-02 13:17:31,,hector.paredes
PED-001893,CLI-0021,753.55,0,1,0,1,2026-04-02 18:17:56,2026-04-02 19:55:56,,DIEGO.CASTILLO
PED-001894,CLI-0113,8224.79,0,0,1,1,2026-04-02 20:25:10,2026-04-03 02:15:10,,jorge_salinas
PED-001895,CLI-0019,11972.5,0,1,0,1,2026-04-02 06:55:57,2026-04-02 10:35:57,,MONICA.VEGA
PED-001896,CLI-0146,338.0,0,1,0,2,2026-04-02 17:10:25,,2026-04-03 09:27:25,
PED-001897,CLI-0084,3865.06,0,0,1,2,2026-04-02 12:50:54,,2026-04-02 14:32:54,
PED-001898,CLI-0086,2118.53,0,1,0,1,2026-04-02 17:27:45,2026-04-02 18:28:45,,ivonne_rios
PED-001899,CLI-0035,706.65,0,0,0,1,2026-04-02 00:13:08,2026-04-02 00:55:08,,KARLA.MENDEZ
PED-001900,CLI-0047,2203.33,0,0,0,1,2026-04-02 14:31:36,2026-04-02 18:07:36,,hector_paredes
PED-001901,CLI-0016,3984.64,0,0,1,1,2026-04-02 18:05:19,2026-04-02 20:12:19,,LUIS.RAMIREZ
PED-001902,CLI-0065,2984.29,0,0,1,1,2026-04-02 07:14:11,2026-04-02 14:48:11,,sergio.nunez
PED-001903,CLI-0077,2444.26,0,0,1,2,2026-04-02 12:02:51,,2026-04-03 05:47:51,
PED-001904,CLI-0045,8099.65,1,0,0,1,2026-04-03 08:28:50,2026-04-03 08:42:50,,DIEGO.CASTILLO
PED-001905,CLI-0019,1703.83,0,1,0,2,2026-04-03 21:30:45,,2026-04-04 03:19:45,
PED-001906,CLI-0130,1051.4,0,0,0,1,2026-04-03 07:03:17,2026-04-03 07:12:17,,jorge.salinas
PED-001907,CLI-0137,7915.36,1,0,0,2,2026-04-03 19:29:58,,2026-04-04 16:11:58,
PED-001908,CLI-0060,5106.69,0,0,0,1,2026-04-03 22:25:33,2026-04-03 23:06:33,,hector.paredes
PED-001909,CLI-0178,2412.78,0,0,1,1,2026-04-03 23:16:17,2026-04-04 06:09:17,,PAOLA.HERRERA
PED-001910,CLI-0143,2010.41,0,0,1,1,2026-04-03 14:23:18,2026-04-03 18:50:18,,paola.herrera
PED-001911,CLI-0129,3409.86,0,0,1,1,2026-04-03 22:45:42,2026-04-04 08:32:42,, ana.torres 
PED-001912,CLI-0163,3944.5,0,1,0,1,2026-04-03 19:11:37,2026-04-03 23:22:37,,karla_mendez
PED-001913,CLI-0176,3062.91,1,0,0,1,2026-04-03 10:21:31,2026-04-03 11:49:31,,karla.mendez
PED-001914,CLI-0081,4528.56,1,0,0,2,2026-04-03 22:54:54,,2026-04-04 07:48:54,
PED-001915,CLI-0026,1905.66,0,0,1,2,2026-04-03 20:41:55,,2026-04-04 10:36:55,
PED-001916,CLI-0024,11249.52,0,0,1,2,2026-04-03 06:22:56,,2026-04-03 09:45:56,
PED-001917,CLI-0194,8558.69,0,1,0,1,2026-04-04 18:51:14,2026-04-04 21:28:14,,ana.torres
PED-001918,CLI-0173,2339.41,0,1,0,2,2026-04-04 11:25:55,,2026-04-05 08:16:55,
PED-001919,CLI-0131,3332.09,0,0,1,2,2026-04-04 21:35:23,,2026-04-05 00:58:23,
PED-001920,CLI-0001,24812.38,0,0,1,2,2026-04-04 11:48:55,,2026-04-05 03:47:55,
PED-001921,CLI-0148,4212.42,0,1,0,4,2026-04-04 02:51:54,2026-04-04 05:31:54,,hector.paredes
PED-001922,CLI-0102,2418.97,0,0,0,1,2026-04-04 03:39:52,2026-04-04 06:26:52,,karla.mendez
PED-001923,CLI-0102,12845.32,0,0,1,1,2026-04-04 05:56:11,2026-04-04 07:20:11,, monica.vega 
PED-001924,CLI-0111,2121.51,0,0,1,1,2026-04-04 23:11:11,2026-04-05 05:24:11,,diego.castillo
PED-001925,CLI-0048,3154.76,0,1,0,2,2026-04-04 16:36:24,,2026-04-04 16:48:24,
PED-001926,CLI-0095,2873.33,0,0,1,1,2026-04-04 17:47:59,2026-04-04 18:28:59,,MONICA.VEGA
PED-001927,CLI-0191,11551.86,0,0,1,2,2026-04-04 12:54:23,,2026-04-06 05:42:23,
PED-001928,CLI-0152,10303.99,0,1,0,1,2026-04-04 04:32:28,2026-04-04 06:32:28,, jorge.salinas 
PED-001929,CLI-0126,3520.53,0,0,1,1,2026-04-04 05:12:31,2026-04-04 07:21:31,,luis.ramirez
PED-001930,CLI-0052,3790.04,0,0,1,1,2026-04-04 11:14:57,2026-04-04 14:28:57,, hector.paredes 
PED-001931,CLI-0085,15452.7,1,0,0,1,2026-04-04 11:56:22,2026-04-04 12:54:22,,JORGE.SALINAS
PED-001932,CLI-0199,4027.48,0,1,0,2,2026-04-04 09:13:19,,2026-04-04 11:55:19,
PED-001933,CLI-0056,6900.93,0,1,0,1,2026-04-04 02:34:15,2026-04-04 05:17:15,, karla.mendez 
PED-001934,CLI-0032,14455.13,0,0,1,2,2026-04-04 23:40:07,,2026-04-05 01:37:07,
PED-001935,CLI-0129,11117.85,0,0,1,1,2026-04-04 02:08:43,2026-04-04 09:57:43,,JORGE.SALINAS
PED-001936,CLI-0157,5542.23,0,0,1,2,2026-04-04 07:45:37,,2026-04-04 15:42:37,
PED-001937,CLI-0085,5572.09,0,1,0,2,2026-04-04 20:34:41,,2026-04-05 13:05:41,
PED-001938,CLI-0184,2343.61,0,0,1,2,2026-04-04 03:33:03,,2026-04-04 17:10:03,
PED-001939,CLI-0141,3545.54,1,0,0,1,2026-04-05 03:44:58,2026-04-05 03:49:58,,jorge.salinas
PED-001940,CLI-0154,27875.39,0,1,0,1,2026-04-05 23:02:15,2026-04-06 03:17:15,, sergio.nunez 
PED-001941,CLI-0148,6139.95,0,1,0,1,2026-04-05 07:15:31,2026-04-05 08:29:31,,HECTOR.PAREDES
PED-001942,CLI-0002,1368.74,0,0,0,1,2026-04-05 15:34:13,2026-04-05 18:06:13,,sergio_nunez
PED-001943,CLI-0057,1690.52,0,1,0,1,2026-04-05 17:19:19,2026-04-05 22:38:19,,diego_castillo
PED-001944,CLI-0027,6961.29,0,0,1,1,2026-04-05 17:08:27,2026-04-05 18:51:27,,IVONNE.RIOS
PED-001945,CLI-0147,5624.84,0,1,0,1,2026-04-05 08:28:31,2026-04-05 11:45:31,,LUIS.RAMIREZ
PED-001946,CLI-0040,2130.71,0,0,0,1,2026-04-05 09:28:51,2026-04-05 14:06:51,,KARLA.MENDEZ
PED-001947,CLI-0014,10549.55,0,1,0,2,2026-04-05 05:19:55,,2026-04-05 09:04:55,
PED-001948,CLI-0019,3056.09,0,0,1,1,2026-04-05 12:19:31,2026-04-05 12:29:31,, hector.paredes 
PED-001949,CLI-0029,939.95,0,1,0,1,2026-04-05 19:47:05,2026-04-05 19:52:05,,karla.mendez
PED-001950,CLI-0061,3324.67,1,0,0,1,2026-04-05 02:55:42,2026-04-05 04:47:42,,PAOLA.HERRERA
PED-001951,CLI-0187,5434.81,0,0,1,2,2026-04-05 05:43:54,,2026-04-05 13:23:54,
PED-001952,CLI-0140,2636.75,1,0,0,1,2026-04-05 08:01:30,2026-04-05 08:51:30,,SERGIO.NUNEZ
PED-001953,CLI-0051,1042.62,1,0,0,1,2026-04-05 10:04:28,2026-04-05 13:26:28,,JORGE.SALINAS
PED-001954,CLI-0105,5345.6,0,1,0,1,2026-04-05 11:33:02,2026-04-05 13:09:02,,KARLA.MENDEZ
PED-001955,CLI-0195,4003.21,0,0,1,4,2026-04-05 07:24:11,2026-04-05 07:26:11,,jorge.salinas
PED-001956,CLI-0187,8272.59,0,0,0,4,2026-04-05 22:25:41,2026-04-06 00:28:41,, luis.ramirez 
PED-001957,CLI-0049,7607.04,0,0,0,0,2026-04-05 09:25:22,,,
PED-001958,CLI-0117,5665.31,1,0,0,1,2026-04-06 09:54:00,2026-04-06 11:26:00,,jorge_salinas
PED-001959,CLI-0183,2122.04,0,0,0,1,2026-04-06 19:31:15,2026-04-06 21:01:15,, ana.torres 
PED-001960,CLI-0115,2410.62,0,0,1,2,2026-04-06 13:54:51,,2026-04-06 18:48:51,
PED-001961,CLI-0060,2701.39,0,0,1,2,2026-04-06 21:33:19,,2026-04-07 07:55:19,
PED-001962,CLI-0066,14647.14,1,0,0,1,2026-04-06 19:20:01,2026-04-06 19:23:01,,paola_herrera
PED-001963,CLI-0094,4311.4,0,1,0,4,2026-04-06 09:33:40,2026-04-06 10:01:40,, luis.ramirez 
PED-001964,CLI-0067,1665.87,0,0,1,2,2026-04-06 21:08:57,,2026-04-06 21:24:57,
PED-001965,CLI-0143,4616.78,0,1,0,1,2026-04-06 09:23:39,2026-04-06 10:45:39,, sergio.nunez 
PED-001966,CLI-0001,3284.43,0,0,1,1,2026-04-06 15:53:46,2026-04-06 22:55:46,,sergio.nunez
PED-001967,CLI-0187,11111.68,0,0,0,1,2026-04-06 06:26:39,2026-04-06 10:31:39,, monica.vega 
PED-001968,CLI-0185,5604.91,0,0,1,1,2026-04-06 12:43:39,2026-04-06 17:43:39,,LUIS.RAMIREZ
PED-001969,CLI-0042,4029.69,1,0,0,1,2026-04-06 19:57:03,2026-04-06 20:33:03,,karla.mendez
PED-001970,CLI-0056,10040.27,1,0,0,4,2026-04-06 21:25:54,2026-04-06 22:09:54,,hector_paredes
PED-001971,CLI-0027,17451.03,1,0,0,1,2026-04-07 12:35:36,2026-04-07 19:42:36,,monica_vega
PED-001972,CLI-0187,5785.5,0,0,1,1,2026-04-07 17:43:53,2026-04-07 18:00:53,, diego.castillo 
PED-001973,CLI-0045,22257.7,0,0,0,1,2026-04-07 17:56:38,2026-04-08 00:49:38,,diego_castillo
PED-001974,CLI-0143,2660.01,0,0,1,1,2026-04-07 11:22:19,2026-04-07 13:37:19,,diego_castillo
PED-001975,CLI-0016,4366.17,0,0,1,1,2026-04-07 23:46:09,2026-04-08 00:06:09,,LUIS.RAMIREZ
PED-001976,CLI-0123,5222.17,0,1,0,1,2026-04-07 04:25:24,2026-04-07 05:04:24,,DIEGO.CASTILLO
PED-001977,CLI-0024,6109.13,0,1,0,4,2026-04-07 02:10:05,2026-04-07 02:57:05,,KARLA.MENDEZ
PED-001978,CLI-0155,3847.84,0,0,1,2,2026-04-07 23:36:06,,2026-04-08 05:30:06,
PED-001979,CLI-0174,14500.76,0,0,1,1,2026-04-07 12:58:23,2026-04-07 14:36:23,, monica.vega 
PED-001980,CLI-0170,16421.53,0,0,1,2,2026-04-07 01:28:48,,2026-04-07 09:44:48,
PED-001981,CLI-0119,4242.92,1,0,0,1,2026-04-07 18:16:55,2026-04-07 22:43:55,,sergio.nunez
PED-001982,CLI-0158,68273.64,1,0,0,1,2026-04-07 02:26:03,2026-04-07 07:45:03,, diego.castillo 
PED-001983,CLI-0005,6300.5,0,0,0,1,2026-04-07 18:48:39,2026-04-07 21:10:39,,luis_ramirez
PED-001984,CLI-0058,4533.27,0,0,1,2,2026-04-07 04:54:25,,2026-04-07 18:01:25,
PED-001985,CLI-0036,5847.67,0,0,1,1,2026-04-07 14:18:38,2026-04-07 19:28:38,,ivonne_rios
PED-001986,CLI-0120,5329.38,0,0,1,1,2026-04-07 17:18:36,2026-04-07 18:04:36,,hector_paredes
PED-001987,CLI-0115,2211.52,0,1,0,3,2026-04-07 09:32:56,,,
PED-001988,CLI-0090,4020.02,0,0,1,1,2026-04-07 08:19:25,2026-04-07 12:47:25,,JORGE.SALINAS
PED-001989,CLI-0053,2773.28,0,1,0,1,2026-04-07 01:52:44,2026-04-07 03:50:44,,IVONNE.RIOS
PED-001990,CLI-0061,1762.49,0,0,1,1,2026-04-07 23:04:22,2026-04-08 02:14:22,,jorge.salinas
PED-001991,CLI-0159,2092.07,0,0,0,1,2026-04-07 09:02:26,2026-04-07 12:32:26,,PAOLA.HERRERA
PED-001992,CLI-0013,36726.72,0,1,0,1,2026-04-08 15:45:10,2026-04-08 18:12:10,,sergio_nunez
PED-001993,CLI-0100,6547.01,1,0,0,1,2026-04-08 02:06:04,2026-04-08 10:25:04,,ivonne.rios
PED-001994,CLI-0162,1087.61,0,0,1,2,2026-04-08 02:50:57,,2026-04-09 05:37:57,
PED-001995,CLI-0044,3508.47,0,1,0,1,2026-04-08 23:53:49,2026-04-09 05:25:49,,jorge_salinas
PED-001996,CLI-0085,11298.17,0,0,1,2,2026-04-08 16:12:20,,2026-04-09 02:34:20,
PED-001997,CLI-0141,1552.51,0,0,1,1,2026-04-08 20:32:09,2026-04-08 20:57:09,,IVONNE.RIOS
PED-001998,CLI-0152,12347.74,0,0,1,1,2026-04-08 07:25:23,2026-04-08 10:06:23,, paola.herrera 
PED-001999,CLI-0036,31602.33,0,1,0,1,2026-04-08 19:44:24,2026-04-08 20:08:24,,paola.herrera
PED-002000,CLI-0090,39373.96,0,0,1,2,2026-04-08 12:30:17,,2026-04-08 15:56:17,
PED-002001,CLI-0095,12059.06,0,0,1,1,2026-04-08 19:57:40,2026-04-08 20:53:40,,MONICA.VEGA
PED-002002,CLI-0001,26421.94,0,0,1,1,2026-04-08 21:21:26,2026-04-08 22:14:26,,jorge_salinas
PED-002003,CLI-0187,1285.18,0,1,0,0,2026-04-08 20:06:05,,,
PED-002004,CLI-0094,2546.97,0,0,1,0,2026-04-08 12:09:35,,,
PED-002005,CLI-0167,17355.75,0,1,0,1,2026-04-08 10:51:10,2026-04-08 11:12:10,, monica.vega 
PED-002006,CLI-0081,956.23,0,0,1,1,2026-04-08 00:45:53,2026-04-08 05:47:53,,jorge.salinas
PED-002007,CLI-0061,17466.73,0,0,0,0,2026-04-08 06:29:21,,,
PED-002008,CLI-0133,2542.44,1,0,0,1,2026-04-08 00:36:36,2026-04-08 02:10:36,,ANA.TORRES
PED-002009,CLI-0111,6313.03,0,0,1,2,2026-04-08 17:43:57,,2026-04-09 08:04:57,
PED-002010,CLI-0057,18468.69,1,0,0,1,2026-04-08 17:22:42,2026-04-08 18:50:42,,sergio.nunez
PED-002011,CLI-0166,11000.38,1,0,0,1,2026-04-08 01:28:53,2026-04-08 06:51:53,, paola.herrera 
PED-002012,CLI-0012,4587.14,0,1,0,1,2026-04-08 10:50:06,2026-04-08 13:19:06,,MONICA.VEGA
PED-002013,CLI-0144,7269.95,0,0,1,1,2026-04-08 12:45:32,2026-04-08 14:32:32,,SERGIO.NUNEZ
PED-002014,CLI-0150,16418.5,0,0,0,2,2026-04-08 12:03:21,,2026-04-08 15:31:21,
PED-002015,CLI-0168,2893.16,0,0,1,1,2026-04-08 18:00:32,2026-04-08 18:19:32,, paola.herrera 
PED-002016,CLI-0078,5279.72,0,1,0,1,2026-04-08 02:51:18,2026-04-08 04:32:18,,HECTOR.PAREDES
PED-002017,CLI-0025,1205.68,0,0,1,1,2026-04-08 19:45:37,2026-04-08 22:56:37,,hector.paredes
PED-002018,CLI-0022,3852.5,0,0,1,1,2026-04-08 11:08:33,2026-04-08 11:56:33,,SERGIO.NUNEZ
PED-002019,CLI-0081,4685.7,1,0,0,4,2026-04-09 15:25:38,2026-04-09 23:16:38,,ivonne.rios
PED-002020,CLI-0156,5754.61,0,0,1,1,2026-04-09 10:43:33,2026-04-09 13:00:33,, hector.paredes 
PED-002021,CLI-0178,14026.21,0,0,0,4,2026-04-09 05:31:22,2026-04-09 08:07:22,, monica.vega 
PED-002022,CLI-0126,9407.58,0,0,1,1,2026-04-09 01:23:50,2026-04-09 03:34:50,,ANA.TORRES
PED-002023,CLI-0061,1218.85,0,1,0,3,2026-04-09 12:35:01,,,
PED-002024,CLI-0071,4699.53,0,1,0,1,2026-04-09 06:56:44,2026-04-09 08:43:44,,ivonne.rios
PED-002025,CLI-0120,2076.73,0,1,0,1,2026-04-09 23:33:08,2026-04-10 01:29:08,,HECTOR.PAREDES
PED-002026,CLI-0037,2037.1,0,0,1,2,2026-04-09 15:25:32,,2026-04-09 16:40:32,
PED-002027,CLI-0175,2585.4,0,0,1,1,2026-04-09 05:40:16,2026-04-09 06:17:16,,hector.paredes
PED-002028,CLI-0052,2864.48,0,0,1,1,2026-04-09 10:45:20,2026-04-09 12:08:20,,ana_torres
PED-002029,CLI-0146,4159.25,0,0,1,1,2026-04-09 08:01:47,2026-04-09 14:45:47,,PAOLA.HERRERA
PED-002030,CLI-0117,8510.16,0,0,1,1,2026-04-09 17:54:24,2026-04-10 06:04:24,,paola_herrera
PED-002031,CLI-0117,2906.24,0,1,0,1,2026-04-09 14:37:16,2026-04-09 15:40:16,,diego.castillo
PED-002032,CLI-0128,2721.23,0,1,0,2,2026-04-09 23:37:18,,2026-04-10 10:28:18,
PED-002033,CLI-0111,3235.41,0,1,0,2,2026-04-09 17:23:10,,2026-04-10 06:05:10,
PED-002034,CLI-0063,1528.9,0,1,0,1,2026-04-09 16:00:32,2026-04-09 16:14:32,, luis.ramirez 
PED-002035,CLI-0028,10804.45,0,0,0,1,2026-04-10 17:34:20,2026-04-10 22:23:20,,karla_mendez
PED-002036,CLI-0093,325.05,0,0,1,1,2026-04-10 13:28:40,2026-04-10 13:31:40,, ana.torres 
PED-002037,CLI-0068,2461.26,0,0,0,1,2026-04-10 04:09:38,2026-04-10 05:04:38,,ana_torres
PED-002038,CLI-0061,9165.65,0,1,0,1,2026-04-10 02:21:26,2026-04-10 08:08:26,,diego_castillo
PED-002039,CLI-0179,10613.96,0,0,1,2,2026-04-10 15:42:02,,2026-04-10 17:58:02,
PED-002040,CLI-0200,11680.62,0,0,1,1,2026-04-10 19:35:04,2026-04-10 19:35:04,, hector.paredes 
PED-002041,CLI-0195,3574.45,0,1,0,0,2026-04-10 06:20:47,,,
PED-002042,CLI-0003,5884.87,1,0,0,1,2026-04-10 20:50:10,2026-04-10 21:34:10,, hector.paredes 
PED-002043,CLI-0179,5763.45,0,0,1,1,2026-04-10 19:11:54,2026-04-11 05:22:54,, paola.herrera 
PED-002044,CLI-0179,8599.35,0,1,0,2,2026-04-10 02:11:02,,2026-04-10 03:31:02,
PED-002045,CLI-0156,8035.7,0,0,1,1,2026-04-10 14:25:54,2026-04-10 14:27:54,,luis_ramirez
PED-002046,CLI-0060,9043.0,0,0,1,2,2026-04-10 00:11:17,,2026-04-10 01:33:17,
PED-002047,CLI-0040,6441.13,0,0,1,0,2026-04-10 01:49:50,,,
PED-002048,CLI-0053,5093.83,0,0,0,1,2026-04-10 03:13:42,2026-04-10 03:34:42,,diego_castillo
PED-002049,CLI-0174,38529.4,0,0,1,1,2026-04-10 10:02:43,2026-04-10 10:56:43,,paola.herrera
PED-002050,CLI-0032,3400.79,0,0,1,1,2026-04-10 05:01:14,2026-04-10 05:34:14,,ana.torres
PED-002051,CLI-0166,42459.95,1,0,0,2,2026-04-10 15:06:24,,2026-04-11 01:04:24,
PED-002052,CLI-0178,24790.16,1,0,0,2,2026-04-10 21:11:58,,2026-04-11 01:45:58,
PED-002053,CLI-0005,2428.22,0,0,1,1,2026-04-10 08:08:49,2026-04-10 09:13:49,,karla.mendez
PED-002054,CLI-0127,3770.74,0,0,1,4,2026-04-11 12:36:26,2026-04-11 21:49:26,,jorge_salinas
PED-002055,CLI-0103,2249.01,0,0,1,2,2026-04-11 21:03:49,,2026-04-12 16:38:49,
PED-002056,CLI-0042,3955.03,1,0,0,2,2026-04-11 19:43:07,,2026-04-11 21:23:07,
PED-002057,CLI-0050,3213.98,0,0,1,1,2026-04-11 08:20:34,2026-04-11 11:19:34,,paola_herrera
PED-002058,CLI-0100,3775.86,0,0,0,2,2026-04-11 23:18:16,,2026-04-12 07:03:16,
PED-002059,CLI-0122,6714.16,0,0,1,1,2026-04-11 19:48:02,2026-04-11 22:07:02,,LUIS.RAMIREZ
PED-002060,CLI-0098,1125.55,0,1,0,1,2026-04-11 00:04:04,2026-04-11 00:18:04,,KARLA.MENDEZ
PED-002061,CLI-0122,12593.5,0,0,1,2,2026-04-11 07:45:52,,2026-04-11 08:39:52,
PED-002062,CLI-0080,1754.35,0,0,1,1,2026-04-11 03:13:53,2026-04-11 04:54:53,,sergio.nunez
PED-002063,CLI-0108,8044.82,0,0,1,0,2026-04-11 06:30:05,,,
PED-002064,CLI-0194,9120.77,0,0,1,1,2026-04-11 10:09:10,2026-04-11 10:47:10,, paola.herrera 
PED-002065,CLI-0061,744.91,0,1,0,1,2026-04-12 21:37:42,2026-04-13 02:45:42,,jorge.salinas
PED-002066,CLI-0081,10103.61,1,0,0,1,2026-04-12 16:14:07,2026-04-13 14:01:07,,LUIS.RAMIREZ
PED-002067,CLI-0127,5150.68,0,0,1,1,2026-04-12 01:05:09,2026-04-12 01:43:09,,hector_paredes
PED-002068,CLI-0117,7550.34,0,0,1,1,2026-04-12 06:15:56,2026-04-12 07:01:56,,diego.castillo
PED-002069,CLI-0016,11878.09,0,1,0,1,2026-04-12 06:43:28,2026-04-12 08:31:28,,ANA.TORRES
PED-002070,CLI-0011,23120.03,0,0,1,1,2026-04-12 02:54:04,2026-04-12 03:55:04,,sergio_nunez
PED-002071,CLI-0190,13235.87,0,1,0,1,2026-04-12 06:05:06,2026-04-12 08:43:06,,PAOLA.HERRERA
PED-002072,CLI-0070,5915.24,0,0,1,1,2026-04-12 13:09:35,2026-04-12 16:37:35,,LUIS.RAMIREZ
PED-002073,CLI-0105,12197.18,0,0,0,2,2026-04-12 02:28:08,,2026-04-12 14:09:08,
PED-002074,CLI-0020,1980.5,0,1,0,1,2026-04-12 23:13:22,2026-04-13 00:29:22,, paola.herrera 
PED-002075,CLI-0133,2595.3,0,0,1,1,2026-04-12 22:03:17,2026-04-12 22:51:17,,IVONNE.RIOS
PED-002076,CLI-0151,11067.67,0,0,1,1,2026-04-12 09:31:41,2026-04-12 10:41:41,, sergio.nunez 
PED-002077,CLI-0115,1096.63,0,0,0,1,2026-04-12 15:57:06,2026-04-12 18:21:06,,karla.mendez
PED-002078,CLI-0148,3601.3,0,1,0,1,2026-04-12 20:39:44,2026-04-12 20:58:44,,ivonne_rios
PED-002079,CLI-0182,9215.45,0,1,0,1,2026-04-12 02:58:26,2026-04-12 03:37:26,,monica.vega
PED-002080,CLI-0022,3392.48,1,0,0,1,2026-04-12 00:10:09,2026-04-12 11:53:09,,PAOLA.HERRERA
PED-002081,CLI-0033,15900.94,0,0,1,2,2026-04-12 11:43:46,,2026-04-13 12:45:46,
PED-002082,CLI-0013,4120.8,0,0,1,1,2026-04-12 23:41:52,2026-04-13 03:57:52,,KARLA.MENDEZ
PED-002083,CLI-0186,6404.9,0,0,1,0,2026-04-12 20:08:48,,,
PED-002084,CLI-0144,1499.69,0,0,1,2,2026-04-12 06:12:26,,2026-04-12 07:13:26,
PED-002085,CLI-0175,6028.24,1,0,0,1,2026-04-12 06:58:18,2026-04-12 07:50:18,,monica.vega
PED-002086,CLI-0083,7534.98,0,0,0,1,2026-04-12 01:21:06,2026-04-12 12:54:06,,ana.torres
PED-002087,CLI-0105,3052.85,0,0,1,1,2026-04-13 11:27:14,2026-04-13 12:06:14,,karla_mendez
PED-002088,CLI-0132,6358.92,1,0,0,1,2026-04-13 10:22:18,2026-04-13 10:23:18,,paola_herrera
PED-002089,CLI-0069,48274.32,1,0,0,1,2026-04-13 21:30:03,2026-04-14 06:31:03,, luis.ramirez 
PED-002090,CLI-0131,3012.59,0,0,1,4,2026-04-13 23:16:45,2026-04-14 00:11:45,,monica.vega
PED-002091,CLI-0194,11732.09,0,0,1,2,2026-04-13 16:08:11,,2026-04-14 05:45:11,
PED-002092,CLI-0142,3540.71,0,1,0,1,2026-04-13 05:40:11,2026-04-13 09:14:11,,monica.vega
PED-002093,CLI-0144,70438.92,1,0,0,1,2026-04-13 14:41:39,2026-04-13 18:26:39,,diego.castillo
PED-002094,CLI-0179,4012.91,0,1,0,2,2026-04-13 02:19:12,,2026-04-13 05:49:12,
PED-002095,CLI-0171,1707.1,1,0,0,1,2026-04-13 20:35:19,2026-04-13 20:58:19,, ana.torres 
PED-002096,CLI-0159,3642.02,1,0,0,1,2026-04-13 01:59:51,2026-04-13 04:20:51,,LUIS.RAMIREZ
PED-002097,CLI-0153,9001.15,0,0,1,2,2026-04-13 18:12:17,,2026-04-14 01:10:17,
PED-002098,CLI-0097,12818.7,0,0,1,1,2026-04-13 00:27:23,2026-04-13 10:20:23,, luis.ramirez 
PED-002099,CLI-0025,8679.66,0,1,0,2,2026-04-13 09:34:48,,2026-04-13 12:48:48,
PED-002100,CLI-0157,1291.05,0,0,1,2,2026-04-13 23:40:26,,2026-04-14 02:55:26,
PED-002101,CLI-0111,2410.3,0,0,0,1,2026-04-13 01:02:43,2026-04-13 01:42:43,, sergio.nunez 
PED-002102,CLI-0030,2069.18,0,0,1,4,2026-04-13 16:16:38,2026-04-13 19:57:38,,PAOLA.HERRERA
PED-002103,CLI-0079,5683.55,0,0,1,1,2026-04-13 08:21:36,2026-04-13 10:42:36,, sergio.nunez 
PED-002104,CLI-0067,692.34,0,1,0,1,2026-04-13 21:27:50,2026-04-13 21:46:50,,ANA.TORRES
PED-002105,CLI-0070,10057.26,0,0,1,2,2026-04-13 15:57:35,,2026-04-13 18:17:35,
PED-002106,CLI-0020,683.01,0,1,0,2,2026-04-13 13:54:06,,2026-04-13 15:20:06,
PED-002107,CLI-0196,2869.43,0,0,0,1,2026-04-13 13:21:10,2026-04-13 13:50:10,, paola.herrera 
PED-002108,CLI-0018,3637.46,0,0,1,1,2026-04-13 04:32:08,2026-04-13 07:06:08,,MONICA.VEGA
PED-002109,CLI-0004,997.82,0,1,0,1,2026-04-13 00:41:12,2026-04-13 06:30:12,,karla.mendez
PED-002110,CLI-0124,6896.78,0,0,1,2,2026-04-13 18:45:14,,2026-04-14 09:44:14,
PED-002111,CLI-0162,927.95,0,1,0,2,2026-04-13 02:10:15,,2026-04-13 16:47:15,
PED-002112,CLI-0109,5233.19,0,1,0,2,2026-04-13 23:44:14,,2026-04-14 03:32:14,
PED-002113,CLI-0105,10799.65,0,0,1,1,2026-04-14 05:05:12,2026-04-14 05:43:12,,ivonne_rios
PED-002114,CLI-0019,666.94,0,0,1,2,2026-04-14 18:50:38,,2026-04-14 22:02:38,
PED-002115,CLI-0063,1026.09,0,0,1,1,2026-04-14 18:40:23,2026-04-14 21:00:23,, luis.ramirez 
PED-002116,CLI-0191,5017.11,0,1,0,1,2026-04-14 08:59:29,2026-04-14 11:10:29,,monica.vega
PED-002117,CLI-0169,4997.37,0,1,0,1,2026-04-14 07:37:12,2026-04-14 08:37:12,,monica_vega
PED-002118,CLI-0119,3004.61,0,0,1,2,2026-04-14 07:34:20,,2026-04-14 07:45:20,
PED-002119,CLI-0126,13109.87,1,0,0,1,2026-04-14 06:20:00,2026-04-14 07:38:00,, ivonne.rios 
PED-002120,CLI-0010,4196.01,0,0,1,1,2026-04-14 14:26:53,2026-04-14 20:09:53,, ivonne.rios 
PED-002121,CLI-0035,2289.54,0,1,0,2,2026-04-14 15:11:33,,2026-04-14 17:40:33,
PED-002122,CLI-0122,4118.3,0,1,0,1,2026-04-14 00:37:26,2026-04-14 01:30:26,,DIEGO.CASTILLO
PED-002123,CLI-0194,14789.9,1,0,0,1,2026-04-14 10:01:03,2026-04-14 11:07:03,,ana.torres
PED-002124,CLI-0168,3627.56,0,0,1,0,2026-04-14 11:49:48,,,
PED-002125,CLI-0132,7581.81,1,0,0,1,2026-04-14 16:16:29,2026-04-14 17:23:29,,jorge_salinas
PED-002126,CLI-0148,2586.5,0,0,1,1,2026-04-14 01:54:39,2026-04-14 03:56:39,, ana.torres 
PED-002127,CLI-0120,5108.66,0,0,1,1,2026-04-14 23:00:57,2026-04-14 23:29:57,,ivonne.rios
PED-002128,CLI-0123,19983.76,1,0,0,2,2026-04-14 00:00:03,,2026-04-14 04:07:03,
PED-002129,CLI-0073,3259.74,0,0,1,1,2026-04-14 08:25:59,2026-04-14 09:28:59,,ivonne_rios
PED-002130,CLI-0091,11778.28,0,0,0,1,2026-04-14 00:16:12,2026-04-14 05:38:12,,DIEGO.CASTILLO
PED-002131,CLI-0166,3354.32,0,0,1,1,2026-04-14 03:27:45,2026-04-14 04:47:45,, paola.herrera 
PED-002132,CLI-0072,6364.99,0,0,1,2,2026-04-15 04:51:17,,2026-04-15 07:10:17,
PED-002133,CLI-0056,3953.29,0,0,1,2,2026-04-15 02:33:09,,2026-04-15 09:21:09,
PED-002134,CLI-0114,30719.91,0,0,1,1,2026-04-15 04:46:12,2026-04-15 07:24:12,,MONICA.VEGA
PED-002135,CLI-0180,5911.01,0,1,0,2,2026-04-15 12:14:24,,2026-04-16 07:13:24,
PED-002136,CLI-0178,6446.79,0,1,0,2,2026-04-15 10:04:37,,2026-04-15 14:15:37,
PED-002137,CLI-0130,3093.31,0,0,1,1,2026-04-15 11:12:11,2026-04-16 01:33:11,,jorge_salinas
PED-002138,CLI-0074,2946.41,0,0,0,1,2026-04-15 22:46:01,2026-04-15 23:01:01,,ana.torres
PED-002139,CLI-0003,1303.64,0,0,0,0,2026-04-15 09:34:43,,,
PED-002140,CLI-0014,2438.56,0,1,0,0,2026-04-15 18:07:05,,,
PED-002141,CLI-0080,29366.19,0,0,1,1,2026-04-15 10:29:43,2026-04-15 14:50:43,,diego.castillo
PED-002142,CLI-0096,2474.91,0,1,0,1,2026-04-15 04:35:16,2026-04-15 09:26:16,,sergio.nunez
PED-002143,CLI-0154,11605.37,0,0,0,1,2026-04-15 10:32:10,2026-04-15 15:27:10,,paola.herrera
PED-002144,CLI-0142,1824.47,0,0,1,2,2026-04-15 13:30:27,,2026-04-16 02:47:27,
PED-002145,CLI-0005,14534.33,0,0,0,2,2026-04-15 17:01:03,,2026-04-16 17:03:03,
PED-002146,CLI-0078,10563.85,1,0,0,1,2026-04-15 23:10:14,2026-04-16 00:14:14,,HECTOR.PAREDES
PED-002147,CLI-0032,13722.76,0,0,0,2,2026-04-15 22:27:37,,2026-04-16 01:43:37,
PED-002148,CLI-0161,8936.86,0,0,0,1,2026-04-15 14:43:33,2026-04-15 17:32:33,,IVONNE.RIOS
PED-002149,CLI-0053,3163.57,0,0,1,1,2026-04-15 02:31:42,2026-04-15 04:22:42,,KARLA.MENDEZ
PED-002150,CLI-0141,17018.96,0,0,0,1,2026-04-15 18:50:21,2026-04-16 04:35:21,, hector.paredes 
PED-002151,CLI-0076,913.16,0,0,1,2,2026-04-15 18:33:58,,2026-04-16 02:37:58,
PED-002152,CLI-0049,13406.93,0,0,1,1,2026-04-15 02:31:36,2026-04-15 04:44:36,,sergio_nunez
PED-002153,CLI-0049,1911.81,0,1,0,4,2026-04-16 01:00:12,2026-04-16 03:10:12,,karla.mendez
PED-002154,CLI-0167,3098.14,0,0,0,0,2026-04-16 20:12:50,,,
PED-002155,CLI-0179,9562.75,0,0,1,0,2026-04-16 04:00:52,,,
PED-002156,CLI-0141,6149.02,0,0,1,1,2026-04-16 13:44:20,2026-04-16 14:47:20,,paola.herrera
PED-002157,CLI-0146,3282.4,0,0,1,1,2026-04-16 05:14:00,2026-04-16 08:35:00,,sergio.nunez
PED-002158,CLI-0117,6367.5,0,0,1,1,2026-04-16 00:21:47,2026-04-16 07:07:47,,sergio_nunez
PED-002159,CLI-0166,32668.59,0,0,1,1,2026-04-16 16:01:19,2026-04-16 20:36:19,,hector_paredes
PED-002160,CLI-0173,6451.88,1,0,0,0,2026-04-16 12:55:24,,,
PED-002161,CLI-0087,8584.32,0,0,1,2,2026-04-16 18:54:12,,2026-04-17 08:36:12,
PED-002162,CLI-0025,15307.22,0,0,1,1,2026-04-16 13:07:06,2026-04-16 14:52:06,,IVONNE.RIOS
PED-002163,CLI-0120,5048.81,0,0,1,1,2026-04-16 09:13:57,2026-04-16 12:42:57,, luis.ramirez 
PED-002164,CLI-0152,1596.95,0,1,0,2,2026-04-16 11:06:58,,2026-04-17 10:00:58,
PED-002165,CLI-0072,8994.2,0,1,0,1,2026-04-16 18:04:57,2026-04-16 21:03:57,,paola_herrera
PED-002166,CLI-0142,2146.32,0,1,0,1,2026-04-16 09:13:24,2026-04-16 14:40:24,,diego.castillo
PED-002167,CLI-0115,15128.51,0,0,1,1,2026-04-16 17:58:35,2026-04-16 18:50:35,, ana.torres 
PED-002168,CLI-0132,4762.95,0,0,1,2,2026-04-16 23:48:57,,2026-04-17 03:08:57,
PED-002169,CLI-0199,18927.34,0,1,0,1,2026-04-16 18:34:51,2026-04-16 19:57:51,,hector_paredes
PED-002170,CLI-0194,11983.42,1,0,0,1,2026-04-16 04:04:22,2026-04-16 06:45:22,,jorge.salinas
PED-002171,CLI-0045,2626.42,0,0,1,2,2026-04-17 10:52:37,,2026-04-17 11:17:37,
PED-002172,CLI-0110,2584.95,0,0,1,1,2026-04-17 20:10:13,2026-04-17 21:06:13,, monica.vega 
PED-002173,CLI-0189,1104.95,0,0,1,2,2026-04-17 11:49:27,,2026-04-17 17:21:27,
PED-002174,CLI-0097,20240.59,0,0,0,1,2026-04-17 08:08:40,2026-04-17 09:23:40,,ivonne_rios
PED-002175,CLI-0129,7737.31,0,0,1,1,2026-04-17 11:19:22,2026-04-17 11:32:22,,hector.paredes
PED-002176,CLI-0114,10500.32,1,0,0,2,2026-04-17 09:41:07,,2026-04-17 14:43:07,
PED-002177,CLI-0161,13427.22,0,0,1,2,2026-04-17 01:24:14,,2026-04-17 04:55:14,
PED-002178,CLI-0081,2256.42,1,0,0,2,2026-04-17 22:27:41,,2026-04-18 07:27:41,
PED-002179,CLI-0074,575.98,0,1,0,1,2026-04-17 23:30:05,2026-04-18 00:42:05,,hector_paredes
PED-002180,CLI-0151,4054.19,0,1,0,2,2026-04-17 14:28:09,,2026-04-17 18:01:09,
PED-002181,CLI-0164,18818.36,0,1,0,1,2026-04-17 20:33:32,2026-04-18 02:41:32,,monica_vega
PED-002182,CLI-0185,1511.54,0,1,0,1,2026-04-17 10:59:23,2026-04-17 12:04:23,,ANA.TORRES
PED-002183,CLI-0066,1778.33,0,0,1,2,2026-04-17 06:02:51,,2026-04-17 12:57:51,
PED-002184,CLI-0188,5387.76,0,0,0,1,2026-04-17 10:59:11,2026-04-17 13:27:11,,IVONNE.RIOS
PED-002185,CLI-0194,4451.84,0,0,0,4,2026-04-17 13:42:08,2026-04-17 14:13:08,,DIEGO.CASTILLO
PED-002186,CLI-0065,3477.95,1,0,0,1,2026-04-17 22:56:19,2026-04-17 23:09:19,,karla_mendez
PED-002187,CLI-0064,16388.93,0,1,0,1,2026-04-17 13:25:00,2026-04-17 14:50:00,,ivonne_rios
PED-002188,CLI-0155,1357.32,0,0,1,1,2026-04-17 05:34:56,2026-04-17 08:41:56,,hector.paredes
PED-002189,CLI-0090,3747.71,0,0,1,1,2026-04-17 19:42:22,2026-04-17 21:23:22,, hector.paredes 
PED-002190,CLI-0164,4267.13,0,1,0,1,2026-04-17 15:38:10,2026-04-17 15:58:10,,diego_castillo
PED-002191,CLI-0090,1476.81,0,1,0,1,2026-04-17 16:47:08,2026-04-17 16:48:08,,JORGE.SALINAS
PED-002192,CLI-0048,5406.05,1,0,0,2,2026-04-17 01:21:01,,2026-04-17 05:17:01,
PED-002193,CLI-0001,2108.36,0,1,0,2,2026-04-17 19:23:42,,2026-04-18 09:41:42,
PED-002194,CLI-0167,3011.71,0,0,1,1,2026-04-17 06:41:46,2026-04-17 12:18:46,,monica.vega
PED-002195,CLI-0127,6439.49,0,1,0,2,2026-04-17 08:04:04,,2026-04-17 22:22:04,
PED-002196,CLI-0128,9750.99,0,0,1,1,2026-04-17 02:32:43,2026-04-17 03:31:43,,hector.paredes
PED-002197,CLI-0032,18145.14,0,0,1,1,2026-04-17 22:50:57,2026-04-18 00:33:57,,paola.herrera
PED-002198,CLI-0021,1526.33,0,0,1,2,2026-04-17 08:35:32,,2026-04-17 14:14:32,
PED-002199,CLI-0120,3222.9,0,0,0,2,2026-04-17 09:20:28,,2026-04-17 10:15:28,
PED-002200,CLI-0073,7411.63,0,0,1,0,2026-04-17 04:06:50,,,
PED-002201,CLI-0198,2263.25,0,0,1,1,2026-04-17 08:03:40,2026-04-17 08:37:40,,MONICA.VEGA
PED-002202,CLI-0017,3730.85,0,0,1,1,2026-04-18 16:12:18,2026-04-18 22:25:18,, ana.torres 
PED-002203,CLI-0173,6848.19,0,1,0,1,2026-04-18 08:05:14,2026-04-18 10:06:14,,sergio.nunez
PED-002204,CLI-0039,997.46,0,1,0,1,2026-04-18 23:16:40,2026-04-19 08:26:40,,paola.herrera
PED-002205,CLI-0086,3949.59,0,0,1,1,2026-04-18 01:30:00,2026-04-18 01:45:00,, monica.vega 
PED-002206,CLI-0078,1980.04,0,0,1,1,2026-04-18 23:54:57,2026-04-19 00:13:57,,JORGE.SALINAS
PED-002207,CLI-0078,4173.52,0,0,1,0,2026-04-18 21:57:47,,,
PED-002208,CLI-0156,6187.43,1,0,0,1,2026-04-18 06:25:23,2026-04-18 15:11:23,,ana_torres
PED-002209,CLI-0194,2052.78,0,0,1,1,2026-04-18 12:32:36,2026-04-18 13:50:36,,HECTOR.PAREDES
PED-002210,CLI-0052,4922.49,1,0,0,2,2026-04-18 10:26:18,,2026-04-19 12:59:18,
PED-002211,CLI-0182,12053.8,0,1,0,2,2026-04-18 15:37:11,,2026-04-18 17:09:11,
PED-002212,CLI-0099,5806.34,0,0,1,1,2026-04-18 05:08:19,2026-04-18 11:29:19,,LUIS.RAMIREZ
PED-002213,CLI-0107,1333.54,1,0,0,1,2026-04-18 19:23:58,2026-04-18 22:17:58,,paola.herrera
PED-002214,CLI-0179,2378.23,0,0,1,1,2026-04-18 23:24:59,2026-04-19 00:40:59,,jorge_salinas
PED-002215,CLI-0026,5276.9,0,1,0,1,2026-04-18 23:15:17,2026-04-19 04:15:17,, karla.mendez 
PED-002216,CLI-0180,9267.76,1,0,0,2,2026-04-18 19:49:52,,2026-04-19 05:16:52,
PED-002217,CLI-0019,15783.61,0,0,1,1,2026-04-18 19:47:11,2026-04-18 19:47:11,,MONICA.VEGA
PED-002218,CLI-0017,636.95,0,1,0,2,2026-04-18 23:44:38,,2026-04-19 11:24:38,
PED-002219,CLI-0044,2094.55,0,0,0,1,2026-04-18 11:48:14,2026-04-18 16:04:14,,karla.mendez
PED-002220,CLI-0138,3886.92,0,0,1,1,2026-04-18 16:59:30,2026-04-18 19:20:30,,luis_ramirez
PED-002221,CLI-0075,5539.84,0,0,1,1,2026-04-18 03:04:15,2026-04-18 04:06:15,,ivonne.rios
PED-002222,CLI-0068,4933.2,0,1,0,1,2026-04-18 06:05:24,2026-04-18 08:56:24,,karla.mendez
PED-002223,CLI-0138,1820.24,0,1,0,2,2026-04-18 14:24:31,,2026-04-21 05:39:31,
PED-002224,CLI-0054,1022.72,0,1,0,1,2026-04-18 10:25:38,2026-04-18 11:25:38,,ANA.TORRES
PED-002225,CLI-0154,13795.97,0,1,0,1,2026-04-18 07:37:32,2026-04-18 08:34:32,,JORGE.SALINAS
PED-002226,CLI-0027,7038.52,0,0,1,2,2026-04-18 11:41:29,,2026-04-18 17:20:29,
PED-002227,CLI-0091,7365.52,0,0,1,1,2026-04-18 22:07:43,2026-04-19 03:58:43,,ana_torres
PED-002228,CLI-0055,4168.55,0,1,0,1,2026-04-18 20:17:26,2026-04-19 04:31:26,,ana_torres
PED-002229,CLI-0154,2834.32,0,0,1,1,2026-04-18 08:13:41,2026-04-18 08:42:41,,monica.vega
PED-002230,CLI-0183,3620.49,0,0,0,1,2026-04-18 11:51:22,2026-04-18 12:51:22,,IVONNE.RIOS
PED-002231,CLI-0014,28627.11,0,0,0,1,2026-04-19 00:03:15,2026-04-19 04:58:15,, paola.herrera 
PED-002232,CLI-0111,7515.32,0,0,0,1,2026-04-19 20:26:07,2026-04-19 23:25:07,,hector.paredes
PED-002233,CLI-0061,14885.27,0,0,1,1,2026-04-19 06:58:52,2026-04-19 08:55:52,, monica.vega 
PED-002234,CLI-0161,5064.88,0,0,0,2,2026-04-19 12:39:04,,2026-04-20 02:13:04,
PED-002235,CLI-0057,1785.0,0,0,1,1,2026-04-19 06:51:47,2026-04-19 22:03:47,,KARLA.MENDEZ
PED-002236,CLI-0123,2798.9,0,0,1,0,2026-04-19 02:57:21,,,
PED-002237,CLI-0159,11921.17,0,0,0,2,2026-04-19 18:58:02,,2026-04-19 20:08:02,
PED-002238,CLI-0059,7061.1,0,1,0,4,2026-04-19 23:53:46,2026-04-19 23:55:46,,diego.castillo
PED-002239,CLI-0168,1305.33,1,0,0,1,2026-04-19 00:47:58,2026-04-19 00:53:58,, paola.herrera 
PED-002240,CLI-0061,1856.17,0,1,0,0,2026-04-19 15:58:00,,,
PED-002241,CLI-0197,3664.81,0,1,0,1,2026-04-19 10:00:38,2026-04-19 12:31:38,,sergio.nunez
PED-002242,CLI-0130,17228.84,0,0,1,4,2026-04-19 14:06:07,2026-04-19 14:29:07,, jorge.salinas 
PED-002243,CLI-0132,3555.41,0,0,1,1,2026-04-19 15:08:12,2026-04-19 19:07:12,, luis.ramirez 
PED-002244,CLI-0186,3655.24,1,0,0,1,2026-04-19 11:11:41,2026-04-19 14:11:41,,jorge_salinas
PED-002245,CLI-0056,4198.1,0,0,0,1,2026-04-19 14:35:04,2026-04-19 15:04:04,,sergio.nunez
PED-002246,CLI-0145,2391.06,0,0,0,2,2026-04-20 22:15:25,,2026-04-21 02:53:25,
PED-002247,CLI-0170,3224.04,0,0,1,2,2026-04-20 17:49:18,,2026-04-21 00:18:18,
PED-002248,CLI-0010,3674.18,0,0,1,1,2026-04-20 18:55:21,2026-04-20 21:52:21,, ana.torres 
PED-002249,CLI-0197,6973.7,0,0,1,1,2026-04-20 14:41:29,2026-04-20 16:58:29,,SERGIO.NUNEZ
PED-002250,CLI-0094,5558.66,0,0,1,1,2026-04-20 21:32:41,2026-04-21 00:53:41,,hector_paredes
PED-002251,CLI-0148,1629.24,1,0,0,1,2026-04-20 19:27:38,2026-04-21 00:18:38,,ana.torres
PED-002252,CLI-0064,6234.82,0,0,0,2,2026-04-20 03:26:57,,2026-04-20 11:05:57,
PED-002253,CLI-0179,2398.6,0,0,1,1,2026-04-20 10:23:51,2026-04-20 14:27:51,, sergio.nunez 
PED-002254,CLI-0023,10027.15,0,0,1,1,2026-04-20 08:13:58,2026-04-20 09:55:58,,DIEGO.CASTILLO
PED-002255,CLI-0159,4960.14,0,0,1,1,2026-04-20 23:58:05,2026-04-21 01:05:05,,jorge_salinas
PED-002256,CLI-0004,4386.51,0,1,0,2,2026-04-20 03:42:14,,2026-04-20 05:25:14,
PED-002257,CLI-0018,10717.63,0,0,1,1,2026-04-21 02:24:42,2026-04-21 07:36:42,, paola.herrera 
PED-002258,CLI-0145,4429.56,0,0,1,2,2026-04-21 11:19:47,,2026-04-22 07:40:47,
PED-002259,CLI-0188,4612.93,1,0,0,2,2026-04-21 13:41:35,,2026-04-21 19:36:35,
PED-002260,CLI-0117,13410.98,1,0,0,2,2026-04-21 20:46:29,,2026-04-21 21:11:29,
PED-002261,CLI-0167,4332.81,0,0,1,1,2026-04-21 18:24:02,2026-04-21 18:45:02,,sergio_nunez
PED-002262,CLI-0040,3706.7,0,0,0,4,2026-04-21 03:26:28,2026-04-21 03:27:28,,diego_castillo
PED-002263,CLI-0121,7040.02,0,0,1,1,2026-04-21 19:13:51,2026-04-21 19:50:51,,jorge.salinas
PED-002264,CLI-0007,2975.78,0,1,0,1,2026-04-21 16:57:53,2026-04-21 20:12:53,,luis.ramirez
PED-002265,CLI-0149,1247.98,0,0,1,1,2026-04-21 13:16:48,2026-04-21 13:46:48,,ivonne_rios
PED-002266,CLI-0023,400.07,0,0,0,2,2026-04-21 10:15:44,,2026-04-21 13:46:44,
PED-002267,CLI-0101,2525.0,1,0,0,1,2026-04-21 22:50:53,2026-04-22 02:22:53,,luis.ramirez
PED-002268,CLI-0158,4335.64,0,1,0,2,2026-04-21 13:33:48,,2026-04-22 02:41:48,
PED-002269,CLI-0180,8397.9,1,0,0,1,2026-04-21 14:52:19,2026-04-21 17:00:19,,hector.paredes
PED-002270,CLI-0055,4657.15,0,0,1,2,2026-04-21 03:26:58,,2026-04-22 01:54:58,
PED-002271,CLI-0108,7538.59,0,0,0,1,2026-04-21 01:26:07,2026-04-21 01:54:07,,karla.mendez
PED-002272,CLI-0064,10406.56,0,0,1,1,2026-04-21 08:44:37,2026-04-21 08:49:37,,karla.mendez
PED-002273,CLI-0142,2059.95,0,1,0,2,2026-04-21 22:22:36,,2026-04-21 23:51:36,
PED-002274,CLI-0125,2070.5,0,0,1,1,2026-04-21 06:01:03,2026-04-21 07:17:03,,sergio.nunez
PED-002275,CLI-0164,6376.82,0,0,1,2,2026-04-21 17:37:53,,2026-04-22 06:01:53,
PED-002276,CLI-0100,4350.37,0,1,0,2,2026-04-21 01:19:23,,2026-04-21 14:38:23,
PED-002277,CLI-0165,5542.56,0,0,1,1,2026-04-21 23:29:27,2026-04-21 23:42:27,,IVONNE.RIOS
PED-002278,CLI-0147,2507.97,0,1,0,1,2026-04-21 08:15:39,2026-04-21 09:11:39,, ana.torres 
PED-002279,CLI-0002,5548.63,0,1,0,2,2026-04-21 06:17:52,,2026-04-21 16:02:52,
PED-002280,CLI-0189,1913.67,0,0,1,1,2026-04-21 14:52:27,2026-04-21 15:54:27,,IVONNE.RIOS
PED-002281,CLI-0097,1892.87,0,0,1,1,2026-04-21 05:03:37,2026-04-21 11:14:37,,JORGE.SALINAS
PED-002282,CLI-0170,17727.37,0,0,1,2,2026-04-21 19:20:26,,2026-04-22 07:07:26,
PED-002283,CLI-0114,7925.92,0,0,0,2,2026-04-21 18:28:00,,2026-04-22 03:09:00,
PED-002284,CLI-0083,2882.53,0,0,1,1,2026-04-21 00:41:20,2026-04-21 00:50:20,, diego.castillo 
PED-002285,CLI-0050,3009.16,0,0,1,1,2026-04-21 06:37:45,2026-04-21 15:47:45,,monica.vega
PED-002286,CLI-0123,11789.81,1,0,0,1,2026-04-21 20:18:26,2026-04-21 22:05:26,,diego_castillo
PED-002287,CLI-0062,6254.94,0,0,1,1,2026-04-21 03:02:02,2026-04-21 06:13:02,,KARLA.MENDEZ
PED-002288,CLI-0060,3300.33,0,0,1,1,2026-04-21 13:51:43,2026-04-21 16:26:43,,LUIS.RAMIREZ
PED-002289,CLI-0185,9829.13,0,0,0,1,2026-04-21 13:53:35,2026-04-21 17:10:35,, hector.paredes 
PED-002290,CLI-0157,4456.96,0,0,1,1,2026-04-22 16:08:26,2026-04-22 16:28:26,,sergio.nunez
PED-002291,CLI-0170,20454.64,1,0,0,1,2026-04-22 00:30:07,2026-04-22 02:59:07,, diego.castillo 
PED-002292,CLI-0167,2058.14,0,0,1,1,2026-04-22 09:22:02,2026-04-22 13:17:02,,ivonne_rios
PED-002293,CLI-0021,10035.7,0,0,1,1,2026-04-22 05:35:36,2026-04-22 08:54:36,, ana.torres 
PED-002294,CLI-0007,5873.67,0,0,1,1,2026-04-22 21:23:46,2026-04-22 23:24:46,,monica_vega
PED-002295,CLI-0155,2523.09,0,0,1,1,2026-04-22 16:18:02,2026-04-22 17:34:02,,sergio.nunez
PED-002296,CLI-0092,8311.96,0,0,1,1,2026-04-22 00:36:12,2026-04-22 08:25:12,,karla_mendez
PED-002297,CLI-0006,12695.36,0,0,1,1,2026-04-22 10:37:06,2026-04-22 15:40:06,,karla_mendez
PED-002298,CLI-0130,8805.97,1,0,0,1,2026-04-22 20:40:43,2026-04-22 22:16:43,,ANA.TORRES
PED-002299,CLI-0086,4155.45,0,0,1,1,2026-04-22 06:03:40,2026-04-22 10:07:40,,SERGIO.NUNEZ
PED-002300,CLI-0142,2413.89,0,1,0,2,2026-04-22 13:21:42,,2026-04-22 18:53:42,
PED-002301,CLI-0027,4872.86,0,0,1,4,2026-04-22 20:53:58,2026-04-22 21:04:58,, luis.ramirez 
PED-002302,CLI-0196,12112.42,0,1,0,2,2026-04-22 12:58:33,,2026-04-23 01:58:33,
PED-002303,CLI-0169,1839.67,0,0,0,4,2026-04-22 17:21:55,2026-04-22 19:41:55,,sergio.nunez
PED-002304,CLI-0186,2814.19,0,0,0,1,2026-04-23 17:46:25,2026-04-23 19:15:25,, diego.castillo 
PED-002305,CLI-0170,33514.04,1,0,0,1,2026-04-23 19:21:35,2026-04-23 21:34:35,,IVONNE.RIOS
PED-002306,CLI-0030,8218.04,0,0,1,2,2026-04-23 00:23:21,,2026-04-24 07:36:21,
PED-002307,CLI-0117,10263.73,0,0,1,2,2026-04-23 03:41:26,,2026-04-23 10:27:26,
PED-002308,CLI-0063,1628.16,0,0,1,1,2026-04-23 20:39:39,2026-04-23 21:29:39,,luis.ramirez
PED-002309,CLI-0158,6124.26,0,0,1,1,2026-04-23 15:30:06,2026-04-24 02:26:06,,PAOLA.HERRERA
PED-002310,CLI-0172,25845.03,0,0,1,1,2026-04-23 23:04:13,2026-04-24 06:17:13,,ivonne.rios
PED-002311,CLI-0094,2095.96,0,1,0,1,2026-04-23 22:47:33,2026-04-24 01:07:33,,sergio_nunez
PED-002312,CLI-0170,2183.24,0,0,0,4,2026-04-23 07:43:19,2026-04-23 08:10:19,,diego.castillo
PED-002313,CLI-0174,5579.94,0,0,1,2,2026-04-23 17:41:20,,2026-04-23 22:57:20,
PED-002314,CLI-0019,6141.11,0,0,1,1,2026-04-23 07:43:44,2026-04-23 12:57:44,, ivonne.rios 
PED-002315,CLI-0132,17555.65,0,0,0,2,2026-04-23 06:17:01,,2026-04-24 05:04:01,
PED-002316,CLI-0113,24434.8,0,0,0,2,2026-04-23 12:33:09,,2026-04-23 16:55:09,
PED-002317,CLI-0176,9991.11,0,0,1,0,2026-04-23 23:51:11,,,
PED-002318,CLI-0036,3937.55,0,1,0,2,2026-04-23 19:19:11,,2026-04-24 10:15:11,
PED-002319,CLI-0010,3665.59,0,1,0,2,2026-04-23 11:15:15,,2026-04-23 15:19:15,
PED-002320,CLI-0126,4926.62,0,1,0,4,2026-04-23 20:13:53,2026-04-23 22:44:53,,monica.vega
PED-002321,CLI-0074,8121.6,0,1,0,2,2026-04-23 19:08:57,,2026-04-23 22:43:57,
PED-002322,CLI-0065,3909.67,0,0,1,1,2026-04-23 08:15:49,2026-04-23 11:20:49,, ivonne.rios 
PED-002323,CLI-0043,6923.12,1,0,0,0,2026-04-23 19:22:30,,,
PED-002324,CLI-0149,35346.84,1,0,0,4,2026-04-23 21:39:56,2026-04-24 03:26:56,, monica.vega 
PED-002325,CLI-0170,1727.78,0,1,0,1,2026-04-23 16:28:50,2026-04-23 18:50:50,,paola.herrera
PED-002326,CLI-0014,5926.97,0,0,0,1,2026-04-23 18:58:51,2026-04-23 21:24:51,,JORGE.SALINAS
PED-002327,CLI-0160,5455.75,0,0,1,1,2026-04-23 16:44:13,2026-04-23 18:08:13,, paola.herrera 
PED-002328,CLI-0158,6693.36,1,0,0,4,2026-04-23 14:12:22,2026-04-23 14:54:22,, diego.castillo 
PED-002329,CLI-0050,3069.83,0,1,0,1,2026-04-23 11:58:13,2026-04-23 12:14:13,,sergio_nunez
PED-002330,CLI-0022,11646.19,0,0,0,1,2026-04-24 14:59:01,2026-04-24 15:39:01,,DIEGO.CASTILLO
PED-002331,CLI-0168,11883.64,0,0,1,1,2026-04-24 09:29:37,2026-04-24 13:11:37,,HECTOR.PAREDES
PED-002332,CLI-0030,7526.61,1,0,0,1,2026-04-24 13:24:52,2026-04-24 16:17:52,,DIEGO.CASTILLO
PED-002333,CLI-0039,587.55,1,0,0,1,2026-04-24 21:23:12,2026-04-24 21:48:12,,KARLA.MENDEZ
PED-002334,CLI-0170,7594.95,0,1,0,4,2026-04-24 11:17:54,2026-04-24 12:52:54,, luis.ramirez 
PED-002335,CLI-0092,7721.02,0,0,1,1,2026-04-24 20:06:44,2026-04-24 21:46:44,, ivonne.rios 
PED-002336,CLI-0164,15247.58,0,1,0,1,2026-04-24 16:01:59,2026-04-24 16:06:59,,sergio.nunez
PED-002337,CLI-0119,2551.4,0,0,1,1,2026-04-24 22:16:37,2026-04-24 23:35:37,,luis_ramirez
PED-002338,CLI-0075,4314.17,0,0,1,1,2026-04-24 20:49:16,2026-04-24 22:06:16,,hector.paredes
PED-002339,CLI-0063,3393.05,0,0,1,1,2026-04-24 15:53:32,2026-04-24 21:36:32,,sergio_nunez
PED-002340,CLI-0091,38721.67,0,0,1,1,2026-04-24 08:56:37,2026-04-24 09:42:37,, sergio.nunez 
PED-002341,CLI-0137,4850.66,0,0,1,1,2026-04-24 07:07:12,2026-04-24 07:42:12,,sergio_nunez
PED-002342,CLI-0109,12122.28,0,0,1,2,2026-04-24 10:19:04,,2026-04-24 12:37:04,
PED-002343,CLI-0008,4454.56,0,1,0,1,2026-04-24 08:43:08,2026-04-24 10:49:08,,sergio.nunez
PED-002344,CLI-0161,2854.73,0,1,0,4,2026-04-24 14:45:06,2026-04-24 17:39:06,,monica.vega
PED-002345,CLI-0192,2809.19,0,0,0,2,2026-04-24 08:30:10,,2026-04-24 10:39:10,
PED-002346,CLI-0049,4680.97,0,0,1,1,2026-04-24 07:13:11,2026-04-24 14:12:11,,diego.castillo
PED-002347,CLI-0062,12589.25,1,0,0,1,2026-04-24 04:42:50,2026-04-24 05:33:50,, ana.torres 
PED-002348,CLI-0006,3988.04,0,0,1,1,2026-04-25 13:35:14,2026-04-25 14:37:14,,karla.mendez
PED-002349,CLI-0177,11370.71,1,0,0,1,2026-04-25 23:27:54,2026-04-26 02:46:54,,jorge.salinas
PED-002350,CLI-0159,1408.96,0,0,0,2,2026-04-25 03:50:36,,2026-04-25 05:04:36,
PED-002351,CLI-0032,11711.35,1,0,0,1,2026-04-25 17:52:29,2026-04-26 01:32:29,,HECTOR.PAREDES
PED-002352,CLI-0082,16236.33,1,0,0,2,2026-04-25 11:04:43,,2026-04-25 15:42:43,
PED-002353,CLI-0197,28566.92,0,0,1,1,2026-04-25 01:20:07,2026-04-25 01:43:07,,HECTOR.PAREDES
PED-002354,CLI-0080,24452.56,1,0,0,1,2026-04-25 16:47:50,2026-04-25 21:54:50,,karla_mendez
PED-002355,CLI-0128,11600.83,0,0,1,2,2026-04-25 15:50:38,,2026-04-25 21:49:38,
PED-002356,CLI-0148,2724.06,0,0,1,2,2026-04-25 09:47:40,,2026-04-25 11:29:40,
PED-002357,CLI-0016,2129.19,0,0,1,1,2026-04-25 18:55:16,2026-04-25 21:03:16,, paola.herrera 
PED-002358,CLI-0169,3009.35,0,0,1,1,2026-04-25 20:53:33,2026-04-26 00:08:33,, jorge.salinas 
PED-002359,CLI-0041,1630.36,0,1,0,1,2026-04-25 10:02:23,2026-04-25 10:51:23,,ana_torres
PED-002360,CLI-0104,2419.88,0,0,1,1,2026-04-25 13:13:11,2026-04-25 15:14:11,,diego.castillo
PED-002361,CLI-0116,1447.48,0,0,1,1,2026-04-25 02:18:09,2026-04-25 03:08:09,,paola_herrera
PED-002362,CLI-0134,6830.96,0,0,1,1,2026-04-25 03:52:00,2026-04-25 05:01:00,,sergio.nunez
PED-002363,CLI-0169,2633.07,0,1,0,2,2026-04-25 21:28:02,,2026-04-26 20:35:02,
PED-002364,CLI-0176,9920.55,1,0,0,4,2026-04-25 05:59:53,2026-04-25 06:11:53,,IVONNE.RIOS
PED-002365,CLI-0008,11335.2,0,0,1,1,2026-04-25 19:48:15,2026-04-26 04:04:15,,hector_paredes
PED-002366,CLI-0174,6309.45,0,0,1,2,2026-04-25 12:51:44,,2026-04-26 03:02:44,
PED-002367,CLI-0025,1946.86,0,1,0,1,2026-04-25 15:45:49,2026-04-25 19:19:49,,LUIS.RAMIREZ
PED-002368,CLI-0165,7752.89,0,0,0,1,2026-04-25 06:21:42,2026-04-25 09:01:42,,KARLA.MENDEZ
PED-002369,CLI-0138,8883.57,0,0,1,1,2026-04-25 19:26:04,2026-04-25 19:50:04,,hector_paredes
PED-002370,CLI-0190,2435.56,0,0,1,1,2026-04-25 18:20:53,2026-04-25 21:42:53,,IVONNE.RIOS
PED-002371,CLI-0166,18181.94,1,0,0,1,2026-04-25 01:35:26,2026-04-25 03:07:26,,sergio.nunez
PED-002372,CLI-0102,13160.35,0,1,0,1,2026-04-25 02:58:46,2026-04-25 03:03:46,, ana.torres 
PED-002373,CLI-0177,6321.66,1,0,0,2,2026-04-25 02:19:47,,2026-04-25 20:33:47,
PED-002374,CLI-0070,9042.03,0,0,0,1,2026-04-25 22:40:35,2026-04-26 02:23:35,, monica.vega 
PED-002375,CLI-0191,9946.72,0,1,0,2,2026-04-25 11:57:59,,2026-04-25 14:57:59,
PED-002376,CLI-0185,23565.79,0,0,0,1,2026-04-25 10:59:10,2026-04-25 14:25:10,, karla.mendez 
PED-002377,CLI-0156,4827.09,0,1,0,1,2026-04-25 07:50:49,2026-04-25 12:28:49,,jorge_salinas
PED-002378,CLI-0011,2975.96,0,1,0,1,2026-04-25 14:43:03,2026-04-25 19:15:03,,JORGE.SALINAS
PED-002379,CLI-0045,11240.19,0,0,0,1,2026-04-25 06:22:13,2026-04-25 07:39:13,,ana_torres
PED-002380,CLI-0061,3964.36,0,0,0,4,2026-04-25 15:42:16,2026-04-25 16:06:16,,monica_vega
PED-002381,CLI-0024,4851.35,0,1,0,1,2026-04-25 06:56:17,2026-04-25 14:06:17,, karla.mendez 
PED-002382,CLI-0083,1224.62,0,0,0,1,2026-04-25 08:33:41,2026-04-25 13:16:41,,jorge.salinas
PED-002383,CLI-0119,4321.15,1,0,0,1,2026-04-25 22:46:57,2026-04-26 00:24:57,,monica.vega
PED-002384,CLI-0084,3266.54,0,0,0,2,2026-04-25 11:28:58,,2026-04-26 08:05:58,
PED-002385,CLI-0200,13247.75,0,0,1,1,2026-04-25 13:25:07,2026-04-25 19:07:07,,monica.vega
PED-002386,CLI-0018,2026.74,0,1,0,1,2026-04-26 11:39:45,2026-04-26 12:46:45,,karla_mendez
PED-002387,CLI-0160,4474.86,0,0,1,1,2026-04-26 16:24:11,2026-04-26 17:50:11,,PAOLA.HERRERA
PED-002388,CLI-0156,8475.15,0,0,0,1,2026-04-26 10:47:28,2026-04-26 11:52:28,,karla.mendez
PED-002389,CLI-0104,13011.71,0,0,1,2,2026-04-26 14:11:51,,2026-04-26 20:57:51,
PED-002390,CLI-0102,3031.82,0,0,1,2,2026-04-26 11:19:43,,2026-04-27 00:32:43,
PED-002391,CLI-0076,1146.13,0,0,1,1,2026-04-26 09:45:24,2026-04-26 13:32:24,,diego_castillo
PED-002392,CLI-0131,4010.78,0,1,0,2,2026-04-26 20:14:42,,2026-04-27 06:15:42,
PED-002393,CLI-0012,17423.05,0,0,0,2,2026-04-26 04:50:41,,2026-04-26 10:23:41,
PED-002394,CLI-0184,21178.65,0,1,0,2,2026-04-26 10:34:31,,2026-04-26 14:14:31,
PED-002395,CLI-0073,4980.7,0,0,1,3,2026-04-26 17:11:11,,,
PED-002396,CLI-0151,7043.59,0,1,0,3,2026-04-26 15:38:41,,,
PED-002397,CLI-0022,1122.22,0,1,0,1,2026-04-26 01:20:59,2026-04-26 04:47:59,,DIEGO.CASTILLO
PED-002398,CLI-0107,7214.05,0,0,1,4,2026-04-26 00:42:35,2026-04-26 03:49:35,,MONICA.VEGA
PED-002399,CLI-0070,3959.94,0,1,0,1,2026-04-26 17:22:36,2026-04-26 17:37:36,,diego_castillo
PED-002400,CLI-0112,1365.04,0,0,1,1,2026-04-26 13:15:43,2026-04-26 13:24:43,,monica_vega
PED-002401,CLI-0082,1328.54,0,1,0,1,2026-04-26 22:28:27,2026-04-26 23:07:27,,karla_mendez
PED-002402,CLI-0007,4898.34,0,1,0,3,2026-04-26 16:44:51,,,
PED-002403,CLI-0149,3937.28,0,0,1,4,2026-04-26 03:55:39,2026-04-26 04:27:39,,karla_mendez
PED-002404,CLI-0027,2546.1,0,1,0,1,2026-04-26 15:20:44,2026-04-26 19:58:44,, diego.castillo 
PED-002405,CLI-0078,9572.15,0,0,0,4,2026-04-26 17:12:00,2026-04-26 19:09:00,,SERGIO.NUNEZ
PED-002406,CLI-0083,5023.09,0,0,1,2,2026-04-26 11:27:38,,2026-04-26 13:24:38,
PED-002407,CLI-0152,17500.9,1,0,0,1,2026-04-26 18:43:14,2026-04-27 02:17:14,,DIEGO.CASTILLO
PED-002408,CLI-0007,584.65,0,1,0,2,2026-04-27 22:28:52,,2026-04-28 05:52:52,
PED-002409,CLI-0155,2888.24,0,0,0,2,2026-04-27 12:43:30,,2026-04-29 01:05:30,
PED-002410,CLI-0037,14352.98,1,0,0,3,2026-04-27 03:45:00,,,
PED-002411,CLI-0034,3465.43,1,0,0,1,2026-04-27 21:39:45,2026-04-28 02:04:45,,JORGE.SALINAS
PED-002412,CLI-0163,669.66,0,0,1,2,2026-04-27 13:59:17,,2026-04-27 22:41:17,
PED-002413,CLI-0190,8061.32,0,0,1,1,2026-04-27 01:38:28,2026-04-27 04:13:28,,paola.herrera
PED-002414,CLI-0158,17728.3,0,0,0,1,2026-04-27 21:00:35,2026-04-27 21:58:35,,KARLA.MENDEZ
PED-002415,CLI-0183,5228.03,0,0,0,1,2026-04-27 14:40:59,2026-04-27 15:13:59,, sergio.nunez 
PED-002416,CLI-0196,4711.69,1,0,0,1,2026-04-27 19:16:17,2026-04-28 00:41:17,,JORGE.SALINAS
PED-002417,CLI-0121,6279.91,0,0,0,1,2026-04-27 05:44:21,2026-04-27 09:04:21,,ana.torres
PED-002418,CLI-0004,543.08,1,0,0,1,2026-04-27 03:37:12,2026-04-27 08:59:12,, ana.torres 
PED-002419,CLI-0186,10700.73,0,0,0,1,2026-04-27 22:38:07,2026-04-28 02:04:07,,SERGIO.NUNEZ
PED-002420,CLI-0160,3775.69,0,1,0,1,2026-04-27 06:39:25,2026-04-27 10:06:25,,paola.herrera
PED-002421,CLI-0152,1720.95,0,0,1,1,2026-04-27 21:43:12,2026-04-27 22:45:12,,hector_paredes
PED-002422,CLI-0072,2694.33,0,0,1,4,2026-04-27 13:22:47,2026-04-27 14:48:47,, ana.torres 
PED-002423,CLI-0056,5631.52,0,1,0,4,2026-04-27 04:41:20,2026-04-27 06:31:20,,sergio_nunez
PED-002424,CLI-0142,2730.46,0,0,1,0,2026-04-27 06:27:28,,,
PED-002425,CLI-0095,6660.95,0,0,1,1,2026-04-27 11:05:15,2026-04-27 11:59:15,,diego.castillo
PED-002426,CLI-0170,9148.07,0,0,1,4,2026-04-27 15:22:24,2026-04-27 15:53:24,, hector.paredes 
PED-002427,CLI-0099,4273.98,0,1,0,1,2026-04-27 05:37:25,2026-04-27 09:21:25,,HECTOR.PAREDES
PED-002428,CLI-0143,12842.49,0,0,0,1,2026-04-28 17:14:50,2026-04-28 23:27:50,,ANA.TORRES
PED-002429,CLI-0144,5736.54,0,0,1,4,2026-04-28 17:23:54,2026-04-28 17:30:54,,HECTOR.PAREDES
PED-002430,CLI-0148,1873.95,1,0,0,1,2026-04-28 05:16:07,2026-04-28 10:38:07,,hector.paredes
PED-002431,CLI-0125,2922.02,0,0,1,1,2026-04-28 16:01:32,2026-04-28 16:26:32,,IVONNE.RIOS
PED-002432,CLI-0006,6709.05,0,0,1,1,2026-04-28 21:11:09,2026-04-28 21:25:09,,hector_paredes
PED-002433,CLI-0124,4087.9,0,0,1,1,2026-04-28 03:19:39,2026-04-28 04:55:39,, sergio.nunez 
PED-002434,CLI-0176,2636.88,1,0,0,2,2026-04-28 22:56:55,,2026-04-29 10:14:55,
PED-002435,CLI-0188,6145.68,0,1,0,2,2026-04-28 19:08:50,,2026-04-28 22:33:50,
PED-002436,CLI-0086,10833.59,0,0,0,4,2026-04-28 03:29:52,2026-04-28 10:09:52,,IVONNE.RIOS
PED-002437,CLI-0070,15863.77,0,0,1,1,2026-04-28 14:17:40,2026-04-28 18:57:40,,hector_paredes
PED-002438,CLI-0162,24114.43,0,0,1,2,2026-04-28 04:20:07,,2026-04-29 07:08:07,
PED-002439,CLI-0082,1627.21,1,0,0,1,2026-04-28 03:46:23,2026-04-28 11:45:23,,ANA.TORRES
PED-002440,CLI-0184,28621.9,0,0,1,1,2026-04-28 21:59:31,2026-04-28 23:36:31,,MONICA.VEGA
PED-002441,CLI-0191,3010.53,0,0,1,0,2026-04-28 11:49:02,,,
PED-002442,CLI-0180,3803.46,0,0,0,2,2026-04-28 08:29:14,,2026-04-28 08:48:14,
PED-002443,CLI-0187,9175.93,0,0,1,4,2026-04-28 23:32:10,2026-04-29 02:46:10,, paola.herrera 
PED-002444,CLI-0137,14709.67,0,0,1,1,2026-04-28 17:40:44,2026-04-28 18:23:44,,hector_paredes
PED-002445,CLI-0028,14370.88,0,0,1,1,2026-04-28 03:26:28,2026-04-28 05:40:28,,IVONNE.RIOS
PED-002446,CLI-0034,2476.65,0,0,0,1,2026-04-28 18:11:12,2026-04-29 00:57:12,,IVONNE.RIOS
PED-002447,CLI-0191,5613.84,0,0,0,4,2026-04-28 10:37:01,2026-04-28 15:01:01,, paola.herrera 
PED-002448,CLI-0018,6669.3,0,0,1,1,2026-04-29 08:59:22,2026-04-29 17:35:22,,karla.mendez
PED-002449,CLI-0034,10624.47,0,0,0,1,2026-04-29 15:50:43,2026-04-29 23:13:43,, monica.vega 
PED-002450,CLI-0181,1202.82,0,0,1,1,2026-04-29 13:12:16,2026-04-29 13:13:16,,PAOLA.HERRERA
PED-002451,CLI-0141,8138.73,0,0,1,1,2026-04-29 21:10:34,2026-04-29 23:21:34,,sergio_nunez
PED-002452,CLI-0114,6057.49,0,0,1,1,2026-04-29 05:58:59,2026-04-29 09:51:59,,KARLA.MENDEZ
PED-002453,CLI-0114,8484.47,0,0,1,2,2026-04-29 16:25:36,,2026-04-30 05:04:36,
PED-002454,CLI-0070,26530.34,0,0,1,1,2026-04-29 03:45:48,2026-04-29 07:03:48,,monica_vega
PED-002455,CLI-0140,3679.07,0,0,1,1,2026-04-29 10:07:15,2026-04-29 10:42:15,,DIEGO.CASTILLO
PED-002456,CLI-0016,4785.37,0,1,0,1,2026-04-29 21:43:01,2026-04-30 05:53:01,, paola.herrera 
PED-002457,CLI-0031,7305.42,0,0,1,1,2026-04-29 12:28:44,2026-04-29 15:46:44,,ana.torres
PED-002458,CLI-0022,14948.29,0,0,1,1,2026-04-29 05:44:47,2026-04-29 16:50:47,, diego.castillo 
PED-002459,CLI-0090,1917.89,0,1,0,1,2026-04-29 15:07:19,2026-04-29 23:18:19,,paola_herrera
PED-002460,CLI-0074,4317.43,0,0,1,0,2026-04-29 21:55:49,,,
PED-002461,CLI-0144,12406.01,0,1,0,1,2026-04-29 11:28:33,2026-04-29 15:19:33,,karla_mendez
PED-002462,CLI-0200,5156.49,0,0,1,1,2026-04-29 01:09:41,2026-04-29 07:27:41,, diego.castillo 
PED-002463,CLI-0148,3534.73,0,0,0,0,2026-04-29 22:08:15,,,
PED-002464,CLI-0167,4990.9,0,0,0,1,2026-04-29 06:49:25,2026-04-29 18:56:25,, ivonne.rios 
PED-002465,CLI-0104,32527.68,0,0,1,4,2026-04-29 18:13:19,2026-04-29 20:00:19,,jorge_salinas
PED-002466,CLI-0127,11151.79,0,1,0,1,2026-04-29 01:48:53,2026-04-29 10:04:53,,hector.paredes
PED-002467,CLI-0067,4036.89,0,0,0,2,2026-04-29 05:46:11,,2026-04-29 23:58:11,
PED-002468,CLI-0197,6281.1,1,0,0,0,2026-04-29 15:38:37,,,
PED-002469,CLI-0120,9227.68,1,0,0,1,2026-04-29 10:49:45,2026-04-29 11:15:45,,sergio_nunez
PED-002470,CLI-0070,7146.76,0,0,0,2,2026-04-29 16:50:24,,2026-04-30 07:48:24,
PED-002471,CLI-0134,3777.78,0,0,1,1,2026-04-29 11:41:44,2026-04-29 12:55:44,,ANA.TORRES
PED-002472,CLI-0141,699.2,0,0,1,1,2026-04-29 02:21:58,2026-04-29 03:47:58,,ANA.TORRES
PED-002473,CLI-0130,2598.57,1,0,0,1,2026-04-29 00:57:17,2026-04-29 00:59:17,,IVONNE.RIOS
PED-002474,CLI-0062,3618.3,0,0,0,1,2026-04-29 15:32:39,2026-04-29 21:54:39,,karla_mendez
PED-002475,CLI-0062,14396.34,0,0,1,1,2026-04-29 13:00:19,2026-04-29 14:54:19,,ANA.TORRES
PED-002476,CLI-0181,7421.29,0,0,1,1,2026-04-29 11:22:02,2026-04-29 19:07:02,,monica_vega
PED-002477,CLI-0041,2150.53,1,0,0,1,2026-04-29 04:03:35,2026-04-29 07:04:35,,DIEGO.CASTILLO
PED-002478,CLI-0186,5402.05,1,0,0,3,2026-04-29 20:20:41,,,
PED-002479,CLI-0038,10822.28,0,1,0,2,2026-04-29 20:13:05,,2026-04-29 22:15:05,
PED-002480,CLI-0082,2962.5,0,0,1,1,2026-04-30 17:11:01,2026-04-30 18:53:01,,paola_herrera
PED-002481,CLI-0175,8129.4,0,0,1,2,2026-04-30 01:45:33,,2026-04-30 09:26:33,
PED-002482,CLI-0074,1308.44,0,0,1,2,2026-04-30 08:41:34,,2026-04-30 13:56:34,
PED-002483,CLI-0024,13548.09,0,0,1,1,2026-04-30 23:36:34,2026-05-01 00:46:34,,ana_torres
PED-002484,CLI-0182,2185.29,0,1,0,1,2026-04-30 14:30:47,2026-05-01 02:25:47,, paola.herrera 
PED-002485,CLI-0015,506.3,0,0,1,1,2026-04-30 15:50:15,2026-04-30 16:11:15,, luis.ramirez 
PED-002486,CLI-0161,2777.37,0,0,1,2,2026-04-30 17:44:04,,2026-04-30 20:21:04,
PED-002487,CLI-0082,13335.89,0,0,1,2,2026-04-30 13:44:29,,2026-05-01 08:48:29,
PED-002488,CLI-0137,2412.54,0,0,1,2,2026-04-30 03:02:34,,2026-04-30 20:44:34,
PED-002489,CLI-0160,7372.14,0,0,1,1,2026-04-30 11:30:59,2026-04-30 12:04:59,,paola_herrera
PED-002490,CLI-0036,2855.06,0,0,1,0,2026-04-30 10:47:26,,,
PED-002491,CLI-0060,12326.83,0,1,0,1,2026-04-30 14:18:39,2026-04-30 15:13:39,,paola_herrera
PED-002492,CLI-0191,25952.69,0,0,1,1,2026-04-30 13:39:02,2026-04-30 14:58:02,,diego_castillo
PED-002493,CLI-0001,960.62,0,0,1,1,2026-04-30 17:59:49,2026-04-30 21:00:49,, monica.vega 
PED-002494,CLI-0048,3053.7,0,1,0,1,2026-04-30 18:51:42,2026-04-30 23:41:42,,monica.vega
PED-002495,CLI-0179,2537.91,1,0,0,1,2026-04-30 15:29:22,2026-04-30 23:45:22,, diego.castillo 
PED-002496,CLI-0197,1639.62,0,0,1,4,2026-04-30 09:02:14,2026-04-30 13:11:14,,HECTOR.PAREDES
PED-002497,CLI-0168,373.58,0,1,0,0,2026-04-30 08:12:04,,,
PED-002498,CLI-0107,4536.31,0,0,0,4,2026-04-30 16:20:41,2026-04-30 16:35:41,, ivonne.rios 
PED-002499,CLI-0015,8678.09,1,0,0,1,2026-04-30 13:15:42,2026-04-30 17:50:42,, jorge.salinas 
PED-002500,CLI-0029,1130.05,0,1,0,2,2026-04-30 12:40:06,,2026-05-01 20:18:06,
PED-002501,CLI-0056,1605.78,0,0,0,1,2026-04-30 06:52:08,2026-04-30 10:07:08,,ana.torres
PED-002502,CLI-0035,23755.55,1,0,0,0,2026-04-30 21:55:35,,,
PED-002503,CLI-0188,3318.82,0,1,0,1,2026-04-30 01:08:29,2026-04-30 01:54:29,,ana.torres
PED-002504,CLI-0146,7309.54,0,0,0,1,2026-04-30 03:17:24,2026-04-30 04:17:24,,ana_torres
PED-002505,CLI-0054,4943.07,0,0,1,1,2026-05-01 07:16:34,2026-05-01 07:40:34,,diego_castillo
PED-002506,CLI-0086,4444.74,0,0,1,3,2026-05-01 13:21:50,,,
PED-002507,CLI-0176,14826.25,0,0,1,1,2026-05-01 22:55:01,2026-05-01 23:33:01,,paola_herrera
PED-002508,CLI-0104,9385.55,0,1,0,0,2026-05-01 03:58:02,,,
PED-002509,CLI-0083,1422.6,0,0,0,1,2026-05-01 09:09:16,2026-05-01 12:43:16,,SERGIO.NUNEZ
PED-002510,CLI-0100,1353.19,0,1,0,1,2026-05-01 17:16:32,2026-05-01 18:47:32,,IVONNE.RIOS
PED-002511,CLI-0187,15866.22,0,0,1,1,2026-05-01 10:24:37,2026-05-01 11:19:37,, monica.vega 
PED-002512,CLI-0150,16005.46,0,0,1,2,2026-05-01 21:33:55,,2026-05-02 16:15:55,
PED-002513,CLI-0125,13123.09,0,1,0,4,2026-05-01 08:10:23,2026-05-01 08:12:23,, luis.ramirez 
PED-002514,CLI-0099,1789.66,1,0,0,1,2026-05-01 05:16:44,2026-05-01 05:27:44,,paola.herrera
PED-002515,CLI-0179,6895.35,1,0,0,2,2026-05-01 01:14:12,,2026-05-01 03:50:12,
PED-002516,CLI-0093,24049.77,0,0,0,1,2026-05-01 07:22:42,2026-05-01 11:48:42,, diego.castillo 
PED-002517,CLI-0074,4888.34,0,0,1,1,2026-05-01 14:59:00,2026-05-01 16:18:00,, ana.torres 
PED-002518,CLI-0179,6028.78,0,1,0,2,2026-05-01 19:53:57,,2026-05-01 20:14:57,
PED-002519,CLI-0018,1359.84,0,0,1,1,2026-05-02 08:23:22,2026-05-02 16:51:22,,ANA.TORRES
PED-002520,CLI-0169,677.03,0,0,1,1,2026-05-02 13:44:30,2026-05-02 15:22:30,,jorge.salinas
PED-002521,CLI-0117,17158.22,0,0,0,1,2026-05-02 01:11:26,2026-05-02 03:49:26,, paola.herrera 
PED-002522,CLI-0114,3368.92,0,0,0,2,2026-05-02 07:57:58,,2026-05-02 20:37:58,
PED-002523,CLI-0096,8749.05,0,0,1,1,2026-05-02 03:39:10,2026-05-02 05:49:10,,PAOLA.HERRERA
PED-002524,CLI-0096,11625.5,0,1,0,1,2026-05-02 02:55:38,2026-05-02 07:59:38,, sergio.nunez 
PED-002525,CLI-0088,40836.83,0,0,1,2,2026-05-02 16:08:11,,2026-05-03 03:59:11,
PED-002526,CLI-0026,5034.16,1,0,0,4,2026-05-02 15:54:07,2026-05-02 16:21:07,,PAOLA.HERRERA
PED-002527,CLI-0152,10933.88,0,0,1,2,2026-05-02 07:04:23,,2026-05-02 09:12:23,
PED-002528,CLI-0059,2753.63,0,1,0,1,2026-05-02 03:26:14,2026-05-02 05:50:14,,sergio.nunez
PED-002529,CLI-0021,1912.61,1,0,0,1,2026-05-02 04:07:14,2026-05-02 07:47:14,,KARLA.MENDEZ
PED-002530,CLI-0020,760.43,1,0,0,1,2026-05-02 09:54:05,2026-05-02 11:45:05,,karla.mendez
PED-002531,CLI-0180,5576.07,0,0,0,1,2026-05-02 05:59:58,2026-05-02 06:22:58,, sergio.nunez 
PED-002532,CLI-0072,5365.46,0,0,1,1,2026-05-02 03:09:05,2026-05-02 08:35:05,,ana_torres
PED-002533,CLI-0076,966.1,1,0,0,2,2026-05-02 19:19:38,,2026-05-03 19:07:38,
PED-002534,CLI-0157,16047.67,1,0,0,2,2026-05-02 21:03:27,,2026-05-03 00:40:27,
PED-002535,CLI-0190,10151.9,1,0,0,1,2026-05-02 17:07:37,2026-05-02 18:55:37,, ivonne.rios 
PED-002536,CLI-0110,4898.31,0,1,0,1,2026-05-02 12:14:44,2026-05-02 12:25:44,,hector_paredes
PED-002537,CLI-0022,12789.79,0,0,1,2,2026-05-02 10:21:57,,2026-05-02 17:01:57,
PED-002538,CLI-0169,4425.76,0,0,1,2,2026-05-02 08:42:34,,2026-05-02 23:29:34,
PED-002539,CLI-0056,9482.91,0,0,1,1,2026-05-02 22:13:50,2026-05-03 00:15:50,,sergio.nunez
PED-002540,CLI-0108,1211.65,1,0,0,1,2026-05-02 22:13:21,2026-05-03 00:16:21,,JORGE.SALINAS
PED-002541,CLI-0103,15070.65,0,0,1,1,2026-05-03 13:36:11,2026-05-03 17:02:11,, ivonne.rios 
PED-002542,CLI-0162,2379.35,0,0,1,1,2026-05-03 20:05:24,2026-05-03 20:12:24,,ana.torres
PED-002543,CLI-0059,8456.58,0,0,1,2,2026-05-03 03:25:57,,2026-05-03 09:47:57,
PED-002544,CLI-0022,910.53,0,0,0,2,2026-05-03 08:21:31,,2026-05-03 20:34:31,
PED-002545,CLI-0046,2138.87,0,0,1,1,2026-05-03 03:52:25,2026-05-03 08:12:25,,paola_herrera
PED-002546,CLI-0107,1435.96,0,0,0,1,2026-05-03 06:41:02,2026-05-03 06:58:02,,SERGIO.NUNEZ
PED-002547,CLI-0196,1791.79,1,0,0,1,2026-05-03 14:57:10,2026-05-03 17:26:10,, ana.torres 
PED-002548,CLI-0145,4391.91,0,1,0,1,2026-05-03 02:10:05,2026-05-03 04:29:05,,luis_ramirez
PED-002549,CLI-0092,12485.05,0,0,0,4,2026-05-03 11:40:21,2026-05-03 11:55:21,,LUIS.RAMIREZ
PED-002550,CLI-0156,4269.7,0,0,0,2,2026-05-03 07:53:58,,2026-05-04 08:39:58,
PED-002551,CLI-0007,45613.55,1,0,0,2,2026-05-03 18:55:56,,2026-05-04 04:37:56,
PED-002552,CLI-0075,3061.22,1,0,0,1,2026-05-03 19:17:10,2026-05-03 20:48:10,, ivonne.rios 
PED-002553,CLI-0026,14709.22,1,0,0,1,2026-05-03 23:43:49,2026-05-04 00:29:49,,luis_ramirez
PED-002554,CLI-0172,10554.73,0,0,1,1,2026-05-03 20:51:07,2026-05-03 20:58:07,,MONICA.VEGA
PED-002555,CLI-0127,3333.84,0,0,1,1,2026-05-03 00:30:32,2026-05-03 03:32:32,, jorge.salinas 
PED-002556,CLI-0133,7228.78,1,0,0,4,2026-05-03 07:38:53,2026-05-03 15:44:53,, monica.vega 
PED-002557,CLI-0004,2640.04,0,0,1,1,2026-05-03 13:56:36,2026-05-03 13:59:36,,monica_vega
PED-002558,CLI-0027,7069.81,0,1,0,0,2026-05-04 15:07:01,,,
PED-002559,CLI-0134,13331.21,0,0,1,1,2026-05-04 08:59:07,2026-05-04 14:10:07,,LUIS.RAMIREZ
PED-002560,CLI-0072,11809.16,1,0,0,2,2026-05-04 09:10:52,,2026-05-04 15:14:52,
PED-002561,CLI-0158,12091.04,1,0,0,1,2026-05-04 18:58:15,2026-05-04 19:17:15,,karla_mendez
PED-002562,CLI-0049,1832.91,0,1,0,1,2026-05-04 12:24:31,2026-05-04 21:10:31,, karla.mendez 
PED-002563,CLI-0106,1060.14,0,0,1,1,2026-05-04 03:20:47,2026-05-04 06:18:47,,monica_vega
PED-002564,CLI-0164,496.77,0,0,1,1,2026-05-04 01:36:57,2026-05-04 03:28:57,,HECTOR.PAREDES
PED-002565,CLI-0125,3592.36,0,0,1,1,2026-05-04 01:02:05,2026-05-04 01:53:05,,ivonne_rios
PED-002566,CLI-0032,6061.81,0,0,0,1,2026-05-04 20:43:27,2026-05-04 22:17:27,,sergio_nunez
PED-002567,CLI-0040,468.59,0,0,1,1,2026-05-04 18:02:59,2026-05-04 18:46:59,,diego_castillo
PED-002568,CLI-0075,11976.8,0,0,1,1,2026-05-04 01:13:40,2026-05-04 05:42:40,,hector.paredes
PED-002569,CLI-0099,7106.33,0,1,0,1,2026-05-04 08:24:07,2026-05-04 10:28:07,,jorge.salinas
PED-002570,CLI-0126,7123.43,0,0,1,1,2026-05-04 14:23:10,2026-05-04 16:11:10,,DIEGO.CASTILLO
PED-002571,CLI-0087,5424.92,0,1,0,1,2026-05-04 07:31:57,2026-05-04 10:00:57,,karla_mendez
PED-002572,CLI-0131,11543.24,0,0,0,1,2026-05-04 23:45:09,2026-05-05 02:55:09,, luis.ramirez 
PED-002573,CLI-0079,3815.77,0,0,0,0,2026-05-04 09:57:09,,,
PED-002574,CLI-0164,3848.9,1,0,0,2,2026-05-04 20:57:19,,2026-05-05 03:21:19,
PED-002575,CLI-0016,1408.11,0,1,0,2,2026-05-04 17:48:14,,2026-05-05 05:52:14,
PED-002576,CLI-0100,13424.89,0,1,0,1,2026-05-05 13:06:39,2026-05-05 17:00:39,,LUIS.RAMIREZ
PED-002577,CLI-0106,32979.86,0,1,0,2,2026-05-05 04:04:03,,2026-05-05 08:45:03,
PED-002578,CLI-0064,2922.24,0,0,1,3,2026-05-05 03:28:25,,,
PED-002579,CLI-0138,6709.54,0,0,1,0,2026-05-05 18:17:52,,,
PED-002580,CLI-0197,11901.87,0,0,1,2,2026-05-05 09:26:44,,2026-05-06 00:06:44,
PED-002581,CLI-0032,2348.98,0,1,0,1,2026-05-05 22:04:46,2026-05-05 22:29:46,,PAOLA.HERRERA
PED-002582,CLI-0113,6891.97,0,0,1,2,2026-05-05 11:34:30,,2026-05-05 15:30:30,
PED-002583,CLI-0115,8289.88,0,1,0,1,2026-05-05 09:47:19,2026-05-05 17:23:19,,monica.vega
PED-002584,CLI-0043,14067.75,0,0,1,1,2026-05-05 06:20:57,2026-05-05 10:23:57,,paola.herrera
PED-002585,CLI-0186,22272.57,0,0,0,1,2026-05-05 21:19:50,2026-05-05 22:47:50,,luis_ramirez
PED-002586,CLI-0033,13376.82,0,1,0,1,2026-05-05 19:35:17,2026-05-06 07:33:17,, ivonne.rios 
PED-002587,CLI-0143,3285.44,0,0,1,4,2026-05-05 11:55:06,2026-05-05 14:30:06,,monica_vega
PED-002588,CLI-0165,5401.69,0,1,0,1,2026-05-05 03:58:40,2026-05-05 04:03:40,, sergio.nunez 
PED-002589,CLI-0061,7119.95,0,1,0,1,2026-05-05 12:12:24,2026-05-05 12:54:24,, paola.herrera 
PED-002590,CLI-0021,7161.77,0,1,0,1,2026-05-05 18:23:56,2026-05-05 18:54:56,, karla.mendez 
PED-002591,CLI-0160,8919.85,1,0,0,1,2026-05-05 09:08:08,2026-05-05 12:06:08,,paola_herrera
PED-002592,CLI-0153,1929.2,0,0,1,2,2026-05-06 18:53:19,,2026-05-06 21:37:19,
PED-002593,CLI-0115,19793.56,0,0,1,4,2026-05-06 15:02:08,2026-05-06 15:53:08,,ANA.TORRES
PED-002594,CLI-0138,8238.2,0,0,0,4,2026-05-06 14:38:28,2026-05-06 19:49:28,, monica.vega 
PED-002595,CLI-0008,10765.18,0,0,1,1,2026-05-06 22:27:17,2026-05-06 22:40:17,,monica.vega
PED-002596,CLI-0018,5765.36,0,1,0,1,2026-05-06 07:20:34,2026-05-06 09:53:34,,karla.mendez
PED-002597,CLI-0154,13359.48,0,0,1,1,2026-05-06 19:25:16,2026-05-06 20:13:16,,LUIS.RAMIREZ
PED-002598,CLI-0107,12642.78,0,0,0,1,2026-05-06 17:42:15,2026-05-06 17:47:15,,HECTOR.PAREDES
PED-002599,CLI-0054,13069.5,0,0,1,2,2026-05-06 23:23:11,,2026-05-07 01:54:11,
PED-002600,CLI-0151,26298.31,0,1,0,1,2026-05-06 15:46:31,2026-05-06 21:32:31,,sergio.nunez
PED-002601,CLI-0138,5003.52,0,0,1,1,2026-05-06 01:20:24,2026-05-06 02:42:24,,karla_mendez
PED-002602,CLI-0148,28236.14,1,0,0,3,2026-05-06 09:24:26,,,
PED-002603,CLI-0123,16105.71,0,0,0,1,2026-05-07 11:14:13,2026-05-07 12:21:13,,LUIS.RAMIREZ
PED-002604,CLI-0119,19272.65,0,1,0,1,2026-05-07 21:54:28,2026-05-08 09:26:28,,SERGIO.NUNEZ
PED-002605,CLI-0196,14915.32,0,0,0,2,2026-05-07 08:15:29,,2026-05-07 14:40:29,
PED-002606,CLI-0046,26587.27,0,0,1,2,2026-05-07 00:58:13,,2026-05-07 06:58:13,
PED-002607,CLI-0029,26144.5,0,0,1,2,2026-05-07 19:27:44,,2026-05-07 22:38:44,
PED-002608,CLI-0184,2077.33,0,1,0,2,2026-05-07 11:16:34,,2026-05-08 08:37:34,
PED-002609,CLI-0153,6275.83,0,0,1,1,2026-05-07 01:59:24,2026-05-07 05:26:24,,sergio.nunez
PED-002610,CLI-0150,30337.92,0,0,1,1,2026-05-07 06:36:35,2026-05-07 06:44:35,, ivonne.rios 
PED-002611,CLI-0117,9510.21,1,0,0,1,2026-05-07 16:16:21,2026-05-07 17:14:21,, hector.paredes 
PED-002612,CLI-0022,2100.22,0,1,0,2,2026-05-07 05:21:14,,2026-05-07 15:58:14,
PED-002613,CLI-0190,2985.66,0,1,0,1,2026-05-07 19:16:59,2026-05-07 19:19:59,,JORGE.SALINAS
PED-002614,CLI-0192,10344.52,0,1,0,1,2026-05-07 14:29:41,2026-05-07 16:02:41,,KARLA.MENDEZ
PED-002615,CLI-0012,1773.33,1,0,0,1,2026-05-07 08:50:50,2026-05-07 10:09:50,, luis.ramirez 
PED-002616,CLI-0097,11311.61,0,1,0,1,2026-05-07 19:30:54,2026-05-08 07:43:54,,hector.paredes
PED-002617,CLI-0025,4249.26,0,1,0,4,2026-05-07 12:37:25,2026-05-07 22:16:25,,jorge_salinas
PED-002618,CLI-0183,17114.46,0,0,1,2,2026-05-07 00:17:50,,2026-05-07 00:45:50,
PED-002619,CLI-0113,1336.67,0,1,0,2,2026-05-07 22:08:17,,2026-05-08 20:42:17,
PED-002620,CLI-0029,824.41,0,0,1,4,2026-05-07 01:29:53,2026-05-07 04:55:53,,luis_ramirez
PED-002621,CLI-0140,1333.47,0,0,0,2,2026-05-07 06:02:36,,2026-05-08 06:59:36,
PED-002622,CLI-0041,9077.5,0,0,1,1,2026-05-08 01:24:25,2026-05-08 02:36:25,,DIEGO.CASTILLO
PED-002623,CLI-0186,12851.24,0,0,1,3,2026-05-08 09:54:42,,,
PED-002624,CLI-0066,4758.5,0,1,0,4,2026-05-08 01:43:07,2026-05-08 03:15:07,, ivonne.rios 
PED-002625,CLI-0082,21616.28,0,0,0,1,2026-05-08 08:42:33,2026-05-08 10:21:33,,luis_ramirez
PED-002626,CLI-0073,1707.21,1,0,0,1,2026-05-08 22:32:00,2026-05-09 02:07:00,, ana.torres 
PED-002627,CLI-0104,4922.4,0,0,0,1,2026-05-08 15:17:36,2026-05-08 17:43:36,,hector.paredes
PED-002628,CLI-0149,6333.08,0,0,0,1,2026-05-08 04:40:01,2026-05-08 07:03:01,,ANA.TORRES
PED-002629,CLI-0173,14607.87,0,0,0,1,2026-05-08 06:59:59,2026-05-08 11:00:59,,DIEGO.CASTILLO
PED-002630,CLI-0117,727.8,0,1,0,1,2026-05-08 23:00:10,2026-05-09 01:51:10,, ana.torres 
PED-002631,CLI-0084,3813.24,0,0,1,4,2026-05-08 04:59:02,2026-05-08 05:23:02,,sergio_nunez
PED-002632,CLI-0198,2190.58,1,0,0,1,2026-05-08 16:33:43,2026-05-08 20:07:43,,hector_paredes
PED-002633,CLI-0188,9446.9,0,0,1,1,2026-05-08 03:59:13,2026-05-08 04:00:13,,HECTOR.PAREDES
PED-002634,CLI-0189,7369.77,0,0,1,2,2026-05-08 20:38:16,,2026-05-08 22:02:16,
PED-002635,CLI-0038,2132.66,0,1,0,2,2026-05-08 01:46:16,,2026-05-08 02:47:16,
PED-002636,CLI-0106,8604.97,0,0,1,2,2026-05-08 02:30:31,,2026-05-08 18:28:31,
PED-002637,CLI-0075,23732.34,0,0,1,2,2026-05-08 01:03:02,,2026-05-08 02:02:02,
PED-002638,CLI-0184,45891.87,0,0,1,1,2026-05-08 14:19:08,2026-05-08 20:11:08,,MONICA.VEGA
PED-002639,CLI-0144,4498.19,1,0,0,1,2026-05-08 03:42:04,2026-05-08 04:17:04,,diego.castillo
PED-002640,CLI-0071,3250.11,1,0,0,1,2026-05-09 18:21:45,2026-05-09 21:02:45,,karla_mendez
PED-002641,CLI-0075,8674.89,0,0,1,2,2026-05-09 19:25:07,,2026-05-11 16:04:07,
PED-002642,CLI-0006,8684.99,1,0,0,2,2026-05-09 22:06:51,,2026-05-09 23:37:51,
PED-002643,CLI-0111,11981.74,0,1,0,3,2026-05-09 13:58:16,,,
PED-002644,CLI-0032,3801.97,0,1,0,1,2026-05-09 07:08:12,2026-05-09 08:00:12,,luis_ramirez
PED-002645,CLI-0114,5923.68,0,0,1,2,2026-05-09 14:09:13,,2026-05-10 02:32:13,
PED-002646,CLI-0180,6245.91,0,1,0,4,2026-05-09 06:23:02,2026-05-09 10:10:02,, ana.torres 
PED-002647,CLI-0175,7150.87,1,0,0,2,2026-05-09 07:44:17,,2026-05-09 18:03:17,
PED-002648,CLI-0017,5202.22,0,0,1,1,2026-05-09 23:12:08,2026-05-10 13:10:08,,hector.paredes
PED-002649,CLI-0058,12453.85,0,0,1,1,2026-05-09 18:15:00,2026-05-09 20:15:00,,sergio.nunez
PED-002650,CLI-0169,3855.2,0,0,0,1,2026-05-09 00:31:52,2026-05-09 06:19:52,, diego.castillo 
PED-002651,CLI-0002,1399.81,0,0,1,1,2026-05-09 18:03:36,2026-05-09 19:41:36,,DIEGO.CASTILLO
PED-002652,CLI-0122,6144.02,0,0,1,2,2026-05-09 05:05:10,,2026-05-09 08:45:10,
PED-002653,CLI-0017,7637.23,0,0,1,2,2026-05-09 16:53:44,,2026-05-10 04:07:44,
PED-002654,CLI-0099,1157.23,0,0,0,1,2026-05-09 04:12:40,2026-05-09 09:45:40,,IVONNE.RIOS
PED-002655,CLI-0116,2144.31,0,1,0,1,2026-05-09 21:40:18,2026-05-09 22:45:18,,JORGE.SALINAS
PED-002656,CLI-0112,7316.17,0,0,1,2,2026-05-09 19:18:10,,2026-05-09 23:43:10,
PED-002657,CLI-0125,17193.05,0,1,0,1,2026-05-09 05:00:41,2026-05-09 06:10:41,, ana.torres 
PED-002658,CLI-0196,7328.33,0,0,1,4,2026-05-09 11:25:02,2026-05-09 13:44:02,,JORGE.SALINAS
PED-002659,CLI-0106,1849.89,0,0,1,1,2026-05-09 00:22:13,2026-05-09 06:28:13,,HECTOR.PAREDES
PED-002660,CLI-0086,2007.76,0,0,0,1,2026-05-09 16:36:28,2026-05-09 17:55:28,,LUIS.RAMIREZ
PED-002661,CLI-0092,3745.75,0,0,1,1,2026-05-09 06:11:36,2026-05-09 08:19:36,,karla_mendez
PED-002662,CLI-0183,11486.26,0,0,1,2,2026-05-09 20:35:47,,2026-05-10 11:37:47,
PED-002663,CLI-0142,11841.74,0,0,1,2,2026-05-09 00:14:59,,2026-05-09 04:17:59,
PED-002664,CLI-0004,13619.63,1,0,0,1,2026-05-09 09:10:47,2026-05-09 10:49:47,,ivonne.rios
PED-002665,CLI-0102,3386.56,0,0,1,4,2026-05-09 22:14:35,2026-05-09 22:42:35,,hector.paredes
PED-002666,CLI-0076,17682.48,0,0,1,2,2026-05-10 06:48:51,,2026-05-10 07:17:51,
PED-002667,CLI-0114,4823.49,0,0,0,1,2026-05-10 07:52:42,2026-05-10 09:46:42,, ivonne.rios 
PED-002668,CLI-0092,5011.97,0,1,0,1,2026-05-10 21:15:36,2026-05-11 03:54:36,, karla.mendez 
PED-002669,CLI-0123,6734.69,0,0,1,1,2026-05-10 20:36:18,2026-05-10 21:22:18,,ana.torres
PED-002670,CLI-0117,51297.01,0,1,0,2,2026-05-10 21:41:57,,2026-05-11 01:36:57,
PED-002671,CLI-0009,2607.49,0,0,1,2,2026-05-10 04:44:30,,2026-05-10 05:42:30,
PED-002672,CLI-0089,2415.53,0,0,1,1,2026-05-10 13:17:10,2026-05-10 17:55:10,,HECTOR.PAREDES
PED-002673,CLI-0100,9595.25,0,0,1,2,2026-05-10 20:51:28,,2026-05-11 21:58:28,
PED-002674,CLI-0161,8516.11,0,1,0,1,2026-05-10 17:01:55,2026-05-10 19:07:55,, sergio.nunez 
PED-002675,CLI-0110,8072.85,1,0,0,1,2026-05-10 00:46:01,2026-05-10 09:51:01,, ana.torres 
PED-002676,CLI-0113,2395.12,0,0,1,2,2026-05-10 15:21:18,,2026-05-10 15:22:18,
PED-002677,CLI-0170,30297.24,1,0,0,2,2026-05-10 11:44:21,,2026-05-10 23:27:21,
PED-002678,CLI-0066,5913.72,0,0,1,1,2026-05-10 00:52:06,2026-05-10 01:44:06,,paola_herrera
PED-002679,CLI-0132,11606.96,1,0,0,1,2026-05-10 22:21:02,2026-05-10 22:31:02,,sergio_nunez
PED-002680,CLI-0128,2465.78,1,0,0,1,2026-05-10 01:19:55,2026-05-10 04:27:55,,LUIS.RAMIREZ
PED-002681,CLI-0117,6885.12,0,0,0,1,2026-05-10 17:53:27,2026-05-10 18:02:27,, ana.torres 
PED-002682,CLI-0168,12185.06,0,0,1,1,2026-05-10 11:49:05,2026-05-10 12:17:05,,luis.ramirez
PED-002683,CLI-0125,4820.25,0,0,1,1,2026-05-10 08:29:27,2026-05-10 09:55:27,,paola_herrera
PED-002684,CLI-0070,573.77,0,0,1,1,2026-05-10 19:46:00,2026-05-10 20:36:00,, ivonne.rios 
PED-002685,CLI-0148,2338.28,0,0,0,1,2026-05-10 02:33:26,2026-05-10 20:27:26,,ana.torres
PED-002686,CLI-0020,4904.24,1,0,0,3,2026-05-11 13:53:44,,,
PED-002687,CLI-0043,4345.16,0,1,0,1,2026-05-11 19:08:51,2026-05-11 21:24:51,, monica.vega 
PED-002688,CLI-0149,46795.08,0,1,0,1,2026-05-11 11:52:09,2026-05-11 14:02:09,,karla.mendez
PED-002689,CLI-0122,8398.86,0,1,0,1,2026-05-11 23:24:35,2026-05-12 00:29:35,,DIEGO.CASTILLO
PED-002690,CLI-0148,4868.88,0,1,0,1,2026-05-11 07:03:49,2026-05-11 09:12:49,, ana.torres 
PED-002691,CLI-0157,5859.36,0,0,1,1,2026-05-11 07:07:28,2026-05-11 09:35:28,, sergio.nunez 
PED-002692,CLI-0069,2421.6,0,1,0,1,2026-05-11 01:31:02,2026-05-11 07:07:02,,karla_mendez
PED-002693,CLI-0043,10728.51,0,0,1,1,2026-05-11 06:11:06,2026-05-11 11:45:06,, monica.vega 
PED-002694,CLI-0075,4455.32,0,1,0,1,2026-05-11 15:07:19,2026-05-11 15:07:19,, jorge.salinas 
PED-002695,CLI-0081,1044.78,0,1,0,1,2026-05-11 20:58:12,2026-05-11 23:41:12,,paola_herrera
PED-002696,CLI-0038,18396.89,0,0,1,1,2026-05-11 19:07:04,2026-05-12 07:32:04,,IVONNE.RIOS
PED-002697,CLI-0153,19824.77,1,0,0,1,2026-05-11 23:06:40,2026-05-12 02:40:40,,LUIS.RAMIREZ
PED-002698,CLI-0039,2940.55,0,0,1,1,2026-05-11 02:06:34,2026-05-11 04:00:34,,luis_ramirez
PED-002699,CLI-0081,4272.55,0,0,1,1,2026-05-11 12:41:22,2026-05-11 14:03:22,,diego.castillo
PED-002700,CLI-0019,6288.13,0,0,0,1,2026-05-11 16:14:25,2026-05-11 22:09:25,,ana_torres
PED-002701,CLI-0027,18891.46,0,1,0,1,2026-05-11 02:12:19,2026-05-11 02:14:19,,ivonne_rios
PED-002702,CLI-0095,11332.73,0,0,1,2,2026-05-11 22:25:03,,2026-05-12 01:51:03,
PED-002703,CLI-0039,4185.7,1,0,0,1,2026-05-11 00:25:59,2026-05-11 03:26:59,,DIEGO.CASTILLO
PED-002704,CLI-0081,2696.44,0,0,1,0,2026-05-11 20:37:58,,,
PED-002705,CLI-0112,14475.76,0,0,1,1,2026-05-12 13:14:08,2026-05-12 15:31:08,,diego_castillo
PED-002706,CLI-0109,8456.34,0,0,1,1,2026-05-12 04:33:35,2026-05-12 07:44:35,,jorge.salinas
PED-002707,CLI-0026,1347.54,0,0,1,1,2026-05-12 07:47:15,2026-05-12 10:14:15,,luis_ramirez
PED-002708,CLI-0070,2344.9,0,0,1,1,2026-05-12 14:52:20,2026-05-12 23:38:20,, paola.herrera 
PED-002709,CLI-0039,6601.71,0,0,1,1,2026-05-12 01:18:53,2026-05-12 01:39:53,,hector_paredes
PED-002710,CLI-0192,22786.93,0,0,0,1,2026-05-12 14:40:56,2026-05-13 03:36:56,,MONICA.VEGA
PED-002711,CLI-0112,2150.59,1,0,0,2,2026-05-12 19:41:52,,2026-05-12 20:29:52,
PED-002712,CLI-0033,6714.24,0,0,0,1,2026-05-12 11:20:07,2026-05-12 14:57:07,,luis_ramirez
PED-002713,CLI-0103,2442.64,0,0,1,2,2026-05-12 10:39:56,,2026-05-12 10:45:56,
PED-002714,CLI-0119,15151.71,0,0,1,1,2026-05-12 18:09:50,2026-05-13 06:38:50,,sergio.nunez
PED-002715,CLI-0148,21748.17,0,0,1,1,2026-05-12 01:02:56,2026-05-12 02:28:56,,karla_mendez
PED-002716,CLI-0118,2360.95,0,0,1,1,2026-05-12 18:43:25,2026-05-12 23:35:25,, karla.mendez 
PED-002717,CLI-0118,53732.22,0,0,1,1,2026-05-12 10:43:54,2026-05-12 15:02:54,,JORGE.SALINAS
PED-002718,CLI-0121,3885.23,0,0,0,1,2026-05-12 03:27:34,2026-05-12 07:35:34,,diego_castillo
PED-002719,CLI-0004,2376.15,0,0,1,1,2026-05-12 11:01:24,2026-05-12 11:02:24,, karla.mendez 
PED-002720,CLI-0145,8754.35,0,1,0,1,2026-05-12 20:32:09,2026-05-12 21:05:09,,diego.castillo
PED-002721,CLI-0081,10499.46,0,0,0,1,2026-05-12 00:33:50,2026-05-12 12:43:50,,sergio.nunez
PED-002722,CLI-0103,1918.9,1,0,0,1,2026-05-13 07:09:45,2026-05-13 13:25:45,,ivonne.rios
PED-002723,CLI-0141,2102.81,0,1,0,4,2026-05-13 08:53:19,2026-05-13 09:22:19,,monica_vega
PED-002724,CLI-0193,5558.26,0,0,1,1,2026-05-13 22:46:13,2026-05-14 03:43:13,,SERGIO.NUNEZ
PED-002725,CLI-0092,2075.24,0,0,1,2,2026-05-13 00:09:02,,2026-05-13 03:09:02,
PED-002726,CLI-0036,84286.8,0,0,0,1,2026-05-13 08:20:27,2026-05-13 09:19:27,, hector.paredes 
PED-002727,CLI-0148,7424.21,0,0,0,1,2026-05-13 15:25:34,2026-05-13 20:16:34,,luis_ramirez
PED-002728,CLI-0081,1167.48,0,1,0,2,2026-05-13 07:37:06,,2026-05-13 08:18:06,
PED-002729,CLI-0082,15661.61,1,0,0,2,2026-05-13 11:50:09,,2026-05-13 15:35:09,
PED-002730,CLI-0007,5093.5,0,1,0,2,2026-05-13 00:57:52,,2026-05-13 05:25:52,
PED-002731,CLI-0111,3304.28,0,0,1,1,2026-05-13 14:04:46,2026-05-13 14:41:46,,luis_ramirez
PED-002732,CLI-0085,19101.55,0,1,0,2,2026-05-13 16:58:49,,2026-05-13 17:14:49,
PED-002733,CLI-0179,736.66,0,0,1,1,2026-05-13 05:39:33,2026-05-13 07:27:33,, diego.castillo 
PED-002734,CLI-0167,17718.44,0,1,0,1,2026-05-13 03:52:58,2026-05-13 05:58:58,, hector.paredes 
PED-002735,CLI-0103,14017.88,0,0,1,1,2026-05-13 19:42:33,2026-05-14 04:12:33,,ivonne_rios
PED-002736,CLI-0086,4029.37,0,0,1,1,2026-05-13 06:22:43,2026-05-14 03:57:43,,jorge_salinas
PED-002737,CLI-0035,3146.53,0,0,0,2,2026-05-13 09:05:55,,2026-05-13 19:34:55,
PED-002738,CLI-0167,4988.05,0,0,0,1,2026-05-13 16:34:47,2026-05-13 17:08:47,,sergio_nunez
PED-002739,CLI-0040,7536.91,0,0,1,1,2026-05-13 00:08:15,2026-05-13 03:46:15,,monica.vega
PED-002740,CLI-0101,6871.36,0,1,0,1,2026-05-13 11:07:54,2026-05-13 14:22:54,,IVONNE.RIOS
PED-002741,CLI-0167,6612.32,0,0,1,4,2026-05-13 14:31:27,2026-05-13 18:10:27,,monica.vega
PED-002742,CLI-0158,27867.11,0,1,0,1,2026-05-13 13:49:44,2026-05-13 19:05:44,,paola_herrera
PED-002743,CLI-0106,8423.69,0,0,1,1,2026-05-13 23:26:28,2026-05-14 00:47:28,,sergio.nunez
PED-002744,CLI-0128,1372.17,0,0,1,2,2026-05-13 00:28:25,,2026-05-13 05:24:25,
PED-002745,CLI-0164,885.23,0,1,0,4,2026-05-13 03:55:09,2026-05-13 07:16:09,,sergio_nunez
PED-002746,CLI-0137,25166.75,0,0,0,1,2026-05-13 01:28:59,2026-05-13 02:38:59,,DIEGO.CASTILLO
PED-002747,CLI-0019,9072.4,0,0,0,4,2026-05-13 03:33:14,2026-05-13 04:09:14,,hector_paredes
PED-002748,CLI-0108,34721.42,0,0,1,4,2026-05-13 14:55:54,2026-05-13 18:28:54,,hector.paredes
PED-002749,CLI-0076,3354.53,0,1,0,1,2026-05-13 16:17:20,2026-05-13 23:47:20,,JORGE.SALINAS
PED-002750,CLI-0193,1210.77,0,0,1,2,2026-05-14 19:20:07,,2026-05-16 00:18:07,
PED-002751,CLI-0194,3537.1,1,0,0,1,2026-05-14 03:13:32,2026-05-14 05:44:32,, luis.ramirez 
PED-002752,CLI-0186,5224.6,0,0,1,1,2026-05-14 15:13:37,2026-05-14 22:34:37,,sergio_nunez
PED-002753,CLI-0101,1060.91,0,0,1,1,2026-05-14 03:27:02,2026-05-14 07:04:02,,sergio.nunez
PED-002754,CLI-0119,21650.14,0,0,1,2,2026-05-14 02:12:58,,2026-05-14 21:05:58,
PED-002755,CLI-0127,9052.32,0,0,0,1,2026-05-14 16:23:37,2026-05-15 00:55:37,,PAOLA.HERRERA
PED-002756,CLI-0083,1678.07,0,0,1,3,2026-05-14 04:38:12,,,
PED-002757,CLI-0106,3593.94,0,0,1,1,2026-05-14 19:08:39,2026-05-14 22:24:39,,paola.herrera
PED-002758,CLI-0003,3063.51,0,0,1,2,2026-05-14 03:47:05,,2026-05-14 15:00:05,
PED-002759,CLI-0108,5054.08,0,0,1,0,2026-05-14 01:14:16,,,
PED-002760,CLI-0188,11926.12,0,0,1,1,2026-05-14 23:46:28,2026-05-15 04:14:28,,ana.torres
PED-002761,CLI-0087,7383.97,0,1,0,1,2026-05-14 09:58:23,2026-05-14 12:25:23,,monica.vega
PED-002762,CLI-0125,6719.47,0,1,0,1,2026-05-14 20:18:53,2026-05-14 22:17:53,,HECTOR.PAREDES
PED-002763,CLI-0175,6105.23,0,0,0,1,2026-05-14 10:59:59,2026-05-14 14:12:59,, ivonne.rios 
PED-002764,CLI-0197,3786.96,0,1,0,2,2026-05-14 15:43:59,,2026-05-15 06:39:59,
PED-002765,CLI-0001,7593.0,0,0,1,1,2026-05-14 17:17:32,2026-05-14 22:38:32,,jorge.salinas
PED-002766,CLI-0119,5378.05,0,0,1,1,2026-05-14 15:29:22,2026-05-14 17:05:22,,monica.vega
PED-002767,CLI-0063,1965.51,0,0,1,0,2026-05-14 08:48:58,,,
PED-002768,CLI-0153,7313.92,0,0,0,1,2026-05-15 15:08:23,2026-05-15 15:31:23,,SERGIO.NUNEZ
PED-002769,CLI-0080,2989.58,0,0,1,1,2026-05-15 01:10:45,2026-05-15 16:46:45,, paola.herrera 
PED-002770,CLI-0170,1502.26,0,0,0,1,2026-05-15 20:20:03,2026-05-16 00:47:03,, diego.castillo 
PED-002771,CLI-0195,16051.39,0,0,1,1,2026-05-15 13:53:13,2026-05-15 16:17:13,,diego_castillo
PED-002772,CLI-0174,4891.62,0,0,1,1,2026-05-15 23:05:11,2026-05-16 04:56:11,, hector.paredes 
PED-002773,CLI-0025,11258.2,0,0,0,4,2026-05-15 22:31:40,2026-05-16 02:11:40,, ana.torres 
PED-002774,CLI-0108,3683.67,0,1,0,2,2026-05-15 22:27:58,,2026-05-15 23:43:58,
PED-002775,CLI-0088,968.78,0,0,1,1,2026-05-15 05:45:15,2026-05-15 06:27:15,,hector.paredes
PED-002776,CLI-0165,4461.27,1,0,0,2,2026-05-15 20:05:28,,2026-05-16 17:11:28,
PED-002777,CLI-0146,4173.63,0,0,1,2,2026-05-16 14:57:12,,2026-05-16 16:06:12,
PED-002778,CLI-0162,1179.54,0,0,0,1,2026-05-16 21:30:01,2026-05-16 23:45:01,,SERGIO.NUNEZ
PED-002779,CLI-0098,8131.01,0,0,1,2,2026-05-16 20:44:03,,2026-05-17 09:13:03,
PED-002780,CLI-0178,7842.27,0,1,0,1,2026-05-16 18:19:50,2026-05-16 20:23:50,, hector.paredes 
PED-002781,CLI-0082,4672.09,1,0,0,1,2026-05-16 18:41:43,2026-05-16 23:33:43,,JORGE.SALINAS
PED-002782,CLI-0131,3225.29,0,1,0,1,2026-05-16 17:49:29,2026-05-16 19:54:29,,karla.mendez
PED-002783,CLI-0120,6315.59,0,0,1,1,2026-05-16 07:30:30,2026-05-16 10:08:30,,jorge_salinas
PED-002784,CLI-0012,8801.55,0,0,0,1,2026-05-16 12:36:15,2026-05-16 12:52:15,,SERGIO.NUNEZ
PED-002785,CLI-0102,1410.13,0,0,1,1,2026-05-16 02:19:45,2026-05-16 04:51:45,,LUIS.RAMIREZ
PED-002786,CLI-0108,8064.4,0,1,0,1,2026-05-16 18:04:19,2026-05-17 01:58:19,,DIEGO.CASTILLO
PED-002787,CLI-0002,11335.77,0,0,1,3,2026-05-16 05:35:22,,,
PED-002788,CLI-0100,2877.59,0,0,0,1,2026-05-16 08:41:32,2026-05-16 11:32:32,,jorge.salinas
PED-002789,CLI-0017,7270.89,1,0,0,2,2026-05-16 07:33:34,,2026-05-16 19:34:34,
PED-002790,CLI-0069,1554.04,0,0,0,1,2026-05-16 05:25:39,2026-05-16 05:34:39,,ivonne_rios
PED-002791,CLI-0061,20908.79,1,0,0,0,2026-05-16 18:17:54,,,
PED-002792,CLI-0158,10126.03,1,0,0,2,2026-05-16 17:46:20,,2026-05-17 09:18:20,
PED-002793,CLI-0004,1836.16,0,0,0,2,2026-05-16 18:50:30,,2026-05-17 01:20:30,
PED-002794,CLI-0148,11645.95,1,0,0,2,2026-05-16 04:33:33,,2026-05-16 11:53:33,
PED-002795,CLI-0007,1081.89,0,0,1,2,2026-05-16 10:29:52,,2026-05-17 05:19:52,
PED-002796,CLI-0081,4592.29,0,0,1,2,2026-05-16 05:24:57,,2026-05-16 07:51:57,
PED-002797,CLI-0187,9295.25,0,0,1,1,2026-05-16 11:00:03,2026-05-16 11:34:03,,luis.ramirez
PED-002798,CLI-0014,3797.95,0,0,1,1,2026-05-16 12:14:02,2026-05-16 12:19:02,, karla.mendez 
PED-002799,CLI-0003,8810.36,1,0,0,1,2026-05-16 22:13:16,2026-05-16 22:43:16,,luis_ramirez
PED-002800,CLI-0154,8460.92,0,0,0,1,2026-05-16 00:29:22,2026-05-16 00:50:22,,ivonne_rios
PED-002801,CLI-0135,7865.25,0,0,0,1,2026-05-16 14:26:30,2026-05-16 16:45:30,,karla.mendez
PED-002802,CLI-0029,887.95,0,0,0,2,2026-05-16 17:22:47,,2026-05-16 18:14:47,
PED-002803,CLI-0157,2373.96,0,0,1,1,2026-05-16 19:13:56,2026-05-17 00:20:56,,JORGE.SALINAS
PED-002804,CLI-0006,6355.25,0,1,0,1,2026-05-16 11:16:14,2026-05-16 15:44:14,,monica.vega
PED-002805,CLI-0094,2699.67,0,1,0,2,2026-05-17 05:12:07,,2026-05-17 09:38:07,
PED-002806,CLI-0109,7454.28,0,0,0,1,2026-05-17 03:06:21,2026-05-17 03:20:21,,DIEGO.CASTILLO
PED-002807,CLI-0148,775.76,0,0,1,1,2026-05-17 20:58:29,2026-05-18 00:09:29,,IVONNE.RIOS
PED-002808,CLI-0076,1892.87,0,1,0,1,2026-05-17 15:30:47,2026-05-17 19:32:47,,sergio.nunez
PED-002809,CLI-0033,2312.83,0,1,0,3,2026-05-17 08:36:01,,,
PED-002810,CLI-0036,3785.45,0,0,1,1,2026-05-17 09:40:34,2026-05-17 16:40:34,,jorge.salinas
PED-002811,CLI-0093,1903.24,0,0,1,1,2026-05-17 20:49:19,2026-05-18 10:32:19,,LUIS.RAMIREZ
PED-002812,CLI-0182,7858.04,0,0,1,1,2026-05-17 08:22:26,2026-05-17 10:02:26,,IVONNE.RIOS
PED-002813,CLI-0040,4215.05,0,0,0,1,2026-05-17 11:32:30,2026-05-17 15:56:30,,HECTOR.PAREDES
PED-002814,CLI-0026,4951.16,0,0,1,2,2026-05-17 15:25:11,,2026-05-18 07:01:11,
PED-002815,CLI-0065,3823.33,0,0,1,1,2026-05-17 02:32:19,2026-05-17 03:59:19,,MONICA.VEGA
PED-002816,CLI-0071,11732.9,0,0,1,4,2026-05-17 03:27:23,2026-05-17 07:35:23,,karla.mendez
PED-002817,CLI-0132,15716.61,0,1,0,1,2026-05-17 01:08:10,2026-05-17 02:49:10,,ivonne_rios
PED-002818,CLI-0070,18856.07,0,0,1,1,2026-05-17 06:05:34,2026-05-17 11:44:34,,DIEGO.CASTILLO
PED-002819,CLI-0098,14656.14,0,1,0,1,2026-05-17 10:30:10,2026-05-17 11:21:10,, karla.mendez 
PED-002820,CLI-0149,6968.02,0,0,1,2,2026-05-17 00:46:11,,2026-05-17 08:46:11,
PED-002821,CLI-0114,7822.01,0,0,1,1,2026-05-18 07:29:59,2026-05-19 01:24:59,,SERGIO.NUNEZ
PED-002822,CLI-0024,7047.93,0,0,1,1,2026-05-18 21:46:33,2026-05-18 23:55:33,, jorge.salinas 
PED-002823,CLI-0198,2758.06,0,0,1,1,2026-05-18 10:04:34,2026-05-18 17:01:34,,monica_vega
PED-002824,CLI-0086,2779.77,0,0,1,4,2026-05-18 07:21:20,2026-05-18 15:48:20,,ana_torres
PED-002825,CLI-0109,2376.86,0,1,0,2,2026-05-18 08:05:00,,2026-05-18 18:29:00,
PED-002826,CLI-0055,7624.28,0,0,1,1,2026-05-18 15:22:50,2026-05-18 16:41:50,,luis_ramirez
PED-002827,CLI-0044,1236.43,1,0,0,1,2026-05-18 07:36:07,2026-05-18 13:40:07,,JORGE.SALINAS
PED-002828,CLI-0089,21930.83,1,0,0,1,2026-05-18 18:46:30,2026-05-18 20:26:30,,jorge_salinas
PED-002829,CLI-0075,4204.37,0,0,1,1,2026-05-18 08:20:50,2026-05-18 15:54:50,,paola.herrera
PED-002830,CLI-0004,6585.67,0,1,0,1,2026-05-18 20:48:40,2026-05-18 22:33:40,,luis_ramirez
PED-002831,CLI-0006,3231.7,0,1,0,1,2026-05-18 06:25:38,2026-05-18 09:14:38,, karla.mendez 
PED-002832,CLI-0077,13346.88,0,1,0,2,2026-05-18 08:41:16,,2026-05-19 16:44:16,
PED-002833,CLI-0118,5666.91,0,1,0,1,2026-05-18 09:39:07,2026-05-18 12:29:07,,diego_castillo
PED-002834,CLI-0200,3031.65,0,0,1,1,2026-05-18 23:18:58,2026-05-19 00:08:58,,MONICA.VEGA
PED-002835,CLI-0014,11407.84,0,1,0,1,2026-05-18 23:44:05,2026-05-19 05:34:05,,luis.ramirez
PED-002836,CLI-0182,6679.1,0,0,1,1,2026-05-18 04:42:57,2026-05-18 06:58:57,,jorge.salinas
PED-002837,CLI-0078,3008.18,0,0,1,1,2026-05-18 23:11:08,2026-05-18 23:31:08,,sergio_nunez
PED-002838,CLI-0172,2519.98,1,0,0,1,2026-05-18 01:49:33,2026-05-18 02:43:33,,paola_herrera
PED-002839,CLI-0048,12624.69,1,0,0,1,2026-05-18 17:58:38,2026-05-18 20:55:38,, paola.herrera 
PED-002840,CLI-0091,369.22,1,0,0,1,2026-05-18 00:40:21,2026-05-18 01:25:21,,diego_castillo
PED-002841,CLI-0031,1384.48,0,0,1,1,2026-05-18 23:37:23,2026-05-19 04:46:23,,SERGIO.NUNEZ
PED-002842,CLI-0019,3737.56,0,0,1,1,2026-05-18 12:35:19,2026-05-18 18:34:19,,IVONNE.RIOS
PED-002843,CLI-0112,9148.02,0,0,1,2,2026-05-19 06:27:35,,2026-05-19 08:18:35,
PED-002844,CLI-0193,4768.93,0,1,0,1,2026-05-19 18:46:12,2026-05-19 23:18:12,,monica_vega
PED-002845,CLI-0143,1114.3,0,0,0,1,2026-05-19 11:45:15,2026-05-19 12:43:15,, diego.castillo 
PED-002846,CLI-0026,7551.08,0,0,1,1,2026-05-19 12:15:41,2026-05-19 13:35:41,,monica_vega
PED-002847,CLI-0194,10049.94,0,0,1,1,2026-05-19 00:08:27,2026-05-19 00:14:27,,PAOLA.HERRERA
PED-002848,CLI-0162,9252.37,0,0,0,1,2026-05-19 03:59:56,2026-05-19 06:37:56,,ana.torres
PED-002849,CLI-0048,19195.94,1,0,0,2,2026-05-19 00:37:38,,2026-05-19 17:43:38,
PED-002850,CLI-0164,4942.82,0,1,0,2,2026-05-19 01:26:07,,2026-05-19 04:45:07,
PED-002851,CLI-0170,11031.95,0,1,0,1,2026-05-19 04:50:48,2026-05-19 08:02:48,,SERGIO.NUNEZ
PED-002852,CLI-0126,2152.61,0,0,1,2,2026-05-19 14:26:26,,2026-05-19 20:59:26,
PED-002853,CLI-0126,4495.01,0,0,1,1,2026-05-19 17:24:22,2026-05-19 18:17:22,,sergio.nunez
PED-002854,CLI-0136,5426.71,0,1,0,1,2026-05-19 07:46:26,2026-05-19 08:43:26,,ivonne.rios
PED-002855,CLI-0103,23798.03,0,1,0,2,2026-05-19 15:31:42,,2026-05-19 16:18:42,
PED-002856,CLI-0045,1915.58,1,0,0,0,2026-05-19 05:56:33,,,
PED-002857,CLI-0066,6972.11,0,0,1,1,2026-05-19 09:41:05,2026-05-19 09:42:05,, karla.mendez 
PED-002858,CLI-0064,1730.37,0,0,1,1,2026-05-19 22:31:08,2026-05-19 23:03:08,,PAOLA.HERRERA
PED-002859,CLI-0099,4428.98,0,0,0,4,2026-05-19 14:39:21,2026-05-19 15:50:21,, jorge.salinas 
PED-002860,CLI-0158,2066.95,1,0,0,2,2026-05-19 21:48:30,,2026-05-20 10:30:30,
PED-002861,CLI-0118,11155.55,0,0,0,1,2026-05-20 12:17:38,2026-05-20 12:18:38,, paola.herrera 
PED-002862,CLI-0080,1753.33,0,0,1,1,2026-05-20 06:58:45,2026-05-20 08:25:45,,ivonne_rios
PED-002863,CLI-0087,2665.4,0,0,1,2,2026-05-20 11:16:26,,2026-05-20 16:40:26,
PED-002864,CLI-0148,6510.01,1,0,0,2,2026-05-20 10:18:53,,2026-05-20 22:08:53,
PED-002865,CLI-0160,10475.14,1,0,0,3,2026-05-20 16:33:45,,,
PED-002866,CLI-0067,8022.45,1,0,0,1,2026-05-20 17:17:05,2026-05-20 17:50:05,,ANA.TORRES
PED-002867,CLI-0029,7713.58,0,0,1,2,2026-05-20 08:22:31,,2026-05-20 19:59:31,
PED-002868,CLI-0047,1224.93,0,0,0,2,2026-05-20 04:04:17,,2026-05-20 04:26:17,
PED-002869,CLI-0134,2883.99,0,1,0,1,2026-05-20 04:26:25,2026-05-20 08:21:25,,JORGE.SALINAS
PED-002870,CLI-0189,2214.46,0,0,1,1,2026-05-20 00:13:03,2026-05-20 01:49:03,,diego.castillo
PED-002871,CLI-0032,18249.87,0,1,0,1,2026-05-20 01:35:03,2026-05-20 03:24:03,,karla.mendez
PED-002872,CLI-0181,2654.2,0,0,0,1,2026-05-20 20:41:46,2026-05-21 01:52:46,,monica_vega
PED-002873,CLI-0066,5062.4,1,0,0,1,2026-05-20 21:48:23,2026-05-20 23:07:23,,ana_torres
PED-002874,CLI-0074,7565.13,0,1,0,1,2026-05-20 17:44:20,2026-05-20 19:00:20,,paola_herrera
PED-002875,CLI-0086,8584.7,0,1,0,1,2026-05-20 08:03:41,2026-05-20 08:09:41,,diego_castillo
PED-002876,CLI-0009,3935.14,0,0,0,1,2026-05-20 17:14:46,2026-05-20 19:34:46,,KARLA.MENDEZ
PED-002877,CLI-0032,5024.42,0,0,0,1,2026-05-20 12:46:55,2026-05-20 14:32:55,, diego.castillo 
PED-002878,CLI-0141,2544.08,1,0,0,1,2026-05-20 08:39:22,2026-05-20 10:26:22,,sergio_nunez
PED-002879,CLI-0185,4499.33,0,1,0,1,2026-05-20 10:39:36,2026-05-20 13:21:36,,paola.herrera
PED-002880,CLI-0153,1508.64,0,0,1,4,2026-05-20 11:18:51,2026-05-20 11:39:51,,ana_torres
PED-002881,CLI-0090,3079.73,0,0,0,2,2026-05-20 18:53:21,,2026-05-21 11:49:21,
PED-002882,CLI-0184,1677.74,0,0,1,4,2026-05-20 13:41:22,2026-05-20 21:47:22,, jorge.salinas 
PED-002883,CLI-0045,10720.03,0,1,0,1,2026-05-20 22:07:16,2026-05-21 01:23:16,,ANA.TORRES
PED-002884,CLI-0177,10900.48,0,0,1,1,2026-05-21 11:01:43,2026-05-21 12:07:43,,SERGIO.NUNEZ
PED-002885,CLI-0119,9823.53,0,1,0,1,2026-05-21 00:25:24,2026-05-21 03:06:24,,ivonne_rios
PED-002886,CLI-0192,4111.5,0,0,1,1,2026-05-21 22:50:12,2026-05-22 10:55:12,,luis_ramirez
PED-002887,CLI-0197,8133.38,0,0,1,1,2026-05-21 16:53:04,2026-05-21 16:57:04,,ANA.TORRES
PED-002888,CLI-0099,5091.5,0,0,0,3,2026-05-21 01:44:41,,,
PED-002889,CLI-0200,2036.67,0,0,1,2,2026-05-21 17:22:10,,2026-05-21 23:00:10,
PED-002890,CLI-0109,6634.26,0,0,1,1,2026-05-21 00:37:43,2026-05-21 04:00:43,,KARLA.MENDEZ
PED-002891,CLI-0003,2288.37,1,0,0,2,2026-05-21 06:01:01,,2026-05-21 18:06:01,
PED-002892,CLI-0181,6697.67,0,0,1,2,2026-05-21 06:49:29,,2026-05-21 13:29:29,
PED-002893,CLI-0169,2546.98,0,1,0,1,2026-05-21 03:57:08,2026-05-21 04:35:08,,ANA.TORRES
PED-002894,CLI-0087,13057.74,0,1,0,1,2026-05-21 22:23:21,2026-05-22 10:54:21,,luis.ramirez
PED-002895,CLI-0014,7152.05,1,0,0,1,2026-05-21 15:29:33,2026-05-21 17:18:33,,SERGIO.NUNEZ
PED-002896,CLI-0025,8437.15,0,1,0,1,2026-05-21 08:02:44,2026-05-21 09:06:44,,ANA.TORRES
PED-002897,CLI-0089,6752.05,0,0,0,3,2026-05-21 09:14:10,,,
PED-002898,CLI-0100,3887.44,0,1,0,1,2026-05-21 02:54:57,2026-05-21 07:44:57,,KARLA.MENDEZ
PED-002899,CLI-0186,10844.18,0,0,1,1,2026-05-21 23:20:30,2026-05-21 23:42:30,,HECTOR.PAREDES
PED-002900,CLI-0023,3939.78,0,0,1,1,2026-05-21 06:30:37,2026-05-21 06:49:37,, sergio.nunez 
PED-002901,CLI-0011,11025.27,1,0,0,4,2026-05-21 09:54:27,2026-05-21 15:06:27,,ANA.TORRES
PED-002902,CLI-0118,11654.53,0,1,0,1,2026-05-21 00:20:27,2026-05-21 01:52:27,,paola.herrera
PED-002903,CLI-0014,7846.26,0,1,0,1,2026-05-21 22:20:11,2026-05-22 00:47:11,,sergio_nunez
PED-002904,CLI-0023,3786.67,0,0,0,2,2026-05-22 08:25:03,,2026-05-22 19:16:03,
PED-002905,CLI-0171,2413.76,0,1,0,1,2026-05-22 21:28:03,2026-05-22 22:03:03,,hector.paredes
PED-002906,CLI-0017,11714.07,0,0,1,1,2026-05-22 09:19:15,2026-05-22 12:48:15,,IVONNE.RIOS
PED-002907,CLI-0137,6111.21,1,0,0,4,2026-05-22 15:33:27,2026-05-22 16:26:27,,hector_paredes
PED-002908,CLI-0087,1527.41,0,0,0,2,2026-05-22 23:24:26,,2026-05-23 05:26:26,
PED-002909,CLI-0074,7799.51,0,0,1,1,2026-05-22 16:48:35,2026-05-22 20:25:35,,LUIS.RAMIREZ
PED-002910,CLI-0117,4715.54,0,1,0,2,2026-05-22 01:58:53,,2026-05-22 05:15:53,
PED-002911,CLI-0024,5086.44,0,0,0,0,2026-05-22 23:07:53,,,
PED-002912,CLI-0137,2806.49,0,0,1,1,2026-05-22 19:05:54,2026-05-23 02:09:54,,luis.ramirez
PED-002913,CLI-0008,5581.67,1,0,0,1,2026-05-22 03:48:46,2026-05-22 09:17:46,,diego_castillo
PED-002914,CLI-0031,5735.21,0,0,1,1,2026-05-22 01:38:05,2026-05-22 04:33:05,,sergio_nunez
PED-002915,CLI-0154,1159.93,0,0,1,0,2026-05-22 01:18:06,,,
PED-002916,CLI-0017,11124.52,0,1,0,1,2026-05-22 19:24:31,2026-05-22 20:31:31,, diego.castillo 
PED-002917,CLI-0122,4122.2,0,0,1,2,2026-05-22 04:59:41,,2026-05-22 06:09:41,
PED-002918,CLI-0164,1517.69,0,0,1,1,2026-05-22 03:32:26,2026-05-22 03:32:26,, sergio.nunez 
PED-002919,CLI-0106,4516.71,0,0,1,1,2026-05-22 00:39:12,2026-05-22 01:52:12,, ana.torres 
PED-002920,CLI-0132,4452.7,0,0,1,1,2026-05-22 18:28:50,2026-05-22 19:37:50,,IVONNE.RIOS
PED-002921,CLI-0155,16570.13,0,0,0,1,2026-05-22 00:01:56,2026-05-22 06:40:56,,ana_torres
PED-002922,CLI-0118,2871.21,0,0,1,1,2026-05-22 20:15:18,2026-05-22 23:57:18,, diego.castillo 
PED-002923,CLI-0045,35383.79,0,1,0,1,2026-05-22 15:48:15,2026-05-22 16:13:15,,luis.ramirez
PED-002924,CLI-0040,1876.05,0,1,0,4,2026-05-23 08:53:37,2026-05-23 09:22:37,,monica.vega
PED-002925,CLI-0167,4591.42,0,1,0,2,2026-05-23 13:42:46,,2026-05-23 22:40:46,
PED-002926,CLI-0155,5028.94,0,1,0,1,2026-05-23 00:54:40,2026-05-23 05:39:40,, hector.paredes 
PED-002927,CLI-0116,7284.88,1,0,0,1,2026-05-23 08:10:51,2026-05-23 11:41:51,, jorge.salinas 
PED-002928,CLI-0138,11011.83,0,1,0,4,2026-05-23 05:21:59,2026-05-23 07:13:59,,JORGE.SALINAS
PED-002929,CLI-0090,15919.27,0,1,0,1,2026-05-23 20:19:37,2026-05-23 21:38:37,, diego.castillo 
PED-002930,CLI-0153,4972.83,0,0,0,1,2026-05-23 03:15:18,2026-05-23 06:29:18,,paola.herrera
PED-002931,CLI-0103,2650.63,0,1,0,2,2026-05-23 20:40:20,,2026-05-24 11:30:20,
PED-002932,CLI-0117,15285.28,0,0,1,1,2026-05-23 07:14:51,2026-05-23 07:37:51,,ana.torres
PED-002933,CLI-0109,19938.21,0,0,1,1,2026-05-23 04:33:03,2026-05-23 07:28:03,, sergio.nunez 
PED-002934,CLI-0037,11144.15,1,0,0,1,2026-05-23 20:42:25,2026-05-24 01:42:25,,PAOLA.HERRERA
PED-002935,CLI-0083,8186.14,0,1,0,1,2026-05-23 12:59:45,2026-05-23 13:18:45,,PAOLA.HERRERA
PED-002936,CLI-0167,13367.25,0,0,1,1,2026-05-23 01:56:52,2026-05-23 07:01:52,, monica.vega 
PED-002937,CLI-0136,397.4,0,1,0,1,2026-05-24 00:32:00,2026-05-24 00:41:00,, jorge.salinas 
PED-002938,CLI-0004,1732.27,0,0,1,1,2026-05-24 06:20:20,2026-05-24 11:45:20,, monica.vega 
PED-002939,CLI-0169,6044.88,0,0,1,1,2026-05-24 02:39:22,2026-05-24 02:52:22,,ivonne_rios
PED-002940,CLI-0107,7175.15,0,0,1,2,2026-05-24 09:35:28,,2026-05-25 12:02:28,
PED-002941,CLI-0011,2613.88,0,1,0,2,2026-05-24 15:27:51,,2026-05-24 16:18:51,
PED-002942,CLI-0072,5089.29,0,1,0,1,2026-05-24 01:24:07,2026-05-24 11:42:07,,sergio.nunez
PED-002943,CLI-0180,4553.0,1,0,0,1,2026-05-24 17:44:35,2026-05-25 03:28:35,,jorge.salinas
PED-002944,CLI-0057,1628.47,0,0,1,1,2026-05-24 13:04:26,2026-05-24 16:01:26,,sergio.nunez
PED-002945,CLI-0099,2446.19,1,0,0,2,2026-05-25 17:03:02,,2026-05-25 19:57:02,
PED-002946,CLI-0047,5278.69,1,0,0,1,2026-05-25 07:36:59,2026-05-25 09:21:59,, sergio.nunez 
PED-002947,CLI-0041,1353.24,1,0,0,1,2026-05-25 22:04:15,2026-05-26 00:05:15,,LUIS.RAMIREZ
PED-002948,CLI-0176,9086.4,0,1,0,2,2026-05-25 08:23:53,,2026-05-26 13:12:53,
PED-002949,CLI-0189,2931.77,0,0,0,1,2026-05-25 14:05:35,2026-05-25 17:04:35,,diego_castillo
PED-002950,CLI-0107,1025.5,0,1,0,1,2026-05-25 16:01:07,2026-05-25 17:11:07,,LUIS.RAMIREZ
PED-002951,CLI-0062,2836.19,0,0,1,1,2026-05-25 07:11:33,2026-05-25 11:28:33,,monica.vega
PED-002952,CLI-0182,21587.71,0,0,1,1,2026-05-25 17:15:05,2026-05-25 20:26:05,,SERGIO.NUNEZ
PED-002953,CLI-0070,2510.34,0,0,0,1,2026-05-25 18:21:37,2026-05-25 18:31:37,,monica.vega
PED-002954,CLI-0021,2715.78,0,1,0,1,2026-05-25 06:36:41,2026-05-25 08:07:41,,jorge_salinas
PED-002955,CLI-0153,5614.25,0,1,0,3,2026-05-25 01:10:43,,,
PED-002956,CLI-0169,6890.8,0,0,1,1,2026-05-25 15:38:31,2026-05-25 18:22:31,,monica_vega
PED-002957,CLI-0144,700.87,0,1,0,1,2026-05-25 14:04:09,2026-05-25 16:33:09,,sergio.nunez
PED-002958,CLI-0001,12176.86,0,0,1,1,2026-05-25 10:20:46,2026-05-25 10:34:46,,paola.herrera
PED-002959,CLI-0130,12447.88,0,0,0,1,2026-05-25 10:49:14,2026-05-25 14:56:14,,diego.castillo
PED-002960,CLI-0006,2694.54,0,0,0,4,2026-05-25 06:08:40,2026-05-25 12:33:40,,ana.torres
PED-002961,CLI-0005,2831.69,1,0,0,1,2026-05-25 15:27:21,2026-05-25 15:29:21,,ana.torres
PED-002962,CLI-0058,2934.66,0,1,0,1,2026-05-25 05:21:49,2026-05-25 11:53:49,,DIEGO.CASTILLO
PED-002963,CLI-0008,31434.28,0,1,0,1,2026-05-25 18:40:59,2026-05-25 18:49:59,,IVONNE.RIOS
PED-002964,CLI-0110,3871.19,0,0,1,1,2026-05-25 10:06:57,2026-05-25 11:33:57,,DIEGO.CASTILLO
PED-002965,CLI-0144,9362.33,0,0,0,2,2026-05-26 12:04:22,,2026-05-26 17:10:22,
PED-002966,CLI-0165,5049.72,0,0,1,1,2026-05-26 03:46:04,2026-05-26 03:54:04,,karla_mendez
PED-002967,CLI-0121,10445.96,0,0,1,1,2026-05-26 12:10:35,2026-05-26 12:34:35,,monica_vega
PED-002968,CLI-0002,2102.34,0,0,1,1,2026-05-26 16:34:45,2026-05-27 01:47:45,, karla.mendez 
PED-002969,CLI-0001,36181.25,0,0,1,2,2026-05-26 03:45:45,,2026-05-26 16:46:45,
PED-002970,CLI-0188,2635.47,0,0,1,1,2026-05-26 03:10:35,2026-05-26 09:46:35,,sergio.nunez
PED-002971,CLI-0130,7412.57,0,1,0,1,2026-05-26 13:35:24,2026-05-26 15:39:24,,sergio_nunez
PED-002972,CLI-0157,9784.22,0,0,1,2,2026-05-26 11:20:51,,2026-05-26 18:59:51,
PED-002973,CLI-0008,7665.42,1,0,0,3,2026-05-26 15:50:17,,,
PED-002974,CLI-0193,2411.71,0,0,1,1,2026-05-26 08:20:20,2026-05-26 15:46:20,,karla_mendez
PED-002975,CLI-0176,68530.46,0,0,1,1,2026-05-26 18:32:48,2026-05-26 19:31:48,,karla.mendez
PED-002976,CLI-0097,4444.12,0,0,0,1,2026-05-26 06:59:02,2026-05-26 12:14:02,,monica.vega
PED-002977,CLI-0084,8354.15,0,1,0,1,2026-05-26 23:07:04,2026-05-27 06:55:04,,HECTOR.PAREDES
PED-002978,CLI-0063,4038.59,0,0,0,1,2026-05-26 04:00:57,2026-05-26 06:46:57,,ANA.TORRES
PED-002979,CLI-0084,9898.15,0,1,0,4,2026-05-26 11:18:09,2026-05-26 16:18:09,,luis_ramirez
PED-002980,CLI-0171,6564.57,0,0,1,2,2026-05-26 01:54:20,,2026-05-27 21:23:20,
PED-002981,CLI-0108,13349.94,0,1,0,2,2026-05-26 19:58:13,,2026-05-26 22:05:13,
PED-002982,CLI-0104,2434.53,0,0,0,1,2026-05-26 00:43:39,2026-05-26 01:27:39,,MONICA.VEGA
PED-002983,CLI-0174,8713.19,0,1,0,1,2026-05-26 14:11:13,2026-05-26 15:48:13,, monica.vega 
PED-002984,CLI-0127,18506.37,0,0,0,1,2026-05-26 19:33:17,2026-05-26 20:26:17,,hector_paredes
PED-002985,CLI-0173,3333.17,0,0,1,1,2026-05-26 16:24:03,2026-05-26 16:30:03,,hector.paredes
PED-002986,CLI-0031,19561.69,0,1,0,1,2026-05-26 13:43:42,2026-05-26 14:03:42,,monica.vega
PED-002987,CLI-0190,2578.9,0,0,1,1,2026-05-26 22:06:27,2026-05-26 23:08:27,,DIEGO.CASTILLO
PED-002988,CLI-0179,2763.44,0,0,1,1,2026-05-26 02:42:53,2026-05-26 09:23:53,, ivonne.rios 
PED-002989,CLI-0092,9856.07,1,0,0,4,2026-05-26 12:36:25,2026-05-26 16:39:25,,HECTOR.PAREDES
PED-002990,CLI-0077,21463.13,0,0,1,1,2026-05-27 17:39:55,2026-05-27 20:04:55,, hector.paredes 
PED-002991,CLI-0088,10415.05,0,0,1,2,2026-05-27 16:09:16,,2026-05-28 00:56:16,
PED-002992,CLI-0101,16576.04,0,0,1,2,2026-05-27 06:21:11,,2026-05-27 09:56:11,
PED-002993,CLI-0199,2121.12,0,0,0,2,2026-05-27 13:56:41,,2026-05-27 15:31:41,
PED-002994,CLI-0060,3897.26,0,0,1,1,2026-05-27 22:28:27,2026-05-28 11:17:27,,monica.vega
PED-002995,CLI-0193,3766.82,0,1,0,2,2026-05-27 19:51:24,,2026-05-27 20:22:24,
PED-002996,CLI-0187,1692.21,0,0,0,1,2026-05-27 13:14:55,2026-05-27 23:31:55,,IVONNE.RIOS
PED-002997,CLI-0068,14997.96,0,1,0,1,2026-05-27 19:57:56,2026-05-28 00:53:56,,monica.vega
PED-002998,CLI-0196,4953.99,0,0,1,1,2026-05-27 08:13:30,2026-05-27 08:44:30,,ivonne_rios
PED-002999,CLI-0155,5959.3,0,0,0,1,2026-05-27 19:45:33,2026-05-28 04:16:33,, luis.ramirez 
PED-003000,CLI-0112,4194.89,0,1,0,1,2026-05-27 14:29:47,2026-05-27 16:38:47,,SERGIO.NUNEZ
PED-003001,CLI-0115,3300.69,0,0,0,4,2026-05-27 03:35:48,2026-05-27 03:57:48,, hector.paredes 
PED-003002,CLI-0120,2535.38,1,0,0,1,2026-05-27 09:46:04,2026-05-27 11:34:04,, sergio.nunez 
PED-003003,CLI-0034,19875.14,0,0,1,1,2026-05-27 17:05:35,2026-05-27 18:15:35,,diego_castillo
PED-003004,CLI-0047,4660.86,0,0,1,2,2026-05-27 10:38:08,,2026-05-27 11:35:08,
PED-003005,CLI-0119,4486.34,1,0,0,1,2026-05-27 06:49:57,2026-05-27 07:06:57,, ana.torres 
PED-003006,CLI-0035,33569.65,0,0,0,0,2026-05-27 11:00:59,,,
PED-003007,CLI-0126,2749.62,0,1,0,4,2026-05-27 20:25:41,2026-05-28 00:13:41,, ivonne.rios 
PED-003008,CLI-0060,3346.52,0,0,1,1,2026-05-27 18:30:10,2026-05-27 19:45:10,, karla.mendez 
PED-003009,CLI-0200,11233.7,0,0,1,1,2026-05-27 14:09:17,2026-05-27 14:13:17,, luis.ramirez 
PED-003010,CLI-0114,985.61,0,1,0,1,2026-05-27 12:47:42,2026-05-27 14:53:42,,karla.mendez
PED-003011,CLI-0114,13516.9,0,0,0,1,2026-05-27 19:43:07,2026-05-27 19:44:07,,paola_herrera
PED-003012,CLI-0099,6240.7,0,0,1,1,2026-05-27 11:38:36,2026-05-27 13:12:36,,HECTOR.PAREDES
PED-003013,CLI-0143,4711.05,0,0,1,1,2026-05-27 16:08:55,2026-05-27 17:29:55,,jorge.salinas
PED-003014,CLI-0142,1346.37,1,0,0,1,2026-05-27 15:59:49,2026-05-27 16:31:49,,SERGIO.NUNEZ
PED-003015,CLI-0067,9791.71,1,0,0,0,2026-05-27 06:57:25,,,
PED-003016,CLI-0075,7575.71,1,0,0,1,2026-05-27 05:55:31,2026-05-27 08:42:31,,LUIS.RAMIREZ
PED-003017,CLI-0063,175.9,0,0,1,1,2026-05-27 07:11:13,2026-05-27 13:31:13,,karla_mendez
PED-003018,CLI-0102,3223.63,0,0,1,1,2026-05-27 23:02:37,2026-05-28 01:37:37,,ANA.TORRES
PED-003019,CLI-0178,13387.53,0,0,1,1,2026-05-27 20:30:15,2026-05-27 20:50:15,,sergio_nunez
PED-003020,CLI-0092,9535.08,0,0,1,2,2026-05-27 21:33:18,,2026-05-28 01:38:18,
PED-003021,CLI-0044,5203.9,0,0,1,1,2026-05-27 16:05:24,2026-05-27 16:49:24,,sergio.nunez
PED-003022,CLI-0033,14577.8,0,1,0,1,2026-05-27 14:44:09,2026-05-27 16:13:09,, luis.ramirez 
PED-003023,CLI-0027,17347.84,0,0,1,1,2026-05-28 06:59:54,2026-05-28 08:09:54,,karla.mendez
PED-003024,CLI-0056,17415.61,0,0,0,1,2026-05-28 06:50:27,2026-05-28 13:41:27,, monica.vega 
PED-003025,CLI-0128,18498.07,0,0,1,4,2026-05-28 20:18:44,2026-05-28 22:14:44,,ana_torres
PED-003026,CLI-0079,10208.38,0,1,0,2,2026-05-28 19:30:53,,2026-05-29 13:37:53,
PED-003027,CLI-0025,4323.24,0,0,1,1,2026-05-28 12:32:54,2026-05-28 12:47:54,, ivonne.rios 
PED-003028,CLI-0161,26192.26,0,0,0,1,2026-05-28 15:38:22,2026-05-28 20:02:22,,ivonne_rios
PED-003029,CLI-0005,37709.97,0,0,1,1,2026-05-28 11:47:31,2026-05-28 12:09:31,,jorge.salinas
PED-003030,CLI-0124,6727.47,0,0,1,0,2026-05-28 13:06:01,,,
PED-003031,CLI-0076,2090.07,0,1,0,1,2026-05-28 04:42:53,2026-05-28 06:24:53,,diego.castillo
PED-003032,CLI-0075,1223.96,0,0,1,1,2026-05-28 15:58:55,2026-05-28 18:56:55,, luis.ramirez 
PED-003033,CLI-0083,7585.16,0,0,1,1,2026-05-28 21:08:00,2026-05-28 21:49:00,,sergio.nunez
PED-003034,CLI-0113,13143.52,0,0,1,1,2026-05-28 06:32:30,2026-05-28 09:14:30,,luis.ramirez
PED-003035,CLI-0156,3697.82,0,0,1,4,2026-05-28 00:37:42,2026-05-28 02:28:42,, ivonne.rios 
PED-003036,CLI-0033,3899.05,0,0,1,1,2026-05-28 08:04:40,2026-05-28 08:06:40,, luis.ramirez 
PED-003037,CLI-0059,2651.22,0,0,1,2,2026-05-28 10:17:26,,2026-05-29 03:11:26,
PED-003038,CLI-0181,1114.93,0,0,1,1,2026-05-28 01:38:28,2026-05-28 03:54:28,,karla.mendez
PED-003039,CLI-0096,8566.02,0,0,1,2,2026-05-28 14:00:53,,2026-05-28 15:01:53,
PED-003040,CLI-0048,17001.28,0,0,1,1,2026-05-28 02:18:48,2026-05-28 03:37:48,,ivonne.rios
PED-003041,CLI-0031,2098.88,0,1,0,1,2026-05-28 10:01:31,2026-05-28 10:58:31,,monica_vega
PED-003042,CLI-0025,6089.86,0,1,0,0,2026-05-28 14:57:53,,,
PED-003043,CLI-0189,3793.25,0,0,1,1,2026-05-29 02:02:42,2026-05-29 06:24:42,,sergio.nunez
PED-003044,CLI-0196,11400.74,0,0,1,1,2026-05-29 12:25:37,2026-05-29 16:30:37,,LUIS.RAMIREZ
PED-003045,CLI-0075,5635.15,0,0,0,2,2026-05-29 05:42:52,,2026-05-29 08:08:52,
PED-003046,CLI-0061,4460.34,1,0,0,2,2026-05-29 18:47:37,,2026-05-30 03:55:37,
PED-003047,CLI-0101,4052.78,0,0,1,0,2026-05-29 09:15:34,,,
PED-003048,CLI-0106,29988.24,0,0,0,2,2026-05-29 00:46:16,,2026-05-29 15:11:16,
PED-003049,CLI-0144,4344.09,1,0,0,2,2026-05-29 07:11:30,,2026-05-29 22:33:30,
PED-003050,CLI-0170,15920.03,0,0,1,2,2026-05-29 12:15:51,,2026-05-30 02:21:51,
PED-003051,CLI-0195,2021.83,0,0,1,1,2026-05-29 16:50:39,2026-05-29 20:44:39,,hector_paredes
PED-003052,CLI-0098,1643.63,0,0,0,2,2026-05-29 19:23:40,,2026-05-29 22:37:40,
PED-003053,CLI-0147,3941.78,0,1,0,1,2026-05-29 06:33:34,2026-05-29 07:00:34,, jorge.salinas 
PED-003054,CLI-0007,3919.24,0,0,1,1,2026-05-29 07:08:53,2026-05-29 07:41:53,, monica.vega 
PED-003055,CLI-0029,11964.26,0,0,1,1,2026-05-29 04:32:22,2026-05-29 05:53:22,,JORGE.SALINAS
PED-003056,CLI-0135,2260.51,1,0,0,1,2026-05-29 14:58:58,2026-05-29 19:04:58,,SERGIO.NUNEZ
PED-003057,CLI-0042,14076.72,0,0,1,1,2026-05-29 14:42:53,2026-05-29 19:09:53,, ana.torres 
PED-003058,CLI-0199,12632.51,0,1,0,0,2026-05-29 10:54:47,,,
PED-003059,CLI-0010,441.42,0,0,1,2,2026-05-29 03:53:54,,2026-05-29 11:24:54,
PED-003060,CLI-0015,2983.6,0,0,1,1,2026-05-29 00:07:51,2026-05-29 03:40:51,,ivonne_rios
PED-003061,CLI-0112,3891.53,0,1,0,1,2026-05-29 19:44:30,2026-05-30 03:46:30,, ivonne.rios 
PED-003062,CLI-0145,3886.9,0,0,0,1,2026-05-29 22:53:47,2026-05-29 23:25:47,, hector.paredes 
PED-003063,CLI-0068,2011.43,0,0,1,4,2026-05-29 04:17:17,2026-05-29 05:15:17,,paola_herrera
PED-003064,CLI-0166,2212.43,0,1,0,1,2026-05-29 15:32:51,2026-05-29 20:05:51,,monica.vega
PED-003065,CLI-0097,514.61,0,0,0,3,2026-05-29 02:47:06,,,
PED-003066,CLI-0195,10149.83,0,0,1,1,2026-05-29 08:50:43,2026-05-29 09:28:43,,KARLA.MENDEZ
PED-003067,CLI-0045,3296.62,0,1,0,1,2026-05-29 21:43:12,2026-05-30 03:27:12,,karla.mendez
PED-003068,CLI-0142,5296.22,0,0,0,1,2026-05-29 19:20:26,2026-05-29 19:32:26,,IVONNE.RIOS
PED-003069,CLI-0104,2401.49,0,0,1,1,2026-05-29 23:12:15,2026-05-30 04:07:15,,sergio_nunez
PED-003070,CLI-0108,6284.53,1,0,0,4,2026-05-29 17:42:09,2026-05-29 18:58:09,,PAOLA.HERRERA
PED-003071,CLI-0135,3335.12,0,0,0,1,2026-05-30 02:43:51,2026-05-30 04:43:51,,KARLA.MENDEZ
PED-003072,CLI-0084,7445.36,0,0,0,1,2026-05-30 21:36:17,2026-05-30 23:51:17,,sergio_nunez
PED-003073,CLI-0073,11853.04,1,0,0,1,2026-05-30 01:31:50,2026-05-30 02:28:50,,diego_castillo
PED-003074,CLI-0123,1604.24,0,0,1,1,2026-05-30 05:22:12,2026-05-30 07:48:12,,ANA.TORRES
PED-003075,CLI-0171,3448.02,0,0,1,2,2026-05-30 08:51:48,,2026-05-30 13:49:48,
PED-003076,CLI-0101,2483.0,0,0,1,1,2026-05-30 07:29:55,2026-05-30 08:06:55,,jorge.salinas
PED-003077,CLI-0030,1256.73,1,0,0,1,2026-05-30 10:00:46,2026-05-30 14:07:46,,karla.mendez
PED-003078,CLI-0122,2407.18,0,0,1,1,2026-05-30 00:04:17,2026-05-30 02:09:17,,ivonne.rios
PED-003079,CLI-0165,5029.05,0,0,1,4,2026-05-30 21:29:19,2026-05-31 00:35:19,,LUIS.RAMIREZ
PED-003080,CLI-0169,3803.07,0,0,1,0,2026-05-30 06:47:55,,,
PED-003081,CLI-0091,10418.02,1,0,0,1,2026-05-30 15:35:37,2026-05-30 15:59:37,,hector_paredes
PED-003082,CLI-0199,7394.41,0,1,0,1,2026-05-30 10:39:46,2026-05-30 11:16:46,, paola.herrera 
PED-003083,CLI-0009,869.56,0,0,1,4,2026-05-30 11:23:53,2026-05-30 15:59:53,,jorge_salinas
PED-003084,CLI-0112,3514.36,0,1,0,1,2026-05-30 08:12:26,2026-05-30 14:26:26,, sergio.nunez 
PED-003085,CLI-0033,15502.32,0,0,1,2,2026-05-30 23:53:30,,2026-05-31 22:17:30,
PED-003086,CLI-0058,3188.32,0,0,1,1,2026-05-30 09:07:04,2026-05-30 19:38:04,,paola.herrera
PED-003087,CLI-0137,11154.93,0,0,1,1,2026-05-30 00:45:12,2026-05-30 04:00:12,, jorge.salinas 
PED-003088,CLI-0074,4104.45,0,1,0,1,2026-05-30 23:41:30,2026-05-31 10:57:30,,paola.herrera
PED-003089,CLI-0084,4956.27,0,1,0,1,2026-05-30 20:10:03,2026-05-30 20:58:03,,paola.herrera
PED-003090,CLI-0190,8862.29,0,0,1,1,2026-05-30 23:53:56,2026-05-31 06:23:56,,ivonne.rios
PED-003091,CLI-0167,1221.01,0,0,1,1,2026-05-30 03:27:57,2026-05-30 09:00:57,,diego_castillo
PED-003092,CLI-0100,5530.2,0,0,1,1,2026-05-30 18:03:21,2026-05-30 18:46:21,,sergio.nunez
PED-003093,CLI-0114,2639.64,1,0,0,2,2026-05-31 19:59:22,,2026-06-01 11:24:22,
PED-003094,CLI-0173,12907.21,0,0,1,1,2026-05-31 18:50:58,2026-05-31 19:12:58,, paola.herrera 
PED-003095,CLI-0146,15932.94,1,0,0,2,2026-05-31 19:01:46,,2026-05-31 22:39:46,
PED-003096,CLI-0101,8258.4,0,0,1,1,2026-05-31 09:30:59,2026-05-31 13:57:59,, ivonne.rios 
PED-003097,CLI-0193,7546.68,0,0,1,1,2026-05-31 10:15:36,2026-05-31 15:19:36,,ana.torres
PED-003098,CLI-0061,7237.63,0,1,0,1,2026-05-31 02:01:53,2026-05-31 03:51:53,,PAOLA.HERRERA
PED-003099,CLI-0028,4294.46,1,0,0,2,2026-05-31 08:25:44,,2026-05-31 11:37:44,
PED-003100,CLI-0068,17088.84,0,0,1,1,2026-05-31 08:11:49,2026-05-31 08:51:49,,IVONNE.RIOS
PED-003101,CLI-0014,8887.38,0,1,0,1,2026-05-31 16:54:41,2026-05-31 17:46:41,,MONICA.VEGA
PED-003102,CLI-0145,3926.23,0,0,1,2,2026-05-31 23:55:31,,2026-06-02 01:48:31,
PED-003103,CLI-0128,10719.31,1,0,0,1,2026-05-31 14:00:15,2026-05-31 15:25:15,,monica_vega
PED-003104,CLI-0139,3193.55,0,0,1,2,2026-05-31 09:35:33,,2026-05-31 23:55:33,
PED-003105,CLI-0198,18690.72,1,0,0,2,2026-05-31 19:40:03,,2026-05-31 19:46:03,
PED-003106,CLI-0155,17807.07,0,0,1,2,2026-05-31 12:15:46,,2026-05-31 17:16:46,
PED-003107,CLI-0167,2688.98,1,0,0,1,2026-05-31 09:40:01,2026-05-31 09:49:01,,sergio_nunez
PED-003108,CLI-0162,16951.48,0,0,1,1,2026-05-31 03:19:19,2026-05-31 04:07:19,,monica.vega
PED-003109,CLI-0108,16848.1,0,1,0,4,2026-05-31 13:07:26,2026-05-31 15:49:26,,LUIS.RAMIREZ
PED-003110,CLI-0002,16840.79,0,1,0,1,2026-05-31 14:44:55,2026-05-31 15:14:55,,paola_herrera
PED-003111,CLI-0151,28636.96,0,0,1,2,2026-05-31 14:45:57,,2026-05-31 22:08:57,
PED-003112,CLI-0156,9307.25,0,0,1,4,2026-05-31 03:57:12,2026-06-01 03:16:12,, luis.ramirez 
PED-003113,CLI-0156,1267.08,1,0,0,1,2026-05-31 14:32:36,2026-05-31 17:17:36,, jorge.salinas 
PED-003114,CLI-0066,2515.66,0,0,1,2,2026-05-31 04:49:04,,2026-05-31 05:46:04,
PED-003115,CLI-0167,8332.56,0,1,0,1,2026-05-31 01:40:00,2026-05-31 02:50:00,,diego.castillo
PED-003116,CLI-0017,7479.57,0,0,1,4,2026-05-31 23:24:13,2026-06-01 00:56:13,, sergio.nunez 
PED-003117,CLI-0051,11199.48,0,0,1,3,2026-05-31 01:46:16,,,
PED-003118,CLI-0142,27922.92,0,1,0,2,2026-06-01 12:05:11,,2026-06-01 12:42:11,
PED-003119,CLI-0054,3656.18,0,0,1,1,2026-06-01 02:26:13,2026-06-01 02:34:13,,karla_mendez
PED-003120,CLI-0077,8814.7,0,0,0,2,2026-06-01 13:39:28,,2026-06-02 01:56:28,
PED-003121,CLI-0105,4057.15,0,0,1,2,2026-06-01 00:51:17,,2026-06-01 11:18:17,
PED-003122,CLI-0160,3774.64,0,0,0,1,2026-06-01 18:36:08,2026-06-01 20:23:08,,paola_herrera
PED-003123,CLI-0126,7945.68,0,0,1,1,2026-06-01 21:39:02,2026-06-01 22:01:02,,ANA.TORRES
PED-003124,CLI-0179,2750.06,0,1,0,1,2026-06-01 22:15:24,2026-06-02 14:45:24,,luis.ramirez
PED-003125,CLI-0172,19860.93,0,0,0,3,2026-06-01 06:47:23,,,
PED-003126,CLI-0013,29716.65,1,0,0,4,2026-06-01 03:30:19,2026-06-01 03:35:19,,ANA.TORRES
PED-003127,CLI-0037,7721.76,0,0,0,2,2026-06-01 22:35:49,,2026-06-01 22:37:49,
PED-003128,CLI-0025,3555.27,0,0,0,4,2026-06-01 18:38:54,2026-06-02 01:02:54,, jorge.salinas 
PED-003129,CLI-0092,7955.75,0,0,1,1,2026-06-01 08:47:38,2026-06-01 11:22:38,,HECTOR.PAREDES
PED-003130,CLI-0124,8157.51,0,0,0,1,2026-06-01 21:48:59,2026-06-02 00:23:59,,karla_mendez
PED-003131,CLI-0027,62311.46,0,0,0,2,2026-06-01 20:37:13,,2026-06-01 23:43:13,
PED-003132,CLI-0077,3105.12,0,1,0,2,2026-06-01 20:40:40,,2026-06-01 23:33:40,
PED-003133,CLI-0125,7818.86,0,0,0,3,2026-06-01 13:34:45,,,
PED-003134,CLI-0184,4169.45,0,1,0,1,2026-06-02 14:15:32,2026-06-02 14:33:32,,KARLA.MENDEZ
PED-003135,CLI-0092,3611.14,0,1,0,1,2026-06-02 05:51:43,2026-06-02 05:59:43,,sergio_nunez
PED-003136,CLI-0050,8197.82,0,1,0,2,2026-06-02 13:14:29,,2026-06-02 19:09:29,
PED-003137,CLI-0187,4446.91,0,1,0,2,2026-06-02 01:17:02,,2026-06-02 08:33:02,
PED-003138,CLI-0163,2564.32,0,1,0,2,2026-06-02 20:16:08,,2026-06-03 03:59:08,
PED-003139,CLI-0008,4937.82,0,0,1,2,2026-06-02 12:16:25,,2026-06-03 00:06:25,
PED-003140,CLI-0177,6227.44,0,0,0,1,2026-06-02 02:03:28,2026-06-02 02:07:28,,DIEGO.CASTILLO
PED-003141,CLI-0043,17265.1,0,1,0,1,2026-06-02 13:42:49,2026-06-02 15:30:49,,PAOLA.HERRERA
PED-003142,CLI-0032,35101.89,1,0,0,1,2026-06-02 06:15:15,2026-06-02 10:40:15,, jorge.salinas 
PED-003143,CLI-0183,2792.51,1,0,0,2,2026-06-02 20:24:10,,2026-06-03 19:28:10,
PED-003144,CLI-0145,3489.21,1,0,0,1,2026-06-02 11:12:36,2026-06-02 18:45:36,,diego_castillo
PED-003145,CLI-0191,46873.67,0,0,1,0,2026-06-02 22:11:41,,,
PED-003146,CLI-0183,2036.73,1,0,0,0,2026-06-02 12:09:18,,,
PED-003147,CLI-0076,10219.09,0,1,0,1,2026-06-02 08:00:54,2026-06-02 08:07:54,,paola.herrera
PED-003148,CLI-0036,24060.96,0,0,0,1,2026-06-02 00:42:59,2026-06-02 03:44:59,, hector.paredes 
PED-003149,CLI-0073,4664.66,0,0,0,2,2026-06-02 08:51:18,,2026-06-03 23:43:18,
PED-003150,CLI-0148,4380.28,0,0,1,3,2026-06-02 13:08:16,,,
PED-003151,CLI-0024,4418.97,0,0,0,2,2026-06-02 06:20:27,,2026-06-02 06:58:27,
PED-003152,CLI-0125,1628.52,1,0,0,1,2026-06-02 03:36:36,2026-06-02 03:37:36,,paola.herrera
PED-003153,CLI-0173,6975.91,0,0,1,0,2026-06-02 21:36:24,,,
PED-003154,CLI-0096,4041.79,0,0,0,1,2026-06-02 18:08:15,2026-06-02 18:26:15,,monica.vega
PED-003155,CLI-0078,13551.31,0,0,1,1,2026-06-03 04:29:53,2026-06-03 06:45:53,,ANA.TORRES
PED-003156,CLI-0006,4744.57,0,0,1,4,2026-06-03 17:19:11,2026-06-03 18:14:11,, paola.herrera 
PED-003157,CLI-0121,3880.23,0,0,0,1,2026-06-03 00:51:30,2026-06-03 05:25:30,, jorge.salinas 
PED-003158,CLI-0113,1172.01,0,0,0,1,2026-06-03 14:32:18,2026-06-03 14:53:18,,MONICA.VEGA
PED-003159,CLI-0198,30641.72,0,0,1,1,2026-06-03 10:41:31,2026-06-03 11:49:31,,MONICA.VEGA
PED-003160,CLI-0117,1980.41,0,0,0,1,2026-06-03 12:58:34,2026-06-03 21:12:34,,DIEGO.CASTILLO
PED-003161,CLI-0072,1487.53,0,1,0,4,2026-06-03 07:42:56,2026-06-03 08:36:56,,hector.paredes
PED-003162,CLI-0096,9284.49,0,1,0,1,2026-06-03 19:44:41,2026-06-03 20:46:41,,jorge_salinas
PED-003163,CLI-0009,3902.65,0,1,0,4,2026-06-03 17:18:55,2026-06-04 01:07:55,,luis.ramirez
PED-003164,CLI-0087,2942.42,0,0,1,0,2026-06-03 02:37:01,,,
PED-003165,CLI-0116,41293.49,0,0,0,2,2026-06-03 18:22:15,,2026-06-03 22:30:15,
PED-003166,CLI-0128,4876.35,0,0,0,2,2026-06-03 04:14:32,,2026-06-03 06:26:32,
PED-003167,CLI-0125,4602.67,0,1,0,1,2026-06-03 06:29:34,2026-06-03 07:48:34,,monica_vega
PED-003168,CLI-0188,1454.53,0,0,1,1,2026-06-03 03:02:19,2026-06-03 05:59:19,,KARLA.MENDEZ
PED-003169,CLI-0108,24157.47,0,0,1,4,2026-06-03 00:02:09,2026-06-03 13:19:09,,paola_herrera
PED-003170,CLI-0016,9257.95,0,0,0,2,2026-06-03 23:33:06,,2026-06-04 00:35:06,
PED-003171,CLI-0036,2445.26,0,0,1,1,2026-06-03 16:04:32,2026-06-03 17:49:32,,DIEGO.CASTILLO
PED-003172,CLI-0032,2482.66,0,1,0,0,2026-06-03 19:45:02,,,
PED-003173,CLI-0107,1009.21,1,0,0,2,2026-06-03 07:31:41,,2026-06-03 17:00:41,
PED-003174,CLI-0128,10747.93,0,0,1,1,2026-06-03 11:52:22,2026-06-04 00:31:22,,diego.castillo
PED-003175,CLI-0066,11982.52,1,0,0,1,2026-06-03 03:29:15,2026-06-03 05:46:15,,paola.herrera
PED-003176,CLI-0091,8033.43,0,0,1,2,2026-06-03 00:24:46,,2026-06-03 13:01:46,
PED-003177,CLI-0199,5145.9,0,0,1,4,2026-06-03 22:02:27,2026-06-03 22:04:27,,hector_paredes
PED-003178,CLI-0061,5673.62,0,1,0,1,2026-06-03 14:22:10,2026-06-03 23:53:10,,diego.castillo
PED-003179,CLI-0192,3407.05,0,1,0,1,2026-06-03 01:31:29,2026-06-03 03:23:29,,SERGIO.NUNEZ
PED-003180,CLI-0173,1461.95,0,1,0,1,2026-06-03 03:24:41,2026-06-03 04:24:41,,monica_vega
PED-003181,CLI-0109,3983.02,0,0,1,2,2026-06-03 04:29:40,,2026-06-03 08:09:40,
PED-003182,CLI-0168,3771.08,0,0,0,1,2026-06-03 10:03:54,2026-06-03 12:19:54,,HECTOR.PAREDES
PED-003183,CLI-0023,3326.78,0,0,0,2,2026-06-03 20:15:42,,2026-06-04 14:06:42,
PED-003184,CLI-0199,10011.65,1,0,0,4,2026-06-04 14:02:34,2026-06-04 20:53:34,,monica.vega
PED-003185,CLI-0130,2280.88,0,1,0,1,2026-06-04 13:46:31,2026-06-04 17:21:31,,karla.mendez
PED-003186,CLI-0074,1606.13,0,0,0,2,2026-06-04 18:26:55,,2026-06-04 21:15:55,
PED-003187,CLI-0089,5613.42,1,0,0,1,2026-06-04 11:12:19,2026-06-04 14:59:19,,ivonne_rios
PED-003188,CLI-0029,24478.81,0,1,0,1,2026-06-04 11:10:18,2026-06-04 12:23:18,,jorge.salinas
PED-003189,CLI-0032,12732.92,0,0,1,2,2026-06-04 03:58:35,,2026-06-04 14:56:35,
PED-003190,CLI-0180,29592.98,0,0,1,1,2026-06-04 14:44:13,2026-06-04 17:28:13,,hector_paredes
PED-003191,CLI-0050,542.62,0,0,1,2,2026-06-04 10:15:27,,2026-06-04 13:55:27,
PED-003192,CLI-0182,25384.87,0,0,1,2,2026-06-04 17:18:18,,2026-06-04 18:53:18,
PED-003193,CLI-0182,2105.31,1,0,0,1,2026-06-04 04:54:12,2026-06-04 07:52:12,,ana_torres
PED-003194,CLI-0136,3854.19,0,1,0,1,2026-06-04 01:53:25,2026-06-04 06:49:25,,IVONNE.RIOS
PED-003195,CLI-0067,1696.47,0,1,0,1,2026-06-04 02:35:20,2026-06-04 04:09:20,, hector.paredes 
PED-003196,CLI-0079,7948.68,0,1,0,2,2026-06-04 14:13:33,,2026-06-05 07:33:33,
PED-003197,CLI-0064,1548.09,0,0,1,4,2026-06-04 03:29:57,2026-06-04 06:00:57,, ana.torres 
PED-003198,CLI-0186,22276.82,1,0,0,0,2026-06-05 22:50:46,,,
PED-003199,CLI-0036,2032.52,0,0,1,1,2026-06-05 02:36:49,2026-06-05 05:04:49,,HECTOR.PAREDES
PED-003200,CLI-0118,1769.27,0,0,0,2,2026-06-05 01:52:14,,2026-06-06 01:26:14,
PED-003201,CLI-0098,659.17,0,1,0,1,2026-06-05 23:07:03,2026-06-06 01:32:03,, ivonne.rios 
PED-003202,CLI-0157,34799.61,1,0,0,2,2026-06-05 18:58:50,,2026-06-05 22:40:50,
PED-003203,CLI-0160,16600.03,0,0,1,1,2026-06-05 11:55:46,2026-06-05 12:22:46,,luis_ramirez
PED-003204,CLI-0132,6610.94,0,0,0,1,2026-06-05 11:34:21,2026-06-05 12:40:21,,IVONNE.RIOS
PED-003205,CLI-0076,18082.96,0,1,0,1,2026-06-05 07:48:42,2026-06-05 09:07:42,, monica.vega 
PED-003206,CLI-0041,2791.39,0,1,0,1,2026-06-05 11:36:08,2026-06-05 11:38:08,, monica.vega 
PED-003207,CLI-0025,7898.77,0,0,1,1,2026-06-05 14:58:40,2026-06-05 15:43:40,, ana.torres 
PED-003208,CLI-0100,1850.79,0,0,1,1,2026-06-06 16:04:24,2026-06-06 16:56:24,, ana.torres 
PED-003209,CLI-0112,7274.53,0,0,1,2,2026-06-06 00:51:33,,2026-06-06 20:20:33,
PED-003210,CLI-0044,11519.08,0,1,0,2,2026-06-06 23:30:40,,2026-06-06 23:59:40,
PED-003211,CLI-0135,32528.74,0,0,1,1,2026-06-06 01:59:02,2026-06-06 02:57:02,, monica.vega 
PED-003212,CLI-0098,17260.96,0,0,1,1,2026-06-06 13:33:04,2026-06-06 15:37:04,, karla.mendez 
PED-003213,CLI-0150,4492.53,0,0,1,1,2026-06-06 20:48:42,2026-06-06 20:56:42,,monica_vega
PED-003214,CLI-0001,1865.08,1,0,0,1,2026-06-06 09:45:12,2026-06-06 10:11:12,,ANA.TORRES
PED-003215,CLI-0008,4203.39,1,0,0,1,2026-06-06 02:09:17,2026-06-06 07:58:17,,paola_herrera
PED-003216,CLI-0127,4664.27,0,1,0,1,2026-06-06 14:37:53,2026-06-06 15:51:53,,PAOLA.HERRERA
PED-003217,CLI-0178,1101.39,0,1,0,1,2026-06-06 15:47:29,2026-06-06 20:07:29,, paola.herrera 
PED-003218,CLI-0117,3667.49,0,1,0,1,2026-06-06 15:27:03,2026-06-06 17:09:03,,hector.paredes
PED-003219,CLI-0162,1418.75,0,1,0,2,2026-06-06 15:12:53,,2026-06-08 00:45:53,
PED-003220,CLI-0197,4497.7,0,1,0,1,2026-06-06 11:27:51,2026-06-06 11:39:51,,diego.castillo
PED-003221,CLI-0192,6538.48,0,0,1,2,2026-06-06 17:04:29,,2026-06-06 20:17:29,
PED-003222,CLI-0105,4617.9,0,0,1,1,2026-06-06 18:59:27,2026-06-06 20:14:27,, paola.herrera 
PED-003223,CLI-0014,1670.65,0,1,0,1,2026-06-06 01:49:13,2026-06-06 03:23:13,, sergio.nunez 
PED-003224,CLI-0084,4951.65,0,1,0,0,2026-06-06 02:47:05,,,
PED-003225,CLI-0020,13211.08,0,1,0,2,2026-06-06 16:38:46,,2026-06-08 13:26:46,
PED-003226,CLI-0101,7017.33,0,0,1,2,2026-06-06 10:14:31,,2026-06-06 12:48:31,
PED-003227,CLI-0101,19347.84,0,0,1,2,2026-06-06 05:07:36,,2026-06-06 07:11:36,
PED-003228,CLI-0163,6325.78,0,0,1,2,2026-06-06 03:46:28,,2026-06-06 13:17:28,
PED-003229,CLI-0073,3529.65,1,0,0,2,2026-06-06 08:55:35,,2026-06-06 22:37:35,
PED-003230,CLI-0120,9822.52,0,0,1,1,2026-06-06 07:13:13,2026-06-06 10:49:13,,karla_mendez
PED-003231,CLI-0171,5387.58,0,0,1,1,2026-06-06 01:59:40,2026-06-06 04:08:40,, ivonne.rios 
PED-003232,CLI-0083,5349.87,0,0,0,1,2026-06-07 09:38:41,2026-06-07 11:25:41,,MONICA.VEGA
PED-003233,CLI-0111,769.59,1,0,0,0,2026-06-07 10:43:36,,,
PED-003234,CLI-0151,6133.86,1,0,0,1,2026-06-07 08:02:45,2026-06-07 10:46:45,,ANA.TORRES
PED-003235,CLI-0087,7479.32,0,1,0,2,2026-06-07 16:42:12,,2026-06-07 17:29:12,
PED-003236,CLI-0040,1710.53,1,0,0,1,2026-06-07 06:41:37,2026-06-07 07:07:37,,sergio.nunez
PED-003237,CLI-0172,2553.27,1,0,0,1,2026-06-07 17:44:11,2026-06-07 18:38:11,, karla.mendez 
PED-003238,CLI-0114,3466.25,0,0,1,1,2026-06-07 12:34:21,2026-06-07 13:08:21,,sergio.nunez
PED-003239,CLI-0179,4021.26,0,0,1,4,2026-06-07 22:20:44,2026-06-07 23:07:44,, sergio.nunez 
PED-003240,CLI-0023,1852.09,1,0,0,1,2026-06-07 01:48:54,2026-06-07 02:43:54,,ivonne_rios
PED-003241,CLI-0131,3663.28,0,0,1,1,2026-06-07 12:51:19,2026-06-07 17:35:19,, diego.castillo 
PED-003242,CLI-0196,14984.4,0,0,1,1,2026-06-07 22:25:41,2026-06-07 23:17:41,,diego.castillo
PED-003243,CLI-0146,12710.26,0,1,0,0,2026-06-07 18:59:50,,,
PED-003244,CLI-0034,3080.29,0,1,0,1,2026-06-07 06:09:10,2026-06-07 06:28:10,,ivonne.rios
PED-003245,CLI-0018,11544.93,0,0,0,1,2026-06-07 18:31:41,2026-06-07 20:45:41,,ana_torres
PED-003246,CLI-0048,10802.96,0,1,0,1,2026-06-08 05:45:30,2026-06-08 06:02:30,,monica.vega
PED-003247,CLI-0169,3795.55,0,0,1,1,2026-06-08 05:50:31,2026-06-08 07:46:31,,ANA.TORRES
PED-003248,CLI-0103,3404.49,0,0,1,2,2026-06-08 23:38:17,,2026-06-09 01:29:17,
PED-003249,CLI-0185,5179.57,0,1,0,1,2026-06-08 12:44:58,2026-06-08 13:55:58,,JORGE.SALINAS
PED-003250,CLI-0194,2792.67,0,0,1,2,2026-06-08 09:47:20,,2026-06-08 14:38:20,
PED-003251,CLI-0002,1147.0,0,0,1,1,2026-06-08 18:42:28,2026-06-08 21:55:28,,IVONNE.RIOS
PED-003252,CLI-0053,751.65,0,0,0,1,2026-06-08 01:02:50,2026-06-08 01:23:50,, hector.paredes 
PED-003253,CLI-0018,2660.93,0,0,1,1,2026-06-08 11:05:54,2026-06-08 12:33:54,,hector_paredes
PED-003254,CLI-0085,8002.44,0,0,1,2,2026-06-08 00:48:10,,2026-06-08 04:47:10,
PED-003255,CLI-0087,6716.84,1,0,0,2,2026-06-08 16:32:55,,2026-06-08 16:51:55,
PED-003256,CLI-0117,2160.59,0,0,1,4,2026-06-08 16:34:22,2026-06-08 21:09:22,,HECTOR.PAREDES
PED-003257,CLI-0171,3774.35,0,0,1,1,2026-06-08 09:36:57,2026-06-08 10:26:57,,sergio_nunez
PED-003258,CLI-0046,13967.71,0,0,0,1,2026-06-08 13:12:33,2026-06-08 18:39:33,,SERGIO.NUNEZ
PED-003259,CLI-0001,2358.56,1,0,0,1,2026-06-08 22:47:36,2026-06-08 22:59:36,,KARLA.MENDEZ
PED-003260,CLI-0141,5845.3,0,0,0,4,2026-06-08 23:08:03,2026-06-09 06:52:03,, diego.castillo 
PED-003261,CLI-0147,4659.51,0,0,1,1,2026-06-08 20:02:19,2026-06-09 00:16:19,, monica.vega 
PED-003262,CLI-0034,3978.35,1,0,0,1,2026-06-08 09:42:05,2026-06-08 12:57:05,, sergio.nunez 
PED-003263,CLI-0026,6301.73,0,1,0,1,2026-06-09 13:01:43,2026-06-09 15:01:43,, ana.torres 
PED-003264,CLI-0100,718.93,0,0,1,1,2026-06-09 19:17:21,2026-06-09 19:23:21,,JORGE.SALINAS
PED-003265,CLI-0110,1675.26,0,0,1,1,2026-06-09 18:23:53,2026-06-09 19:48:53,,hector.paredes
PED-003266,CLI-0196,4090.33,0,1,0,2,2026-06-09 09:56:16,,2026-06-09 14:07:16,
PED-003267,CLI-0012,9031.18,1,0,0,1,2026-06-09 18:05:43,2026-06-09 19:08:43,,diego_castillo
PED-003268,CLI-0040,5117.3,0,0,1,1,2026-06-09 23:58:25,2026-06-10 00:18:25,, luis.ramirez 
PED-003269,CLI-0088,10516.33,1,0,0,2,2026-06-09 13:06:30,,2026-06-09 16:38:30,
PED-003270,CLI-0169,1938.75,0,0,0,4,2026-06-09 08:04:29,2026-06-09 09:36:29,,JORGE.SALINAS
PED-003271,CLI-0193,2225.69,0,1,0,1,2026-06-09 21:30:29,2026-06-10 00:38:29,, karla.mendez 
PED-003272,CLI-0109,3208.83,0,0,1,1,2026-06-09 12:40:22,2026-06-09 16:21:22,, sergio.nunez 
PED-003273,CLI-0081,8818.89,0,0,1,1,2026-06-09 04:32:13,2026-06-09 11:25:13,, paola.herrera 
PED-003274,CLI-0194,28833.79,0,0,1,1,2026-06-09 12:01:19,2026-06-09 16:00:19,,sergio_nunez
PED-003275,CLI-0042,3346.5,1,0,0,0,2026-06-09 17:25:14,,,
PED-003276,CLI-0145,2794.8,0,0,0,1,2026-06-09 19:34:04,2026-06-10 00:52:04,, hector.paredes 
PED-003277,CLI-0099,2750.92,0,1,0,2,2026-06-09 21:04:11,,2026-06-10 02:25:11,
PED-003278,CLI-0130,2711.04,0,0,1,2,2026-06-09 07:08:43,,2026-06-09 13:09:43,
PED-003279,CLI-0157,5141.55,0,1,0,2,2026-06-09 20:49:23,,2026-06-09 21:58:23,
PED-003280,CLI-0196,5020.21,0,0,0,2,2026-06-09 15:48:19,,2026-06-09 19:11:19,
PED-003281,CLI-0100,8018.93,1,0,0,2,2026-06-09 12:46:51,,2026-06-09 16:26:51,
PED-003282,CLI-0186,8719.03,0,1,0,1,2026-06-09 22:55:57,2026-06-10 00:01:57,, ivonne.rios 
PED-003283,CLI-0008,37773.3,0,0,1,4,2026-06-09 09:19:30,2026-06-09 12:31:30,,KARLA.MENDEZ
PED-003284,CLI-0162,2046.95,0,1,0,1,2026-06-09 09:49:06,2026-06-09 11:51:06,,ivonne.rios
PED-003285,CLI-0086,1976.96,0,1,0,1,2026-06-09 04:54:14,2026-06-09 07:16:14,, monica.vega 
PED-003286,CLI-0198,2306.42,1,0,0,1,2026-06-10 04:07:08,2026-06-10 06:58:08,, diego.castillo 
PED-003287,CLI-0038,12845.91,0,0,0,1,2026-06-10 23:45:46,2026-06-10 23:53:46,,paola.herrera
PED-003288,CLI-0052,13577.27,1,0,0,2,2026-06-10 18:16:30,,2026-06-10 20:12:30,
PED-003289,CLI-0038,10206.88,1,0,0,4,2026-06-10 23:02:25,2026-06-11 01:57:25,,jorge_salinas
PED-003290,CLI-0107,1000.42,0,0,0,1,2026-06-10 23:39:19,2026-06-11 01:45:19,,jorge.salinas
PED-003291,CLI-0004,6056.9,0,0,1,0,2026-06-10 22:01:02,,,
PED-003292,CLI-0095,6095.55,0,0,0,2,2026-06-10 22:26:13,,2026-06-11 03:33:13,
PED-003293,CLI-0180,3304.66,0,1,0,2,2026-06-10 03:38:06,,2026-06-10 10:19:06,
PED-003294,CLI-0065,13043.64,0,0,0,1,2026-06-10 08:40:41,2026-06-10 12:58:41,,hector_paredes
PED-003295,CLI-0173,1279.05,1,0,0,1,2026-06-10 19:35:49,2026-06-11 00:57:49,,ANA.TORRES
PED-003296,CLI-0052,1851.8,0,0,1,1,2026-06-10 13:02:33,2026-06-10 13:16:33,,KARLA.MENDEZ
PED-003297,CLI-0008,3564.79,0,1,0,2,2026-06-10 03:19:49,,2026-06-10 16:42:49,
PED-003298,CLI-0174,1495.64,0,0,1,2,2026-06-10 04:09:09,,2026-06-10 06:08:09,
PED-003299,CLI-0167,35979.99,0,0,1,1,2026-06-10 16:41:23,2026-06-11 03:55:23,,luis_ramirez
PED-003300,CLI-0185,14960.85,0,1,0,1,2026-06-10 05:55:56,2026-06-10 06:10:56,,hector_paredes
PED-003301,CLI-0040,511.29,1,0,0,2,2026-06-10 03:09:15,,2026-06-10 03:24:15,
PED-003302,CLI-0029,2361.56,0,1,0,1,2026-06-10 17:24:41,2026-06-10 20:29:41,, jorge.salinas 
PED-003303,CLI-0052,17397.69,0,0,0,1,2026-06-10 20:03:42,2026-06-11 04:58:42,,luis_ramirez
PED-003304,CLI-0185,9525.19,0,1,0,1,2026-06-10 05:29:37,2026-06-10 06:31:37,, diego.castillo 
PED-003305,CLI-0121,3236.08,0,0,0,1,2026-06-10 20:19:17,2026-06-10 21:06:17,,diego_castillo
PED-003306,CLI-0158,3957.45,0,1,0,1,2026-06-10 18:05:24,2026-06-11 02:33:24,, sergio.nunez 
PED-003307,CLI-0021,5201.84,0,0,1,2,2026-06-10 02:36:43,,2026-06-10 14:23:43,
PED-003308,CLI-0154,4117.6,0,0,0,1,2026-06-11 03:02:44,2026-06-11 03:38:44,,diego.castillo
PED-003309,CLI-0058,4221.73,0,0,0,2,2026-06-11 03:23:02,,2026-06-11 06:50:02,
PED-003310,CLI-0153,2789.41,1,0,0,1,2026-06-11 19:28:40,2026-06-11 20:09:40,, hector.paredes 
PED-003311,CLI-0068,4545.94,0,0,1,1,2026-06-11 00:50:11,2026-06-11 12:46:11,, hector.paredes 
PED-003312,CLI-0076,3338.44,0,0,1,2,2026-06-11 04:09:03,,2026-06-11 04:20:03,
PED-003313,CLI-0017,2531.53,0,0,1,2,2026-06-11 17:41:46,,2026-06-12 03:58:46,
PED-003314,CLI-0126,784.06,0,1,0,1,2026-06-11 00:58:12,2026-06-11 01:42:12,,JORGE.SALINAS
PED-003315,CLI-0026,6547.46,0,1,0,2,2026-06-11 02:27:23,,2026-06-11 03:43:23,
PED-003316,CLI-0130,2684.57,1,0,0,1,2026-06-11 18:14:36,2026-06-12 01:39:36,, jorge.salinas 
PED-003317,CLI-0056,7077.4,0,0,1,1,2026-06-11 20:17:56,2026-06-12 09:11:56,,diego.castillo
PED-003318,CLI-0200,2358.4,0,1,0,1,2026-06-11 06:21:48,2026-06-11 12:32:48,,SERGIO.NUNEZ
PED-003319,CLI-0108,734.18,0,0,1,1,2026-06-11 06:13:27,2026-06-11 10:32:27,,ana.torres
PED-003320,CLI-0132,4217.61,0,0,1,1,2026-06-11 18:46:21,2026-06-11 19:02:21,, jorge.salinas 
PED-003321,CLI-0072,16288.67,0,0,0,1,2026-06-11 12:24:54,2026-06-11 13:19:54,, diego.castillo 
PED-003322,CLI-0009,13941.85,0,1,0,1,2026-06-11 06:22:46,2026-06-11 08:41:46,, ivonne.rios 
PED-003323,CLI-0130,3627.22,0,1,0,1,2026-06-12 12:35:45,2026-06-12 16:36:45,,LUIS.RAMIREZ
PED-003324,CLI-0156,2118.91,0,0,1,2,2026-06-12 05:31:31,,2026-06-12 16:02:31,
PED-003325,CLI-0023,2551.87,0,0,1,1,2026-06-12 16:57:55,2026-06-12 18:28:55,,paola_herrera
PED-003326,CLI-0149,1897.34,0,1,0,1,2026-06-12 11:25:24,2026-06-12 11:47:24,,sergio.nunez
PED-003327,CLI-0018,6255.51,1,0,0,1,2026-06-12 08:46:04,2026-06-12 10:37:04,, diego.castillo 
PED-003328,CLI-0170,950.21,0,0,1,2,2026-06-12 15:16:49,,2026-06-13 21:52:49,
PED-003329,CLI-0025,9608.6,0,0,1,1,2026-06-12 21:07:22,2026-06-12 22:42:22,,paola.herrera
PED-003330,CLI-0126,432.23,1,0,0,0,2026-06-12 08:29:02,,,
PED-003331,CLI-0041,7164.62,0,0,1,1,2026-06-12 21:08:08,2026-06-13 01:08:08,,monica_vega
PED-003332,CLI-0174,740.72,0,0,1,1,2026-06-12 03:38:31,2026-06-12 04:43:31,,JORGE.SALINAS
PED-003333,CLI-0098,20996.73,0,0,1,1,2026-06-12 19:11:00,2026-06-13 03:32:00,,LUIS.RAMIREZ
PED-003334,CLI-0022,3715.38,0,0,0,2,2026-06-12 12:50:10,,2026-06-13 06:22:10,
PED-003335,CLI-0095,1902.88,0,0,1,2,2026-06-12 11:40:16,,2026-06-12 20:11:16,
PED-003336,CLI-0085,524.07,1,0,0,1,2026-06-12 06:32:48,2026-06-12 08:54:48,,paola.herrera
PED-003337,CLI-0139,4546.88,0,1,0,1,2026-06-12 02:22:27,2026-06-12 03:15:27,,SERGIO.NUNEZ
PED-003338,CLI-0036,3498.85,1,0,0,2,2026-06-12 00:30:51,,2026-06-12 06:46:51,
PED-003339,CLI-0102,6534.29,0,1,0,1,2026-06-13 21:15:13,2026-06-13 21:44:13,, sergio.nunez 
PED-003340,CLI-0170,10945.82,0,0,1,1,2026-06-13 06:35:16,2026-06-13 06:38:16,, paola.herrera 
PED-003341,CLI-0137,2549.52,0,0,1,2,2026-06-13 22:52:17,,2026-06-14 12:02:17,
PED-003342,CLI-0010,12096.12,0,0,0,1,2026-06-13 10:00:11,2026-06-13 10:39:11,,luis_ramirez
PED-003343,CLI-0086,4886.67,1,0,0,2,2026-06-13 02:41:10,,2026-06-13 14:18:10,
PED-003344,CLI-0190,8771.5,0,1,0,1,2026-06-13 03:05:44,2026-06-13 07:50:44,,hector.paredes
PED-003345,CLI-0179,6052.17,0,0,1,2,2026-06-13 21:28:48,,2026-06-15 10:11:48,
PED-003346,CLI-0051,4245.95,0,1,0,4,2026-06-13 19:50:13,2026-06-13 23:55:13,, paola.herrera 
PED-003347,CLI-0115,3522.01,0,0,1,1,2026-06-13 11:18:37,2026-06-13 14:58:37,,sergio.nunez
PED-003348,CLI-0001,11452.75,0,0,1,1,2026-06-13 11:06:05,2026-06-13 11:29:05,,jorge.salinas
PED-003349,CLI-0156,5334.45,0,0,1,1,2026-06-13 03:50:02,2026-06-13 07:16:02,,sergio_nunez
PED-003350,CLI-0168,3081.54,0,0,1,2,2026-06-13 21:28:30,,2026-06-14 23:24:30,
PED-003351,CLI-0109,3972.43,0,1,0,0,2026-06-13 16:43:52,,,
PED-003352,CLI-0147,6754.98,1,0,0,1,2026-06-14 11:58:17,2026-06-14 12:43:17,,ivonne.rios
PED-003353,CLI-0110,10225.33,0,0,1,1,2026-06-14 09:08:17,2026-06-14 09:48:17,,luis.ramirez
PED-003354,CLI-0175,7557.67,0,0,1,1,2026-06-14 07:05:23,2026-06-14 07:41:23,,sergio_nunez
PED-003355,CLI-0034,518.43,0,0,1,1,2026-06-14 08:16:50,2026-06-14 10:58:50,, ivonne.rios 
PED-003356,CLI-0091,7027.1,0,0,1,4,2026-06-14 22:50:38,2026-06-15 06:08:38,,LUIS.RAMIREZ
PED-003357,CLI-0114,5899.14,0,1,0,1,2026-06-14 00:53:40,2026-06-14 05:01:40,,hector_paredes
PED-003358,CLI-0118,23317.59,0,0,0,0,2026-06-14 05:51:50,,,
PED-003359,CLI-0046,4963.08,1,0,0,1,2026-06-14 10:43:15,2026-06-14 11:11:15,,monica_vega
PED-003360,CLI-0166,5705.14,1,0,0,1,2026-06-14 20:41:29,2026-06-14 22:47:29,,HECTOR.PAREDES
PED-003361,CLI-0072,8817.0,0,0,1,1,2026-06-14 16:04:24,2026-06-14 17:02:24,,luis_ramirez
PED-003362,CLI-0139,640.59,0,0,1,2,2026-06-14 13:37:37,,2026-06-14 18:09:37,
PED-003363,CLI-0039,2402.02,1,0,0,1,2026-06-14 07:57:15,2026-06-14 10:44:15,, paola.herrera 
PED-003364,CLI-0138,12842.22,0,0,1,2,2026-06-14 16:31:24,,2026-06-15 10:33:24,
PED-003365,CLI-0178,11372.76,1,0,0,1,2026-06-14 23:13:50,2026-06-14 23:46:50,,jorge_salinas
PED-003366,CLI-0093,4530.58,0,0,0,2,2026-06-14 13:06:21,,2026-06-15 05:13:21,
PED-003367,CLI-0188,6974.12,0,0,0,1,2026-06-14 12:09:21,2026-06-14 15:57:21,,ana.torres
PED-003368,CLI-0026,4962.92,0,0,1,2,2026-06-14 08:43:14,,2026-06-14 12:25:14,
PED-003369,CLI-0129,812.6,0,0,1,1,2026-06-14 08:55:26,2026-06-14 09:05:26,,PAOLA.HERRERA
PED-003370,CLI-0107,4472.41,0,0,0,1,2026-06-14 11:46:06,2026-06-14 14:02:06,, paola.herrera 
PED-003371,CLI-0193,4317.94,0,0,1,2,2026-06-14 00:07:17,,2026-06-16 01:14:17,
PED-003372,CLI-0137,2887.38,0,0,1,1,2026-06-14 04:14:19,2026-06-14 07:49:19,,DIEGO.CASTILLO
PED-003373,CLI-0008,16780.06,1,0,0,1,2026-06-14 09:31:43,2026-06-14 11:50:43,,diego_castillo
PED-003374,CLI-0106,1217.44,0,1,0,1,2026-06-14 15:29:26,2026-06-14 17:41:26,,ana_torres
PED-003375,CLI-0039,2624.37,0,0,0,1,2026-06-14 17:30:04,2026-06-14 19:54:04,,ivonne.rios
PED-003376,CLI-0033,7950.54,0,0,1,1,2026-06-15 19:54:21,2026-06-15 22:49:21,,luis_ramirez
PED-003377,CLI-0041,73776.32,0,0,0,1,2026-06-15 21:49:06,2026-06-16 02:13:06,,KARLA.MENDEZ
PED-003378,CLI-0068,3347.05,0,0,1,1,2026-06-15 11:00:12,2026-06-15 13:01:12,,karla.mendez
PED-003379,CLI-0046,2600.79,1,0,0,1,2026-06-15 19:23:14,2026-06-15 19:26:14,, ivonne.rios 
PED-003380,CLI-0006,3537.44,0,0,0,1,2026-06-15 18:02:24,2026-06-15 19:40:24,,jorge.salinas
PED-003381,CLI-0004,17410.98,0,0,1,1,2026-06-15 03:36:41,2026-06-15 14:36:41,, diego.castillo 
PED-003382,CLI-0098,67918.64,0,0,1,1,2026-06-15 13:27:54,2026-06-15 15:19:54,, jorge.salinas 
PED-003383,CLI-0189,10805.6,0,0,1,1,2026-06-15 01:50:05,2026-06-15 05:09:05,,jorge.salinas
PED-003384,CLI-0044,1918.59,0,0,1,1,2026-06-15 21:47:17,2026-06-15 23:55:17,,ivonne.rios
PED-003385,CLI-0013,6638.96,0,0,1,1,2026-06-15 07:02:11,2026-06-15 07:05:11,, ana.torres 
PED-003386,CLI-0158,7444.51,0,1,0,1,2026-06-15 02:26:02,2026-06-15 05:30:02,,HECTOR.PAREDES
PED-003387,CLI-0098,10919.21,0,0,1,1,2026-06-15 09:53:47,2026-06-15 14:27:47,,sergio.nunez
PED-003388,CLI-0060,2893.98,0,1,0,4,2026-06-15 06:43:21,2026-06-15 09:06:21,, ivonne.rios 
PED-003389,CLI-0187,12331.54,0,0,1,1,2026-06-15 12:47:38,2026-06-15 18:41:38,,IVONNE.RIOS
PED-003390,CLI-0064,549.48,0,1,0,2,2026-06-15 01:58:06,,2026-06-15 02:09:06,
PED-003391,CLI-0191,30612.56,1,0,0,2,2026-06-15 06:36:42,,2026-06-15 12:44:42,
PED-003392,CLI-0060,15330.85,0,0,1,2,2026-06-15 15:23:20,,2026-06-15 22:54:20,
PED-003393,CLI-0024,3339.75,0,0,0,1,2026-06-15 10:54:12,2026-06-15 14:20:12,, ivonne.rios 
PED-003394,CLI-0148,2379.21,1,0,0,2,2026-06-15 08:12:26,,2026-06-16 02:51:26,
PED-003395,CLI-0062,1791.45,1,0,0,1,2026-06-15 15:24:25,2026-06-16 00:24:25,,hector.paredes
PED-003396,CLI-0131,995.95,0,0,1,1,2026-06-15 07:57:45,2026-06-15 13:48:45,,PAOLA.HERRERA
PED-003397,CLI-0196,2642.17,0,0,1,1,2026-06-15 17:07:34,2026-06-15 17:44:34,, ivonne.rios 
PED-003398,CLI-0023,2586.9,1,0,0,2,2026-06-15 16:48:32,,2026-06-16 00:16:32,
PED-003399,CLI-0158,6319.03,1,0,0,1,2026-06-15 23:53:36,2026-06-16 01:21:36,,luis.ramirez
PED-003400,CLI-0187,2904.38,0,0,1,1,2026-06-16 02:24:15,2026-06-16 03:03:15,,ana_torres
PED-003401,CLI-0112,5745.66,0,1,0,2,2026-06-16 11:48:48,,2026-06-16 13:58:48,
PED-003402,CLI-0159,12742.37,0,0,1,1,2026-06-16 23:53:41,2026-06-17 00:47:41,,paola.herrera
PED-003403,CLI-0196,3103.69,0,0,1,1,2026-06-16 13:23:13,2026-06-16 13:30:13,,paola_herrera
PED-003404,CLI-0152,7291.21,0,0,1,2,2026-06-16 00:32:56,,2026-06-17 06:42:56,
PED-003405,CLI-0049,5078.94,0,0,0,2,2026-06-16 00:52:28,,2026-06-16 01:22:28,
PED-003406,CLI-0108,16028.8,1,0,0,2,2026-06-16 08:46:05,,2026-06-17 01:42:05,
PED-003407,CLI-0024,18967.25,0,0,1,1,2026-06-16 07:35:04,2026-06-16 08:09:04,,ivonne.rios
PED-003408,CLI-0062,4987.02,0,1,0,1,2026-06-16 02:21:44,2026-06-16 02:43:44,,LUIS.RAMIREZ
PED-003409,CLI-0188,10997.1,0,0,0,2,2026-06-16 01:36:44,,2026-06-16 06:01:44,
PED-003410,CLI-0028,3372.89,0,0,1,1,2026-06-16 01:07:50,2026-06-16 15:18:50,,HECTOR.PAREDES
PED-003411,CLI-0118,1743.19,0,0,0,2,2026-06-16 02:42:02,,2026-06-16 04:32:02,
PED-003412,CLI-0133,6333.94,0,0,1,1,2026-06-16 03:00:16,2026-06-16 03:57:16,,hector.paredes
PED-003413,CLI-0125,1476.55,0,0,1,1,2026-06-16 08:21:43,2026-06-16 13:25:43,,KARLA.MENDEZ
PED-003414,CLI-0019,4167.78,1,0,0,2,2026-06-16 07:11:33,,2026-06-16 08:35:33,
PED-003415,CLI-0007,6568.46,0,0,1,1,2026-06-16 09:52:24,2026-06-16 17:45:24,,diego.castillo
PED-003416,CLI-0046,6753.91,1,0,0,2,2026-06-16 21:12:42,,2026-06-17 03:40:42,
PED-003417,CLI-0060,4251.8,1,0,0,1,2026-06-16 04:11:08,2026-06-16 05:34:08,,monica_vega
PED-003418,CLI-0144,8570.15,0,0,1,4,2026-06-16 04:40:07,2026-06-16 05:17:07,,ana.torres
PED-003419,CLI-0185,6254.04,1,0,0,2,2026-06-16 08:35:32,,2026-06-16 12:41:32,
PED-003420,CLI-0024,5447.52,0,0,1,1,2026-06-16 06:46:08,2026-06-16 07:19:08,,diego_castillo
PED-003421,CLI-0124,2704.57,0,0,1,2,2026-06-16 03:17:35,,2026-06-16 11:31:35,
PED-003422,CLI-0169,1324.68,0,0,1,1,2026-06-16 08:07:49,2026-06-16 08:59:49,,ANA.TORRES
PED-003423,CLI-0009,1284.02,0,1,0,1,2026-06-16 22:04:46,2026-06-17 00:43:46,,ivonne.rios
PED-003424,CLI-0148,3811.53,1,0,0,1,2026-06-17 22:36:55,2026-06-18 01:36:55,,hector.paredes
PED-003425,CLI-0035,8834.39,0,0,1,1,2026-06-17 17:45:14,2026-06-17 19:15:14,, paola.herrera 
PED-003426,CLI-0153,1430.21,0,0,1,1,2026-06-17 20:50:51,2026-06-18 00:00:51,,HECTOR.PAREDES
PED-003427,CLI-0010,13062.17,0,1,0,4,2026-06-17 12:41:22,2026-06-17 13:44:22,,diego_castillo
PED-003428,CLI-0059,10648.86,0,0,1,1,2026-06-17 13:49:23,2026-06-17 15:06:23,,IVONNE.RIOS
PED-003429,CLI-0018,3442.85,0,0,0,1,2026-06-17 18:04:26,2026-06-18 00:55:26,,ivonne.rios
PED-003430,CLI-0131,3091.19,1,0,0,1,2026-06-17 07:55:00,2026-06-18 15:23:00,, paola.herrera 
PED-003431,CLI-0167,1962.0,0,1,0,1,2026-06-17 11:37:52,2026-06-17 11:47:52,,hector.paredes
PED-003432,CLI-0015,1625.89,0,1,0,1,2026-06-17 20:40:38,2026-06-17 22:05:38,,karla.mendez
PED-003433,CLI-0136,4857.04,0,0,0,1,2026-06-17 03:03:07,2026-06-17 04:57:07,,HECTOR.PAREDES
PED-003434,CLI-0067,10776.53,0,1,0,1,2026-06-17 11:19:53,2026-06-17 12:32:53,,DIEGO.CASTILLO
PED-003435,CLI-0049,6653.47,0,0,1,1,2026-06-17 18:12:54,2026-06-17 22:07:54,,PAOLA.HERRERA
PED-003436,CLI-0110,10804.91,0,0,0,1,2026-06-17 20:29:20,2026-06-17 21:49:20,,sergio_nunez
PED-003437,CLI-0136,2793.81,0,0,0,1,2026-06-17 16:03:41,2026-06-17 18:05:41,,IVONNE.RIOS
PED-003438,CLI-0103,1335.63,0,0,0,2,2026-06-17 17:45:22,,2026-06-18 10:08:22,
PED-003439,CLI-0024,9536.83,0,0,1,1,2026-06-17 01:56:14,2026-06-17 06:26:14,, karla.mendez 
PED-003440,CLI-0169,3557.53,0,0,1,1,2026-06-17 01:42:42,2026-06-17 02:22:42,,PAOLA.HERRERA
PED-003441,CLI-0191,4528.7,0,0,1,4,2026-06-17 16:17:49,2026-06-17 21:34:49,,monica_vega
PED-003442,CLI-0107,2714.13,0,1,0,2,2026-06-17 10:06:40,,2026-06-17 18:26:40,
PED-003443,CLI-0148,2012.25,0,0,1,2,2026-06-18 00:15:50,,2026-06-19 08:51:50,
PED-003444,CLI-0081,6027.13,0,0,1,1,2026-06-18 17:35:48,2026-06-18 21:07:48,,KARLA.MENDEZ
PED-003445,CLI-0164,5409.35,0,1,0,1,2026-06-18 23:55:57,2026-06-19 00:17:57,,SERGIO.NUNEZ
PED-003446,CLI-0174,1124.06,0,0,1,2,2026-06-18 01:23:15,,2026-06-18 01:41:15,
PED-003447,CLI-0106,10974.67,0,0,1,1,2026-06-18 06:46:32,2026-06-18 08:55:32,,ANA.TORRES
PED-003448,CLI-0084,4431.5,1,0,0,1,2026-06-18 22:22:13,2026-06-19 04:33:13,,IVONNE.RIOS
PED-003449,CLI-0027,7391.53,0,1,0,4,2026-06-18 07:04:10,2026-06-18 08:19:10,,ivonne.rios
PED-003450,CLI-0089,4451.77,0,0,1,1,2026-06-18 20:43:36,2026-06-19 06:46:36,,paola_herrera
PED-003451,CLI-0059,2023.25,0,0,0,2,2026-06-18 23:55:26,,2026-06-19 04:30:26,
PED-003452,CLI-0020,26012.58,0,0,1,1,2026-06-18 05:44:37,2026-06-18 06:43:37,,JORGE.SALINAS
PED-003453,CLI-0174,3687.85,0,0,0,1,2026-06-18 07:23:23,2026-06-18 07:59:23,,ANA.TORRES
PED-003454,CLI-0019,7994.04,1,0,0,1,2026-06-18 02:16:10,2026-06-18 03:14:10,,sergio_nunez
PED-003455,CLI-0095,8625.19,0,0,1,1,2026-06-18 16:21:41,2026-06-18 19:48:41,,paola_herrera
PED-003456,CLI-0125,4671.07,0,0,0,1,2026-06-18 15:21:30,2026-06-18 20:38:30,,paola_herrera
PED-003457,CLI-0025,7999.94,0,1,0,2,2026-06-18 19:11:56,,2026-06-19 18:26:56,
PED-003458,CLI-0001,1201.47,1,0,0,0,2026-06-18 19:03:55,,,
PED-003459,CLI-0041,1186.47,0,1,0,4,2026-06-18 00:21:49,2026-06-18 01:09:49,,paola.herrera
PED-003460,CLI-0148,4765.64,0,0,1,1,2026-06-18 16:12:03,2026-06-18 18:19:03,,sergio.nunez
PED-003461,CLI-0086,3559.24,0,0,0,2,2026-06-18 20:03:24,,2026-06-18 20:21:24,
PED-003462,CLI-0198,4624.42,0,1,0,1,2026-06-18 03:24:35,2026-06-18 03:37:35,,monica.vega
PED-003463,CLI-0035,3732.52,1,0,0,2,2026-06-18 14:16:14,,2026-06-19 16:27:14,
PED-003464,CLI-0041,4771.42,1,0,0,2,2026-06-19 14:49:27,,2026-06-19 14:59:27,
PED-003465,CLI-0197,3569.92,0,0,1,1,2026-06-19 05:36:36,2026-06-19 09:12:36,, ivonne.rios 
PED-003466,CLI-0057,3586.58,0,1,0,4,2026-06-19 04:34:50,2026-06-19 07:00:50,,sergio.nunez
PED-003467,CLI-0154,4709.1,0,1,0,4,2026-06-19 20:36:54,2026-06-19 21:15:54,,ivonne_rios
PED-003468,CLI-0152,944.93,0,1,0,1,2026-06-19 20:32:04,2026-06-19 22:44:04,,jorge_salinas
PED-003469,CLI-0048,1598.45,0,0,1,1,2026-06-19 04:21:47,2026-06-19 05:45:47,,paola.herrera
PED-003470,CLI-0156,4871.75,0,1,0,1,2026-06-19 02:16:36,2026-06-19 03:41:36,,jorge.salinas
PED-003471,CLI-0088,5044.66,1,0,0,2,2026-06-19 08:12:37,,2026-06-19 09:35:37,
PED-003472,CLI-0166,14786.94,0,0,0,1,2026-06-19 09:36:32,2026-06-19 16:26:32,, ivonne.rios 
PED-003473,CLI-0129,11049.57,0,1,0,1,2026-06-19 02:18:40,2026-06-19 02:41:40,, jorge.salinas 
PED-003474,CLI-0156,2518.02,0,0,1,1,2026-06-19 15:55:12,2026-06-19 20:15:12,,luis_ramirez
PED-003475,CLI-0184,4757.12,0,1,0,1,2026-06-19 18:49:31,2026-06-19 19:04:31,,paola_herrera
PED-003476,CLI-0154,1826.89,0,1,0,1,2026-06-19 15:16:40,2026-06-20 00:20:40,,KARLA.MENDEZ
PED-003477,CLI-0002,4108.59,0,0,1,1,2026-06-19 01:03:27,2026-06-19 01:38:27,, paola.herrera 
PED-003478,CLI-0088,4725.64,0,0,1,1,2026-06-19 18:50:19,2026-06-19 19:33:19,,ANA.TORRES
PED-003479,CLI-0047,3640.58,1,0,0,1,2026-06-19 18:55:39,2026-06-19 19:53:39,,diego.castillo
PED-003480,CLI-0091,1906.11,0,0,1,2,2026-06-19 09:14:23,,2026-06-20 00:38:23,
PED-003481,CLI-0090,4760.51,0,0,0,0,2026-06-19 06:26:22,,,
PED-003482,CLI-0053,3069.29,0,0,1,2,2026-06-19 03:56:34,,2026-06-19 21:59:34,
PED-003483,CLI-0136,1966.58,0,1,0,2,2026-06-19 06:22:46,,2026-06-19 07:05:46,
PED-003484,CLI-0068,13838.57,0,1,0,2,2026-06-19 11:00:23,,2026-06-20 02:54:23,
PED-003485,CLI-0162,7347.05,0,0,1,0,2026-06-19 10:24:33,,,
PED-003486,CLI-0030,3071.31,0,0,1,1,2026-06-19 05:07:48,2026-06-19 07:36:48,,ivonne_rios
PED-003487,CLI-0137,12904.17,0,0,1,1,2026-06-19 20:16:51,2026-06-19 21:06:51,,karla_mendez
PED-003488,CLI-0093,5634.48,0,1,0,1,2026-06-19 20:25:56,2026-06-20 02:29:56,, paola.herrera 
PED-003489,CLI-0032,13955.06,1,0,0,2,2026-06-19 06:04:58,,2026-06-19 23:11:58,
PED-003490,CLI-0183,3792.8,0,1,0,1,2026-06-20 04:44:37,2026-06-20 04:57:37,, sergio.nunez 
PED-003491,CLI-0079,4680.08,0,0,1,2,2026-06-20 02:01:43,,2026-06-20 09:10:43,
PED-003492,CLI-0195,31794.16,0,0,1,4,2026-06-20 12:10:12,2026-06-20 18:26:12,,DIEGO.CASTILLO
PED-003493,CLI-0078,1639.69,0,1,0,2,2026-06-20 10:43:09,,2026-06-21 07:07:09,
PED-003494,CLI-0054,4515.74,0,1,0,2,2026-06-20 16:30:19,,2026-06-20 19:40:19,
PED-003495,CLI-0049,7686.73,0,0,0,1,2026-06-20 02:11:58,2026-06-20 06:33:58,,paola_herrera
PED-003496,CLI-0116,9827.64,0,0,0,1,2026-06-20 21:40:16,2026-06-20 23:06:16,,luis.ramirez
PED-003497,CLI-0185,3483.01,0,0,1,1,2026-06-20 04:20:14,2026-06-20 05:42:14,,ANA.TORRES
PED-003498,CLI-0043,14550.62,0,1,0,1,2026-06-20 18:47:09,2026-06-21 00:17:09,,hector.paredes
PED-003499,CLI-0072,2778.98,0,0,1,1,2026-06-20 06:58:08,2026-06-20 09:18:08,,MONICA.VEGA
PED-003500,CLI-0133,11076.28,0,0,1,1,2026-06-20 16:17:37,2026-06-20 17:15:37,,diego_castillo
PED-003501,CLI-0051,2285.58,0,1,0,4,2026-06-20 05:33:25,2026-06-20 06:05:25,,hector.paredes
PED-003502,CLI-0102,7062.15,0,0,1,2,2026-06-20 21:33:32,,2026-06-20 23:11:32,
PED-003503,CLI-0135,5194.97,0,0,1,3,2026-06-20 15:18:30,,,
PED-003504,CLI-0121,28215.77,0,1,0,1,2026-06-20 21:25:16,2026-06-21 00:55:16,,jorge_salinas
PED-003505,CLI-0196,11661.75,0,0,1,1,2026-06-20 22:16:48,2026-06-20 22:24:48,,ivonne_rios
PED-003506,CLI-0044,1335.16,0,0,1,2,2026-06-20 01:14:32,,2026-06-20 02:44:32,
PED-003507,CLI-0184,1107.27,0,0,1,0,2026-06-20 22:17:34,,,
PED-003508,CLI-0097,3054.19,0,0,0,2,2026-06-21 09:19:14,,2026-06-22 03:58:14,
PED-003509,CLI-0099,2749.06,0,1,0,1,2026-06-21 17:17:36,2026-06-21 17:41:36,,HECTOR.PAREDES
PED-003510,CLI-0112,3796.27,0,1,0,4,2026-06-21 04:31:02,2026-06-21 08:05:02,,monica_vega
PED-003511,CLI-0094,6900.09,0,0,1,2,2026-06-21 15:16:19,,2026-06-21 16:37:19,
PED-003512,CLI-0100,7147.29,0,0,0,3,2026-06-21 21:04:43,,,
PED-003513,CLI-0002,1705.38,0,1,0,0,2026-06-21 01:20:56,,,
PED-003514,CLI-0138,9066.68,0,1,0,2,2026-06-21 13:04:45,,2026-06-21 17:26:45,
PED-003515,CLI-0067,1162.1,0,1,0,1,2026-06-21 10:42:36,2026-06-21 11:03:36,,ivonne.rios
PED-003516,CLI-0077,10906.2,0,0,1,0,2026-06-21 06:51:21,,,
PED-003517,CLI-0092,1380.38,0,0,0,1,2026-06-21 04:14:25,2026-06-21 05:42:25,,hector_paredes
PED-003518,CLI-0127,5305.27,0,1,0,0,2026-06-21 12:01:14,,,
PED-003519,CLI-0181,1255.45,1,0,0,3,2026-06-21 04:19:38,,,
PED-003520,CLI-0073,1899.55,0,0,0,1,2026-06-21 14:45:49,2026-06-21 18:02:49,,luis.ramirez
PED-003521,CLI-0066,9356.12,0,1,0,1,2026-06-21 05:04:17,2026-06-21 06:44:17,, ana.torres 
PED-003522,CLI-0063,5299.04,0,1,0,1,2026-06-21 12:41:29,2026-06-21 15:01:29,, luis.ramirez 
PED-003523,CLI-0161,4473.38,0,1,0,1,2026-06-21 05:14:54,2026-06-21 06:13:54,, luis.ramirez 
PED-003524,CLI-0107,7518.38,0,1,0,1,2026-06-21 11:19:27,2026-06-21 13:22:27,,DIEGO.CASTILLO
PED-003525,CLI-0035,1376.63,0,0,0,4,2026-06-21 07:46:12,2026-06-21 08:58:12,,LUIS.RAMIREZ
PED-003526,CLI-0187,8971.75,0,0,1,2,2026-06-22 20:48:01,,2026-06-23 18:15:01,
PED-003527,CLI-0011,9617.84,0,0,1,1,2026-06-22 05:49:17,2026-06-22 08:51:17,,jorge_salinas
PED-003528,CLI-0014,2759.57,0,1,0,1,2026-06-22 19:50:40,2026-06-22 21:36:40,, monica.vega 
PED-003529,CLI-0137,3339.91,0,0,1,1,2026-06-22 05:59:29,2026-06-22 08:16:29,, ana.torres 
PED-003530,CLI-0082,2513.14,0,1,0,0,2026-06-22 07:44:02,,,
PED-003531,CLI-0165,5386.11,1,0,0,2,2026-06-22 01:11:48,,2026-06-22 09:33:48,
PED-003532,CLI-0146,1488.88,0,0,1,0,2026-06-22 19:28:47,,,
PED-003533,CLI-0102,8614.14,0,0,1,1,2026-06-22 07:28:37,2026-06-22 11:28:37,,ana_torres
PED-003534,CLI-0026,3355.36,0,0,1,1,2026-06-22 12:43:44,2026-06-22 18:48:44,, ana.torres 
PED-003535,CLI-0184,5838.06,0,0,1,1,2026-06-22 03:04:05,2026-06-22 03:06:05,, monica.vega 
PED-003536,CLI-0156,6928.69,0,1,0,3,2026-06-22 07:32:49,,,
PED-003537,CLI-0038,1245.22,0,0,1,2,2026-06-22 01:00:32,,2026-06-22 09:03:32,
PED-003538,CLI-0090,4608.54,0,0,1,1,2026-06-22 12:30:00,2026-06-22 20:23:00,,sergio_nunez
PED-003539,CLI-0190,5514.04,0,0,1,1,2026-06-22 22:38:13,2026-06-22 22:50:13,,IVONNE.RIOS
PED-003540,CLI-0165,5700.82,0,1,0,1,2026-06-22 05:57:54,2026-06-22 06:19:54,,jorge.salinas
PED-003541,CLI-0033,3601.94,0,1,0,2,2026-06-22 21:12:15,,2026-06-23 07:36:15,
PED-003542,CLI-0056,17439.17,1,0,0,0,2026-06-22 03:23:35,,,
PED-003543,CLI-0091,3001.24,0,0,1,0,2026-06-22 19:04:45,,,
PED-003544,CLI-0109,10138.94,0,0,0,1,2026-06-22 08:27:03,2026-06-22 08:34:03,,KARLA.MENDEZ
PED-003545,CLI-0099,19173.66,0,1,0,1,2026-06-22 14:58:54,2026-06-22 16:15:54,, hector.paredes 
PED-003546,CLI-0162,3546.96,1,0,0,1,2026-06-22 16:32:19,2026-06-22 18:59:19,, ivonne.rios 
PED-003547,CLI-0091,347.52,1,0,0,1,2026-06-23 22:59:59,2026-06-24 03:56:59,,hector_paredes
PED-003548,CLI-0026,5377.42,1,0,0,2,2026-06-23 12:03:05,,2026-06-24 13:30:05,
PED-003549,CLI-0156,4007.79,0,0,1,1,2026-06-23 21:46:11,2026-06-23 22:29:11,,sergio.nunez
PED-003550,CLI-0071,7847.07,0,0,1,0,2026-06-23 10:33:43,,,
PED-003551,CLI-0192,1707.64,0,1,0,2,2026-06-23 11:11:40,,2026-06-23 17:49:40,
PED-003552,CLI-0145,3849.95,0,0,1,1,2026-06-23 18:32:09,2026-06-24 00:31:09,,jorge_salinas
PED-003553,CLI-0027,3615.95,1,0,0,1,2026-06-23 03:11:42,2026-06-23 04:17:42,, karla.mendez 
PED-003554,CLI-0130,3206.63,0,0,1,1,2026-06-23 22:37:24,2026-06-23 23:58:24,, ivonne.rios 
PED-003555,CLI-0017,6265.17,0,0,1,4,2026-06-23 08:16:38,2026-06-23 09:20:38,,sergio.nunez
PED-003556,CLI-0190,13955.34,0,0,1,1,2026-06-23 14:39:16,2026-06-23 15:46:16,, jorge.salinas 
PED-003557,CLI-0025,6984.43,0,0,1,0,2026-06-23 18:43:21,,,
PED-003558,CLI-0084,1490.3,1,0,0,1,2026-06-23 18:43:29,2026-06-23 21:34:29,,ana.torres
PED-003559,CLI-0058,4743.86,1,0,0,0,2026-06-23 20:00:04,,,
PED-003560,CLI-0026,8227.96,0,0,1,1,2026-06-23 13:47:32,2026-06-23 14:28:32,,diego_castillo
PED-003561,CLI-0119,3739.05,0,1,0,3,2026-06-23 14:08:14,,,
PED-003562,CLI-0190,4335.99,1,0,0,1,2026-06-23 11:07:11,2026-06-23 11:17:11,,jorge_salinas
PED-003563,CLI-0052,17816.22,1,0,0,1,2026-06-23 01:11:53,2026-06-23 02:38:53,,ivonne_rios
PED-003564,CLI-0054,8195.54,0,0,1,2,2026-06-23 12:36:34,,2026-06-23 17:17:34,
PED-003565,CLI-0068,4162.44,0,0,1,1,2026-06-23 16:57:38,2026-06-24 00:10:38,,KARLA.MENDEZ
PED-003566,CLI-0186,4230.1,0,1,0,1,2026-06-24 15:09:31,2026-06-24 16:27:31,, diego.castillo 
PED-003567,CLI-0124,14268.78,0,0,1,0,2026-06-24 03:54:18,,,
PED-003568,CLI-0058,7478.09,0,0,1,2,2026-06-24 11:44:00,,2026-06-25 08:50:00,
PED-003569,CLI-0082,2689.83,0,0,1,2,2026-06-24 21:18:07,,2026-06-24 22:56:07,
PED-003570,CLI-0015,11144.64,0,0,1,3,2026-06-24 11:02:21,,,
PED-003571,CLI-0092,4359.14,0,1,0,2,2026-06-24 14:10:17,,2026-06-25 15:33:17,
PED-003572,CLI-0117,2745.38,0,1,0,0,2026-06-24 01:24:10,,,
PED-003573,CLI-0166,3708.61,0,1,0,1,2026-06-24 02:49:23,2026-06-24 05:16:23,, paola.herrera 
PED-003574,CLI-0035,4372.25,0,0,0,1,2026-06-24 05:42:05,2026-06-24 10:56:05,, ivonne.rios 
PED-003575,CLI-0036,5256.33,0,0,1,1,2026-06-24 15:02:37,2026-06-24 22:49:37,,ana_torres
PED-003576,CLI-0139,4348.55,0,0,0,3,2026-06-24 15:11:18,,,
PED-003577,CLI-0165,5261.08,1,0,0,0,2026-06-24 02:18:57,,,
PED-003578,CLI-0156,13102.5,1,0,0,1,2026-06-24 21:11:48,2026-06-25 02:34:48,,JORGE.SALINAS
PED-003579,CLI-0073,7828.8,1,0,0,3,2026-06-24 06:04:47,,,
PED-003580,CLI-0175,16725.75,0,0,1,1,2026-06-24 23:15:22,2026-06-25 00:34:22,, monica.vega 
PED-003581,CLI-0013,6773.08,0,1,0,1,2026-06-24 09:44:14,2026-06-24 12:08:14,,ivonne.rios
PED-003582,CLI-0161,2822.03,0,0,1,1,2026-06-24 06:05:10,2026-06-24 10:40:10,,diego.castillo
PED-003583,CLI-0105,12341.85,0,0,1,0,2026-06-24 20:16:03,,,
PED-003584,CLI-0048,8393.12,0,1,0,0,2026-06-24 00:16:18,,,
PED-003585,CLI-0015,7874.97,0,0,1,1,2026-06-24 06:48:41,2026-06-24 07:50:41,,luis_ramirez
PED-003586,CLI-0079,2591.5,1,0,0,1,2026-06-24 10:35:18,2026-06-24 12:22:18,, monica.vega 
PED-003587,CLI-0032,11662.62,0,0,1,1,2026-06-25 07:07:38,2026-06-25 08:03:38,,hector_paredes
PED-003588,CLI-0108,2600.53,0,1,0,2,2026-06-25 01:10:02,,2026-06-25 04:21:02,
PED-003589,CLI-0144,9680.07,0,0,1,0,2026-06-25 06:05:40,,,
PED-003590,CLI-0051,4861.03,0,1,0,4,2026-06-25 23:49:04,2026-06-26 01:32:04,,jorge.salinas
PED-003591,CLI-0118,5496.41,0,0,1,3,2026-06-25 03:59:27,,,
PED-003592,CLI-0031,4968.34,0,0,0,0,2026-06-25 05:13:21,,,
PED-003593,CLI-0106,15065.44,0,0,1,3,2026-06-25 14:36:01,,,
PED-003594,CLI-0145,14285.34,1,0,0,4,2026-06-25 11:28:38,2026-06-25 17:45:38,, sergio.nunez 
PED-003595,CLI-0139,2018.01,0,0,1,1,2026-06-25 16:13:53,2026-06-25 17:02:53,,IVONNE.RIOS
PED-003596,CLI-0117,16719.88,0,0,1,1,2026-06-25 01:17:44,2026-06-25 04:13:44,,luis.ramirez
PED-003597,CLI-0076,2772.25,0,0,1,0,2026-06-25 00:09:19,,,
PED-003598,CLI-0147,25917.43,1,0,0,2,2026-06-25 16:52:44,,2026-06-26 10:56:44,
PED-003599,CLI-0009,14970.14,0,0,1,2,2026-06-25 01:20:47,,2026-06-25 03:01:47,
PED-003600,CLI-0141,996.61,0,1,0,1,2026-06-25 01:25:41,2026-06-25 04:55:41,,diego.castillo
PED-003601,CLI-0166,5298.17,0,0,1,3,2026-06-25 01:32:48,,,
PED-003602,CLI-0137,2498.14,0,0,1,0,2026-06-25 14:09:27,,,
PED-003603,CLI-0088,4378.87,1,0,0,1,2026-06-25 16:15:32,2026-06-25 20:53:32,,luis_ramirez
PED-003604,CLI-0077,31401.6,0,0,1,3,2026-06-25 14:39:39,,,
PED-003605,CLI-0188,2368.31,0,0,1,0,2026-06-25 16:22:16,,,
PED-003606,CLI-0124,1626.14,0,0,0,2,2026-06-25 04:08:24,,2026-06-25 12:33:24,
PED-003607,CLI-0044,9387.15,1,0,0,1,2026-06-25 01:00:07,2026-06-25 02:00:07,,jorge.salinas
PED-003608,CLI-0021,7569.6,0,0,1,2,2026-06-25 03:53:40,,2026-06-25 18:51:40,
PED-003609,CLI-0050,6246.42,0,0,1,2,2026-06-25 00:06:56,,2026-06-25 06:37:56,
PED-003610,CLI-0156,8674.1,0,0,1,2,2026-06-25 23:35:00,,2026-06-26 03:43:00,
PED-003611,CLI-0027,2338.1,0,0,1,2,2026-06-25 22:02:36,,2026-06-26 12:20:36,
PED-003612,CLI-0072,1333.43,0,0,1,1,2026-06-25 22:51:36,2026-06-25 23:34:36,,jorge.salinas
PED-003613,CLI-0085,13843.62,0,1,0,3,2026-06-25 21:24:19,,,
PED-003614,CLI-0144,2121.27,1,0,0,1,2026-06-25 18:57:06,2026-06-26 01:51:06,,ana.torres
PED-003615,CLI-0076,11894.4,0,0,1,1,2026-06-25 22:39:04,2026-06-26 03:58:04,, hector.paredes 
PED-003616,CLI-0093,4674.31,0,0,0,3,2026-06-25 21:56:23,,,
PED-003617,CLI-0022,3267.02,0,0,0,1,2026-06-25 15:39:55,2026-06-25 15:57:55,,karla_mendez
PED-003618,CLI-0059,2457.62,1,0,0,0,2026-06-25 12:29:45,,,
PED-003619,CLI-0092,7743.98,0,1,0,0,2026-06-26 18:58:30,,,
PED-003620,CLI-0021,8575.71,0,0,0,4,2026-06-26 02:49:11,2026-06-26 07:08:11,,luis_ramirez
PED-003621,CLI-0048,6997.68,0,0,1,0,2026-06-26 09:38:50,,,
PED-003622,CLI-0112,4543.0,0,0,1,0,2026-06-26 12:32:58,,,
PED-003623,CLI-0149,33798.51,0,0,1,0,2026-06-26 05:07:44,,,
PED-003624,CLI-0072,9063.35,0,1,0,4,2026-06-26 04:56:53,2026-06-26 04:56:53,,sergio_nunez
PED-003625,CLI-0088,24009.47,0,1,0,3,2026-06-26 05:15:14,,,
PED-003626,CLI-0104,3357.04,0,0,0,0,2026-06-26 04:48:28,,,
PED-003627,CLI-0125,6424.04,0,1,0,0,2026-06-26 08:51:10,,,
PED-003628,CLI-0177,5566.77,0,0,0,1,2026-06-26 05:35:53,2026-06-26 05:35:53,,sergio.nunez
PED-003629,CLI-0192,5931.4,0,0,1,0,2026-06-26 10:07:34,,,
PED-003630,CLI-0139,8595.19,0,0,1,0,2026-06-26 06:24:31,,,
PED-003631,CLI-0042,7486.55,0,0,0,2,2026-06-26 12:02:30,,2026-06-27 14:12:30,
PED-003632,CLI-0059,2607.92,0,1,0,1,2026-06-26 07:10:45,2026-06-26 10:14:45,,hector.paredes
PED-003633,CLI-0095,7767.91,0,0,1,4,2026-06-26 20:03:24,2026-06-26 20:03:24,, jorge.salinas 
PED-003634,CLI-0036,6947.36,0,0,0,0,2026-06-26 11:32:13,,,
PED-003635,CLI-0101,10010.41,1,0,0,4,2026-06-26 18:46:09,2026-06-26 19:52:09,,ANA.TORRES
PED-003636,CLI-0040,14595.93,0,0,1,1,2026-06-26 15:06:07,2026-06-26 16:28:07,,karla.mendez
PED-003637,CLI-0048,14715.27,0,0,1,3,2026-06-26 21:39:22,,,
PED-003638,CLI-0108,13167.76,1,0,0,0,2026-06-26 22:08:01,,,
PED-003639,CLI-0170,1767.09,0,0,1,0,2026-06-26 04:30:17,,,
PED-003640,CLI-0059,4603.54,0,1,0,2,2026-06-26 13:26:50,,2026-06-26 18:06:50,
PED-003641,CLI-0170,15523.67,1,0,0,1,2026-06-26 16:27:35,2026-06-27 03:26:35,,monica.vega
PED-003642,CLI-0149,4724.31,0,0,1,0,2026-06-26 18:27:20,,,
PED-003643,CLI-0042,2940.86,0,0,1,0,2026-06-26 06:05:01,,,
PED-003644,CLI-0082,11632.35,0,0,1,1,2026-06-26 10:52:12,2026-06-26 10:56:12,,IVONNE.RIOS
PED-003645,CLI-0199,5555.83,0,0,1,3,2026-06-26 15:32:19,,,
PED-003646,CLI-0117,6114.51,0,0,0,0,2026-06-27 22:43:39,,,
PED-003647,CLI-0035,6270.07,0,1,0,1,2026-06-27 23:24:47,2026-06-28 02:52:47,,ana.torres
PED-003648,CLI-0002,3466.74,0,1,0,0,2026-06-27 17:35:47,,,
PED-003649,CLI-0014,2517.32,1,0,0,0,2026-06-27 09:07:38,,,
PED-003650,CLI-0196,10792.55,1,0,0,2,2026-06-27 09:04:16,,2026-06-27 09:10:16,
PED-003651,CLI-0108,2987.2,0,1,0,0,2026-06-27 15:59:31,,,
PED-003652,CLI-0045,1644.41,0,0,1,0,2026-06-27 14:56:18,,,
PED-003653,CLI-0187,7445.61,0,1,0,4,2026-06-27 23:37:10,2026-06-28 01:38:10,,monica_vega
PED-003654,CLI-0067,6881.51,0,0,1,1,2026-06-27 16:36:54,2026-06-27 21:14:54,,DIEGO.CASTILLO
PED-003655,CLI-0118,23880.92,0,0,1,3,2026-06-27 23:14:10,,,
PED-003656,CLI-0141,13478.52,0,1,0,0,2026-06-27 22:58:57,,,
PED-003657,CLI-0074,4865.68,0,0,1,3,2026-06-27 12:38:06,,,
PED-003658,CLI-0141,1407.92,1,0,0,1,2026-06-27 02:44:49,2026-06-27 09:48:49,,luis.ramirez
PED-003659,CLI-0035,2959.18,0,1,0,1,2026-06-27 09:16:46,2026-06-27 09:19:46,, jorge.salinas 
PED-003660,CLI-0057,7843.75,0,1,0,0,2026-06-27 19:53:11,,,
PED-003661,CLI-0105,7511.31,0,0,0,3,2026-06-27 05:18:50,,,
PED-003662,CLI-0093,1940.03,0,0,1,1,2026-06-27 23:54:28,2026-06-28 04:30:28,,KARLA.MENDEZ
PED-003663,CLI-0172,2153.51,0,0,0,1,2026-06-27 19:50:59,2026-06-27 21:15:59,,monica.vega
PED-003664,CLI-0096,6281.87,0,0,1,0,2026-06-27 08:15:09,,,
PED-003665,CLI-0017,12465.37,0,0,1,3,2026-06-27 02:46:48,,,
PED-003666,CLI-0183,12697.24,0,1,0,0,2026-06-27 10:22:04,,,
PED-003667,CLI-0013,6216.67,0,0,1,0,2026-06-27 08:59:19,,,
PED-003668,CLI-0117,32788.53,0,0,1,0,2026-06-27 19:36:07,,,
PED-003669,CLI-0071,6815.6,0,0,1,4,2026-06-27 16:15:42,2026-06-27 17:34:42,,karla.mendez
PED-003670,CLI-0015,4507.3,0,0,1,3,2026-06-27 13:24:44,,,
PED-003671,CLI-0104,6476.31,1,0,0,1,2026-06-27 06:22:45,2026-06-27 19:11:45,,jorge_salinas
PED-003672,CLI-0001,2266.6,0,0,1,1,2026-06-27 06:25:06,2026-06-27 11:30:06,,luis_ramirez
PED-003673,CLI-0143,8964.28,0,1,0,4,2026-06-27 17:45:09,2026-06-27 18:41:09,, monica.vega 
PED-003674,CLI-0077,11845.29,0,1,0,4,2026-06-27 08:32:48,2026-06-27 09:45:48,,diego_castillo
PED-003675,CLI-0027,6416.77,1,0,0,2,2026-06-28 01:18:55,,2026-06-28 13:05:55,
PED-003676,CLI-0006,3844.24,1,0,0,0,2026-06-28 05:48:19,,,
PED-003677,CLI-0119,2044.73,0,1,0,1,2026-06-28 07:12:12,2026-06-28 13:57:12,,DIEGO.CASTILLO
PED-003678,CLI-0049,7030.88,0,0,1,4,2026-06-28 04:25:03,2026-06-28 08:04:03,,paola.herrera
PED-003679,CLI-0110,6961.78,0,1,0,0,2026-06-28 17:08:57,,,
PED-003680,CLI-0001,2801.88,1,0,0,0,2026-06-28 19:02:08,,,
PED-003681,CLI-0057,2781.01,0,1,0,4,2026-06-28 08:35:33,2026-06-28 09:13:33,,luis_ramirez
PED-003682,CLI-0095,2163.04,0,0,1,1,2026-06-28 19:34:34,2026-06-28 21:52:34,,paola_herrera
PED-003683,CLI-0144,6588.92,0,0,0,2,2026-06-28 10:10:35,,2026-06-29 06:04:35,
PED-003684,CLI-0126,1624.35,0,0,0,3,2026-06-28 15:11:26,,,
PED-003685,CLI-0056,3663.47,0,1,0,0,2026-06-28 09:39:28,,,
PED-003686,CLI-0042,9047.83,0,0,1,0,2026-06-28 18:17:08,,,
PED-003687,CLI-0088,678.24,0,0,0,1,2026-06-28 17:53:12,2026-06-28 18:38:12,,monica.vega
PED-003688,CLI-0091,16568.96,0,1,0,3,2026-06-28 23:04:28,,,
PED-003689,CLI-0105,833.5,0,0,1,0,2026-06-28 00:05:11,,,
PED-003690,CLI-0013,5392.9,0,0,0,1,2026-06-28 09:25:33,2026-06-28 10:47:33,,diego_castillo
PED-003691,CLI-0168,3097.12,0,0,0,1,2026-06-28 03:05:08,2026-06-28 07:03:08,,KARLA.MENDEZ
PED-003692,CLI-0175,12476.98,0,0,0,0,2026-06-28 14:07:10,,,
PED-003693,CLI-0199,1742.56,0,0,1,2,2026-06-29 16:07:45,,2026-06-29 18:30:45,
PED-003694,CLI-0023,4975.82,1,0,0,0,2026-06-29 21:15:28,,,
PED-003695,CLI-0116,5715.33,1,0,0,0,2026-06-29 04:50:39,,,
PED-003696,CLI-0167,5186.58,0,1,0,0,2026-06-29 08:01:39,,,
PED-003697,CLI-0098,3441.74,0,1,0,0,2026-06-29 00:45:06,,,
PED-003698,CLI-0022,4052.53,1,0,0,1,2026-06-29 06:32:03,2026-06-29 07:46:03,, diego.castillo 
PED-003699,CLI-0079,15152.53,0,0,1,1,2026-06-29 10:33:18,2026-06-29 10:59:18,, sergio.nunez 
PED-003700,CLI-0110,8015.38,0,0,1,0,2026-06-29 18:18:12,,,
PED-003701,CLI-0054,945.5,0,0,1,0,2026-06-29 19:58:46,,,
PED-003702,CLI-0119,1781.1,0,1,0,0,2026-06-29 13:22:13,,,
PED-003703,CLI-0048,1033.11,0,0,0,0,2026-06-29 10:01:38,,,
PED-003704,CLI-0173,5233.38,0,0,1,1,2026-06-29 00:48:28,2026-06-29 02:12:28,, ivonne.rios 
PED-003705,CLI-0123,1949.71,0,1,0,0,2026-06-29 07:48:27,,,
PED-003706,CLI-0163,71913.06,0,0,1,0,2026-06-29 18:41:31,,,
PED-003707,CLI-0132,4244.98,1,0,0,0,2026-06-29 00:42:56,,,
PED-003708,CLI-0062,4092.83,0,0,1,3,2026-06-29 12:05:47,,,
PED-003709,CLI-0057,8010.94,0,0,1,1,2026-06-29 10:15:12,2026-06-29 13:05:12,,luis_ramirez
PED-003710,CLI-0199,1061.38,0,0,1,1,2026-06-29 09:39:26,2026-06-29 16:09:26,,HECTOR.PAREDES
PED-003711,CLI-0046,4429.42,0,0,1,3,2026-06-29 23:14:09,,,
PED-003712,CLI-0102,44886.92,0,0,1,0,2026-06-29 14:25:14,,,
