pedido,cliente_key,analista_key,motivo_key,estatus_key,fecha_creacion_key,fecha_liberacion_key,fecha_cancelacion_key,creado_en,liberado_fecha,cancelado_fecha,valor_pedido,minutos_liberacion,minutos_cancelacion,indicador_liberado,indicador_cancelado,indicador_en_pool,estatus_fue_reconstruido,usuario_no_catalogado
PED-000001,153,9,3,3,2026-01-01,2026-01-01,,2026-01-01 15:42:34,2026-01-01 20:03:34,,11458.74,261,,true,false,false,false,false
PED-000003,166,4,2,3,2026-01-01,2026-01-01,,2026-01-01 09:39:28,2026-01-01 10:35:28,,2267.96,56,,true,false,false,false,false
PED-000005,149,7,4,3,2026-01-01,2026-01-01,,2026-01-01 18:14:15,2026-01-01 20:17:15,,6828.77,123,,true,false,false,false,false
PED-000006,96,5,2,3,2026-01-01,2026-01-01,,2026-01-01 09:51:37,2026-01-01 10:52:37,,8555.94,61,,true,false,false,true,false
PED-000008,2,5,2,3,2026-01-01,2026-01-01,,2026-01-01 20:12:02,2026-01-01 21:15:02,,10767.48,63,,true,false,false,false,false
PED-000009,28,8,1,3,2026-01-01,2026-01-01,,2026-01-01 18:43:43,2026-01-01 19:54:43,,3686.00,71,,true,false,false,false,false
PED-000011,43,2,4,3,2026-01-01,2026-01-01,,2026-01-01 13:34:08,2026-01-01 16:26:08,,10036.79,172,,true,false,false,false,false
PED-000012,133,4,2,3,2026-01-01,2026-01-02,,2026-01-01 23:49:26,2026-01-02 07:28:26,,2148.43,459,,true,false,false,false,false
PED-000014,101,1,2,3,2026-01-01,2026-01-01,,2026-01-01 08:01:22,2026-01-01 09:10:22,,1675.29,69,,true,false,false,false,false
PED-000015,73,8,2,4,2026-01-01,2026-01-01,,2026-01-01 11:56:09,2026-01-01 13:31:09,,4497.89,95,,true,false,false,false,false
PED-000016,194,7,3,3,2026-01-01,2026-01-01,,2026-01-01 08:13:19,2026-01-01 14:21:19,,7043.05,368,,true,false,false,false,false
PED-000017,92,10,2,3,2026-01-01,2026-01-01,,2026-01-01 06:16:02,2026-01-01 12:42:02,,4085.12,386,,true,false,false,false,false
PED-000019,17,10,2,3,2026-01-01,2026-01-01,,2026-01-01 11:49:34,2026-01-01 13:10:34,,5012.38,81,,true,false,false,false,false
PED-000020,118,1,4,3,2026-01-01,2026-01-01,,2026-01-01 18:53:06,2026-01-01 19:01:06,,10421.23,8,,true,false,false,false,false
PED-000021,192,3,4,3,2026-01-01,2026-01-01,,2026-01-01 07:11:59,2026-01-01 07:27:59,,1423.65,16,,true,false,false,false,false
PED-000023,5,9,2,3,2026-01-02,2026-01-02,,2026-01-02 13:00:49,2026-01-02 14:50:49,,2364.57,110,,true,false,false,false,false
PED-000024,57,4,2,3,2026-01-02,2026-01-02,,2026-01-02 00:14:16,2026-01-02 08:35:16,,1935.09,501,,true,false,false,false,false
PED-000027,188,5,3,3,2026-01-02,2026-01-03,,2026-01-02 23:07:01,2026-01-03 00:47:01,,6949.71,100,,true,false,false,false,false
PED-000029,133,4,3,3,2026-01-02,2026-01-03,,2026-01-02 20:17:43,2026-01-03 03:02:43,,6356.57,405,,true,false,false,false,false
PED-000031,175,7,1,3,2026-01-02,2026-01-02,,2026-01-02 00:45:57,2026-01-02 01:34:57,,4181.53,49,,true,false,false,false,false
PED-000032,3,5,1,3,2026-01-02,2026-01-02,,2026-01-02 06:43:55,2026-01-02 07:18:55,,3445.61,35,,true,false,false,false,false
PED-000033,117,7,4,3,2026-01-02,2026-01-02,,2026-01-02 06:42:11,2026-01-02 09:45:11,,776.54,183,,true,false,false,false,false
PED-000034,186,4,1,3,2026-01-02,2026-01-02,,2026-01-02 20:44:36,2026-01-02 21:43:36,,1489.58,59,,true,false,false,true,false
PED-000036,29,3,2,3,2026-01-02,2026-01-03,,2026-01-02 23:02:48,2026-01-03 00:20:48,,6113.45,78,,true,false,false,false,false
PED-000040,91,9,2,3,2026-01-02,2026-01-02,,2026-01-02 06:57:23,2026-01-02 13:22:23,,13513.91,385,,true,false,false,false,false
PED-000041,119,6,1,3,2026-01-02,2026-01-02,,2026-01-02 06:26:54,2026-01-02 06:36:54,,25673.69,10,,true,false,false,false,false
PED-000043,119,7,2,3,2026-01-03,2026-01-03,,2026-01-03 13:51:28,2026-01-03 13:53:28,,3966.52,2,,true,false,false,true,false
PED-000045,84,1,2,4,2026-01-03,2026-01-03,,2026-01-03 12:52:34,2026-01-03 13:50:34,,61862.87,58,,true,false,false,false,false
PED-000049,128,2,4,3,2026-01-03,2026-01-03,,2026-01-03 19:49:31,2026-01-03 20:53:31,,18478.12,64,,true,false,false,false,false
PED-000050,74,7,4,3,2026-01-03,2026-01-03,,2026-01-03 01:28:01,2026-01-03 02:20:01,,6602.45,52,,true,false,false,false,false
PED-000053,41,4,4,3,2026-01-03,2026-01-03,,2026-01-03 04:51:23,2026-01-03 08:45:23,,5218.11,234,,true,false,false,false,false
PED-000054,17,4,2,3,2026-01-03,2026-01-03,,2026-01-03 12:04:45,2026-01-03 19:26:45,,14102.71,442,,true,false,false,false,false
PED-000055,160,7,3,3,2026-01-03,2026-01-03,,2026-01-03 17:21:43,2026-01-03 20:17:43,,3082.66,176,,true,false,false,false,false
PED-000056,113,6,4,3,2026-01-03,2026-01-03,,2026-01-03 02:09:45,2026-01-03 04:38:45,,2686.44,149,,true,false,false,false,false
PED-000058,132,2,3,3,2026-01-03,2026-01-03,,2026-01-03 05:39:25,2026-01-03 06:31:25,,8365.03,52,,true,false,false,false,false
PED-000060,188,6,2,3,2026-01-03,2026-01-03,,2026-01-03 15:13:40,2026-01-03 15:45:40,,4303.67,32,,true,false,false,false,false
PED-000063,3,4,4,3,2026-01-04,2026-01-04,,2026-01-04 06:30:11,2026-01-04 14:22:11,,809.83,472,,true,false,false,false,false
PED-000064,184,4,2,3,2026-01-04,2026-01-04,,2026-01-04 17:20:31,2026-01-04 17:32:31,,1163.11,12,,true,false,false,true,false
PED-000065,22,7,3,3,2026-01-04,2026-01-04,,2026-01-04 13:04:39,2026-01-04 17:19:39,,5161.17,255,,true,false,false,false,false
PED-000067,132,6,2,3,2026-01-04,2026-01-04,,2026-01-04 05:54:07,2026-01-04 17:33:07,,5867.00,699,,true,false,false,true,false
PED-000070,150,8,1,3,2026-01-04,2026-01-04,,2026-01-04 20:18:25,2026-01-04 21:42:25,,4618.27,84,,true,false,false,false,false
PED-000071,142,4,2,3,2026-01-04,2026-01-04,,2026-01-04 02:03:52,2026-01-04 06:30:52,,1296.62,267,,true,false,false,false,false
PED-000072,142,8,2,3,2026-01-04,2026-01-05,,2026-01-04 17:59:10,2026-01-05 06:48:10,,1926.60,769,,true,false,false,false,false
PED-000073,128,1,2,3,2026-01-04,2026-01-04,,2026-01-04 08:54:27,2026-01-04 11:32:27,,1876.61,158,,true,false,false,false,false
PED-000074,130,7,3,3,2026-01-04,2026-01-04,,2026-01-04 10:43:01,2026-01-04 11:38:01,,3610.11,55,,true,false,false,false,false
PED-000075,27,7,4,3,2026-01-04,2026-01-04,,2026-01-04 03:47:24,2026-01-04 03:57:24,,6727.09,10,,true,false,false,false,false
PED-000076,82,5,2,3,2026-01-04,2026-01-04,,2026-01-04 02:14:30,2026-01-04 05:45:30,,6632.67,211,,true,false,false,true,false
PED-000077,46,2,2,3,2026-01-04,2026-01-04,,2026-01-04 22:46:45,2026-01-04 23:32:45,,3252.54,46,,true,false,false,false,false
PED-000078,158,2,1,3,2026-01-04,2026-01-04,,2026-01-04 08:25:15,2026-01-04 08:40:15,,3805.00,15,,true,false,false,true,false
PED-000079,178,9,4,3,2026-01-04,2026-01-04,,2026-01-04 04:43:38,2026-01-04 11:34:38,,50914.67,411,,true,false,false,false,false
PED-000081,67,7,2,3,2026-01-05,2026-01-05,,2026-01-05 00:59:59,2026-01-05 01:34:59,,13052.80,35,,true,false,false,false,false
PED-000083,192,5,2,3,2026-01-05,2026-01-05,,2026-01-05 09:57:54,2026-01-05 12:52:54,,2572.07,175,,true,false,false,false,false
PED-000084,129,10,2,4,2026-01-05,2026-01-05,,2026-01-05 10:47:23,2026-01-05 13:51:23,,7469.42,184,,true,false,false,false,false
PED-000085,198,6,4,3,2026-01-05,2026-01-05,,2026-01-05 16:11:56,2026-01-05 16:57:56,,8968.68,46,,true,false,false,true,false
PED-000086,17,4,3,3,2026-01-05,2026-01-05,,2026-01-05 04:48:41,2026-01-05 06:45:41,,4137.27,117,,true,false,false,false,false
PED-000087,9,9,4,3,2026-01-05,2026-01-05,,2026-01-05 00:59:22,2026-01-05 05:05:22,,3548.95,246,,true,false,false,false,false
PED-000088,49,6,4,3,2026-01-05,2026-01-05,,2026-01-05 04:37:17,2026-01-05 05:11:17,,13808.39,34,,true,false,false,false,false
PED-000092,127,4,2,3,2026-01-05,2026-01-05,,2026-01-05 02:53:02,2026-01-05 10:39:02,,2208.53,466,,true,false,false,false,false
PED-000094,127,5,4,3,2026-01-05,2026-01-05,,2026-01-05 10:05:11,2026-01-05 15:01:11,,4623.09,296,,true,false,false,false,false
PED-000096,89,3,1,3,2026-01-05,2026-01-05,,2026-01-05 06:50:00,2026-01-05 09:33:00,,1872.59,163,,true,false,false,false,false
PED-000097,150,8,3,3,2026-01-05,2026-01-06,,2026-01-05 23:04:35,2026-01-06 03:27:35,,1635.76,263,,true,false,false,false,false
PED-000098,93,7,2,3,2026-01-05,2026-01-05,,2026-01-05 00:06:47,2026-01-05 08:22:47,,3356.84,496,,true,false,false,false,false
PED-000100,136,4,2,3,2026-01-06,2026-01-06,,2026-01-06 10:40:02,2026-01-06 10:53:02,,1078.11,13,,true,false,false,false,false
PED-000102,6,8,3,3,2026-01-06,2026-01-06,,2026-01-06 02:26:44,2026-01-06 05:24:44,,5058.86,178,,true,false,false,true,false
PED-000104,178,4,2,3,2026-01-06,2026-01-06,,2026-01-06 18:42:38,2026-01-06 20:37:38,,859.93,115,,true,false,false,false,false
PED-000106,100,7,4,3,2026-01-06,2026-01-06,,2026-01-06 12:49:12,2026-01-06 14:46:12,,1035.25,117,,true,false,false,false,false
PED-000107,127,5,2,3,2026-01-06,2026-01-06,,2026-01-06 02:28:20,2026-01-06 03:28:20,,8337.62,60,,true,false,false,false,false
PED-000108,180,9,3,3,2026-01-06,2026-01-06,,2026-01-06 10:47:34,2026-01-06 14:16:34,,4837.69,209,,true,false,false,false,false
PED-000110,175,8,2,3,2026-01-06,2026-01-06,,2026-01-06 14:52:38,2026-01-06 15:22:38,,1502.45,30,,true,false,false,true,false
PED-000111,199,2,1,3,2026-01-06,2026-01-06,,2026-01-06 01:27:18,2026-01-06 05:23:18,,4229.19,236,,true,false,false,false,false
PED-000112,21,4,3,3,2026-01-06,2026-01-06,,2026-01-06 06:08:09,2026-01-06 08:02:09,,3321.37,114,,true,false,false,false,false
PED-000113,9,3,4,3,2026-01-06,2026-01-07,,2026-01-06 07:39:17,2026-01-07 05:48:17,,3939.52,1329,,true,false,false,false,false
PED-000114,23,1,4,3,2026-01-06,2026-01-06,,2026-01-06 13:43:53,2026-01-06 13:54:53,,4101.08,11,,true,false,false,true,false
PED-000115,84,1,4,4,2026-01-06,2026-01-06,,2026-01-06 18:39:37,2026-01-06 20:22:37,,2165.66,103,,true,false,false,false,false
PED-000116,67,7,3,3,2026-01-06,2026-01-06,,2026-01-06 06:57:35,2026-01-06 09:03:35,,4861.60,126,,true,false,false,false,false
PED-000117,96,10,1,3,2026-01-06,2026-01-06,,2026-01-06 13:13:40,2026-01-06 15:06:40,,4507.23,113,,true,false,false,false,false
PED-000118,143,6,2,3,2026-01-06,2026-01-06,,2026-01-06 08:00:01,2026-01-06 14:18:01,,9804.39,378,,true,false,false,true,false
PED-000119,7,1,2,3,2026-01-06,2026-01-06,,2026-01-06 14:29:10,2026-01-06 14:42:10,,6312.77,13,,true,false,false,true,false
PED-000120,1,8,2,3,2026-01-06,2026-01-07,,2026-01-06 16:57:01,2026-01-07 07:56:01,,14313.42,899,,true,false,false,false,false
PED-000121,91,7,1,3,2026-01-07,2026-01-07,,2026-01-07 10:59:15,2026-01-07 16:58:15,,2199.93,359,,true,false,false,false,false
PED-000122,121,3,2,3,2026-01-07,2026-01-08,,2026-01-07 21:49:34,2026-01-08 05:15:34,,2145.73,446,,true,false,false,false,false
PED-000123,4,9,2,3,2026-01-07,2026-01-07,,2026-01-07 12:22:10,2026-01-07 13:17:10,,8718.61,55,,true,false,false,false,false
PED-000124,119,10,1,3,2026-01-07,2026-01-08,,2026-01-07 15:49:11,2026-01-08 00:46:11,,23297.37,537,,true,false,false,false,false
PED-000125,1,7,4,3,2026-01-07,2026-01-07,,2026-01-07 18:38:02,2026-01-07 22:55:02,,7025.43,257,,true,false,false,true,false
PED-000127,59,2,4,3,2026-01-07,2026-01-07,,2026-01-07 09:57:40,2026-01-07 14:15:40,,4290.05,258,,true,false,false,false,false
PED-000128,51,4,2,3,2026-01-07,2026-01-08,,2026-01-07 23:26:27,2026-01-08 00:02:27,,12041.70,36,,true,false,false,false,false
PED-000130,160,10,3,3,2026-01-07,2026-01-07,,2026-01-07 06:25:27,2026-01-07 06:28:27,,3687.87,3,,true,false,false,false,false
PED-000131,30,9,2,3,2026-01-07,2026-01-07,,2026-01-07 10:16:20,2026-01-07 12:14:20,,6504.88,118,,true,false,false,false,false
PED-000132,176,7,2,3,2026-01-07,2026-01-07,,2026-01-07 06:22:09,2026-01-07 11:57:09,,1726.98,335,,true,false,false,false,false
PED-000136,117,10,3,3,2026-01-07,2026-01-08,,2026-01-07 19:19:10,2026-01-08 01:50:10,,5530.05,391,,true,false,false,false,false
PED-000137,79,8,3,3,2026-01-07,2026-01-07,,2026-01-07 00:14:40,2026-01-07 00:44:40,,3162.84,30,,true,false,false,false,false
PED-000139,38,1,1,3,2026-01-07,2026-01-07,,2026-01-07 04:45:24,2026-01-07 04:56:24,,5300.64,11,,true,false,false,false,false
PED-000140,131,9,2,3,2026-01-07,2026-01-07,,2026-01-07 01:22:08,2026-01-07 06:25:08,,6316.86,303,,true,false,false,false,false
PED-000143,124,7,2,3,2026-01-07,2026-01-07,,2026-01-07 09:50:34,2026-01-07 12:04:34,,3333.55,134,,true,false,false,false,false
PED-000145,155,10,2,3,2026-01-07,2026-01-07,,2026-01-07 12:34:36,2026-01-07 16:41:36,,1233.88,247,,true,false,false,false,false
PED-000146,83,3,2,3,2026-01-07,2026-01-07,,2026-01-07 14:28:50,2026-01-07 14:54:50,,4012.27,26,,true,false,false,false,false
PED-000148,178,2,2,3,2026-01-07,2026-01-07,,2026-01-07 12:50:12,2026-01-07 17:03:12,,904.41,253,,true,false,false,true,false
PED-000149,26,9,4,3,2026-01-08,2026-01-08,,2026-01-08 06:46:23,2026-01-08 07:57:23,,7132.47,71,,true,false,false,false,false
PED-000150,51,9,3,4,2026-01-08,2026-01-08,,2026-01-08 02:08:45,2026-01-08 03:04:45,,6494.16,56,,true,false,false,false,false
PED-000151,81,7,3,3,2026-01-08,2026-01-08,,2026-01-08 09:07:23,2026-01-08 11:46:23,,10913.49,159,,true,false,false,false,false
PED-000153,159,7,3,3,2026-01-08,2026-01-08,,2026-01-08 20:08:27,2026-01-08 20:36:27,,1726.44,28,,true,false,false,false,false
PED-000155,92,8,2,3,2026-01-08,2026-01-08,,2026-01-08 06:53:34,2026-01-08 07:01:34,,1439.04,8,,true,false,false,false,false
PED-000157,36,10,4,3,2026-01-08,2026-01-08,,2026-01-08 09:56:04,2026-01-08 12:31:04,,3391.06,155,,true,false,false,false,false
PED-000159,74,3,4,3,2026-01-08,2026-01-08,,2026-01-08 06:39:57,2026-01-08 08:14:57,,3182.71,95,,true,false,false,true,false
PED-000160,84,9,4,3,2026-01-08,2026-01-08,,2026-01-08 09:27:40,2026-01-08 16:49:40,,9800.03,442,,true,false,false,true,false
PED-000161,134,5,2,3,2026-01-08,2026-01-08,,2026-01-08 09:39:54,2026-01-08 12:02:54,,8695.14,143,,true,false,false,false,false
PED-000162,173,8,2,3,2026-01-08,2026-01-08,,2026-01-08 17:35:36,2026-01-08 21:18:36,,1617.55,223,,true,false,false,false,false
PED-000163,135,8,2,3,2026-01-08,2026-01-09,,2026-01-08 21:55:01,2026-01-09 00:49:01,,3841.18,174,,true,false,false,false,false
PED-000167,98,9,3,3,2026-01-08,2026-01-08,,2026-01-08 08:42:05,2026-01-08 10:46:05,,9042.23,124,,true,false,false,false,false
PED-000169,49,10,1,3,2026-01-09,2026-01-09,,2026-01-09 00:30:06,2026-01-09 02:40:06,,5424.51,130,,true,false,false,false,false
PED-000170,164,6,2,3,2026-01-09,2026-01-09,,2026-01-09 15:12:39,2026-01-09 15:58:39,,7333.84,46,,true,false,false,false,false
PED-000172,85,7,1,3,2026-01-09,2026-01-09,,2026-01-09 05:37:42,2026-01-09 06:55:42,,1802.35,78,,true,false,false,false,false
PED-000173,55,3,3,3,2026-01-09,2026-01-10,,2026-01-09 21:03:56,2026-01-10 01:22:56,,6120.37,259,,true,false,false,false,false
PED-000174,111,8,2,3,2026-01-09,2026-01-09,,2026-01-09 05:21:59,2026-01-09 07:01:59,,1225.05,100,,true,false,false,false,false
PED-000176,85,1,1,3,2026-01-09,2026-01-09,,2026-01-09 02:32:35,2026-01-09 05:09:35,,11805.22,157,,true,false,false,true,false
PED-000179,107,4,2,4,2026-01-09,2026-01-09,,2026-01-09 05:19:37,2026-01-09 05:40:37,,5276.88,21,,true,false,false,false,false
PED-000181,165,8,1,3,2026-01-09,2026-01-09,,2026-01-09 08:06:50,2026-01-09 23:17:50,,4498.05,911,,true,false,false,false,false
PED-000183,44,10,4,3,2026-01-09,2026-01-09,,2026-01-09 07:51:17,2026-01-09 14:37:17,,4931.59,406,,true,false,false,false,false
PED-000184,80,7,2,3,2026-01-10,2026-01-11,,2026-01-10 23:05:02,2026-01-11 00:10:02,,3477.88,65,,true,false,false,false,false
PED-000185,196,7,4,3,2026-01-10,2026-01-10,,2026-01-10 20:29:20,2026-01-10 23:37:20,,9209.91,188,,true,false,false,false,false
PED-000186,114,7,2,3,2026-01-10,2026-01-10,,2026-01-10 10:54:27,2026-01-10 16:15:27,,3544.19,321,,true,false,false,false,false
PED-000187,98,4,1,3,2026-01-10,2026-01-10,,2026-01-10 09:12:53,2026-01-10 10:32:53,,3392.85,80,,true,false,false,false,false
PED-000188,55,9,1,3,2026-01-10,2026-01-10,,2026-01-10 06:55:17,2026-01-10 09:09:17,,1164.23,134,,true,false,false,false,false
PED-000189,43,5,4,3,2026-01-10,2026-01-10,,2026-01-10 03:53:59,2026-01-10 03:53:59,,2391.82,0,,true,false,false,false,false
PED-000190,188,8,2,4,2026-01-10,2026-01-10,,2026-01-10 18:33:53,2026-01-10 20:03:53,,4329.08,90,,true,false,false,false,false
PED-000191,20,6,4,3,2026-01-10,2026-01-10,,2026-01-10 08:09:40,2026-01-10 09:25:40,,1627.50,76,,true,false,false,false,false
PED-000193,42,5,2,3,2026-01-10,2026-01-10,,2026-01-10 08:15:05,2026-01-10 10:06:05,,38310.13,111,,true,false,false,false,false
PED-000194,25,3,2,3,2026-01-10,2026-01-10,,2026-01-10 00:46:32,2026-01-10 05:34:32,,1421.96,288,,true,false,false,false,false
PED-000196,35,9,2,3,2026-01-10,2026-01-10,,2026-01-10 05:02:21,2026-01-10 07:35:21,,2924.91,153,,true,false,false,false,false
PED-000197,117,9,4,3,2026-01-10,2026-01-10,,2026-01-10 07:49:29,2026-01-10 11:37:29,,628.70,228,,true,false,false,false,false
PED-000199,187,5,2,3,2026-01-10,2026-01-10,,2026-01-10 13:51:27,2026-01-10 15:41:27,,12586.57,110,,true,false,false,false,false
PED-000200,111,5,4,3,2026-01-10,2026-01-11,,2026-01-10 18:33:02,2026-01-11 00:13:02,,19247.06,340,,true,false,false,false,false
PED-000201,78,5,2,3,2026-01-10,2026-01-11,,2026-01-10 23:17:08,2026-01-11 03:12:08,,23521.81,235,,true,false,false,false,false
PED-000204,6,2,2,3,2026-01-11,2026-01-12,,2026-01-11 22:06:42,2026-01-12 02:42:42,,2864.72,276,,true,false,false,false,false
PED-000205,67,4,4,3,2026-01-11,2026-01-11,,2026-01-11 03:37:29,2026-01-11 04:00:29,,10059.32,23,,true,false,false,false,false
PED-000206,100,5,4,3,2026-01-11,2026-01-12,,2026-01-11 23:43:16,2026-01-12 11:45:16,,5725.79,722,,true,false,false,false,false
PED-000207,176,3,3,3,2026-01-11,2026-01-11,,2026-01-11 05:46:37,2026-01-11 13:09:37,,2710.06,443,,true,false,false,false,false
PED-000208,74,7,1,3,2026-01-11,2026-01-11,,2026-01-11 02:48:53,2026-01-11 04:26:53,,9686.32,98,,true,false,false,false,false
PED-000209,175,7,1,4,2026-01-11,2026-01-11,,2026-01-11 03:05:25,2026-01-11 05:46:25,,2676.85,161,,true,false,false,false,false
PED-000210,76,2,4,3,2026-01-11,2026-01-12,,2026-01-11 22:33:36,2026-01-12 01:32:36,,14348.09,179,,true,false,false,false,false
PED-000211,38,1,4,3,2026-01-11,2026-01-11,,2026-01-11 03:16:22,2026-01-11 04:54:22,,6397.36,98,,true,false,false,false,false
PED-000213,87,1,4,4,2026-01-11,2026-01-11,,2026-01-11 05:53:02,2026-01-11 07:51:02,,56368.79,118,,true,false,false,false,false
PED-000214,61,2,3,3,2026-01-11,2026-01-11,,2026-01-11 04:54:26,2026-01-11 07:49:26,,39295.29,175,,true,false,false,false,false
PED-000215,167,1,3,3,2026-01-11,2026-01-11,,2026-01-11 09:19:44,2026-01-11 09:39:44,,1536.57,20,,true,false,false,false,false
PED-000216,13,2,3,3,2026-01-11,2026-01-11,,2026-01-11 17:19:55,2026-01-11 22:14:55,,3397.16,295,,true,false,false,false,false
PED-000219,180,3,2,3,2026-01-11,2026-01-11,,2026-01-11 08:41:13,2026-01-11 10:14:13,,6823.18,93,,true,false,false,true,false
PED-000220,79,10,4,4,2026-01-11,2026-01-11,,2026-01-11 10:30:38,2026-01-11 12:11:38,,3693.41,101,,true,false,false,false,false
PED-000223,31,2,3,4,2026-01-11,2026-01-11,,2026-01-11 09:12:18,2026-01-11 09:17:18,,1381.83,5,,true,false,false,false,false
PED-000224,41,7,4,3,2026-01-11,2026-01-11,,2026-01-11 03:33:42,2026-01-11 06:09:42,,6187.68,156,,true,false,false,false,false
PED-000225,88,4,3,3,2026-01-12,2026-01-12,,2026-01-12 15:38:43,2026-01-12 16:29:43,,16833.34,51,,true,false,false,true,false
PED-000226,131,5,1,3,2026-01-12,2026-01-12,,2026-01-12 20:23:07,2026-01-12 23:42:07,,4070.54,199,,true,false,false,false,false
PED-000227,38,9,2,3,2026-01-12,2026-01-12,,2026-01-12 03:53:24,2026-01-12 14:08:24,,8859.04,615,,true,false,false,true,false
PED-000228,96,9,4,3,2026-01-12,2026-01-12,,2026-01-12 14:07:56,2026-01-12 22:04:56,,4559.17,477,,true,false,false,false,false
PED-000229,197,1,4,3,2026-01-12,2026-01-12,,2026-01-12 23:21:33,2026-01-12 23:29:33,,17940.84,8,,true,false,false,true,false
PED-000234,150,6,1,3,2026-01-12,2026-01-12,,2026-01-12 12:46:42,2026-01-12 15:18:42,,5423.72,152,,true,false,false,false,false
PED-000235,59,6,2,3,2026-01-12,2026-01-12,,2026-01-12 17:34:43,2026-01-12 18:19:43,,1324.22,45,,true,false,false,false,false
PED-000236,96,4,1,3,2026-01-12,2026-01-12,,2026-01-12 04:32:14,2026-01-12 05:37:14,,9895.63,65,,true,false,false,false,false
PED-000237,14,6,2,3,2026-01-12,2026-01-12,,2026-01-12 09:20:16,2026-01-12 12:30:16,,4815.44,190,,true,false,false,false,false
PED-000238,49,10,1,3,2026-01-12,2026-01-12,,2026-01-12 05:45:57,2026-01-12 15:17:57,,9328.03,572,,true,false,false,false,false
PED-000239,63,7,4,3,2026-01-12,2026-01-12,,2026-01-12 04:21:37,2026-01-12 08:05:37,,7699.01,224,,true,false,false,false,false
PED-000240,153,7,2,3,2026-01-12,2026-01-12,,2026-01-12 08:46:18,2026-01-12 09:51:18,,11004.34,65,,true,false,false,false,false
PED-000242,4,4,3,3,2026-01-12,2026-01-12,,2026-01-12 10:35:07,2026-01-12 11:03:07,,3354.25,28,,true,false,false,false,false
PED-000243,22,9,2,3,2026-01-12,2026-01-12,,2026-01-12 11:14:53,2026-01-12 22:53:53,,6492.82,699,,true,false,false,false,false
PED-000245,69,5,2,3,2026-01-12,2026-01-12,,2026-01-12 03:50:52,2026-01-12 09:46:52,,4471.76,356,,true,false,false,false,false
PED-000246,81,6,2,3,2026-01-12,2026-01-13,,2026-01-12 14:45:01,2026-01-13 01:46:01,,1199.48,661,,true,false,false,false,false
PED-000249,51,6,3,3,2026-01-12,2026-01-13,,2026-01-12 23:02:53,2026-01-13 09:01:53,,5686.52,599,,true,false,false,false,false
PED-000250,115,10,2,3,2026-01-12,2026-01-12,,2026-01-12 14:35:57,2026-01-12 14:36:57,,1328.44,1,,true,false,false,false,false
PED-000252,83,5,1,3,2026-01-12,2026-01-12,,2026-01-12 03:22:04,2026-01-12 06:08:04,,595.91,166,,true,false,false,false,false
PED-000255,58,1,4,3,2026-01-12,2026-01-13,,2026-01-12 23:16:05,2026-01-13 00:55:05,,1367.05,99,,true,false,false,false,false
PED-000256,189,4,2,3,2026-01-13,2026-01-13,,2026-01-13 12:55:57,2026-01-13 13:00:57,,3916.15,5,,true,false,false,true,false
PED-000257,128,6,1,3,2026-01-13,2026-01-13,,2026-01-13 22:19:07,2026-01-13 22:33:07,,6578.82,14,,true,false,false,false,false
PED-000259,26,1,3,3,2026-01-13,2026-01-13,,2026-01-13 12:33:09,2026-01-13 19:54:09,,1639.44,441,,true,false,false,true,false
PED-000261,101,10,1,3,2026-01-13,2026-01-14,,2026-01-13 23:37:43,2026-01-14 00:41:43,,559.65,64,,true,false,false,false,false
PED-000263,193,10,4,3,2026-01-13,2026-01-13,,2026-01-13 18:34:59,2026-01-13 21:00:59,,3972.69,146,,true,false,false,false,false
PED-000264,198,3,3,4,2026-01-13,2026-01-13,,2026-01-13 19:32:26,2026-01-13 22:24:26,,1825.99,172,,true,false,false,false,false
PED-000267,143,8,4,3,2026-01-13,2026-01-13,,2026-01-13 05:38:58,2026-01-13 09:03:58,,2556.99,205,,true,false,false,false,false
PED-000270,156,4,1,3,2026-01-13,2026-01-13,,2026-01-13 12:35:40,2026-01-13 13:13:40,,5770.90,38,,true,false,false,true,false
PED-000271,149,6,2,3,2026-01-13,2026-01-14,,2026-01-13 19:05:33,2026-01-14 01:03:33,,1780.84,358,,true,false,false,false,false
PED-000272,163,9,2,3,2026-01-13,2026-01-13,,2026-01-13 02:28:04,2026-01-13 04:32:04,,6209.45,124,,true,false,false,false,false
PED-000274,198,7,2,3,2026-01-14,2026-01-14,,2026-01-14 19:52:10,2026-01-14 20:00:10,,12614.27,8,,true,false,false,true,false
PED-000278,172,7,2,4,2026-01-14,2026-01-14,,2026-01-14 10:07:34,2026-01-14 12:21:34,,7753.70,134,,true,false,false,false,false
PED-000279,60,10,2,3,2026-01-14,2026-01-15,,2026-01-14 21:09:25,2026-01-15 01:30:25,,10977.14,261,,true,false,false,true,false
PED-000280,28,6,4,3,2026-01-14,2026-01-14,,2026-01-14 05:58:08,2026-01-14 10:07:08,,22901.31,249,,true,false,false,true,false
PED-000281,18,8,4,3,2026-01-14,2026-01-14,,2026-01-14 14:49:03,2026-01-14 15:33:03,,1898.01,44,,true,false,false,false,false
PED-000283,121,9,4,3,2026-01-14,2026-01-14,,2026-01-14 12:58:19,2026-01-14 15:42:19,,6420.33,164,,true,false,false,true,false
PED-000285,20,9,3,4,2026-01-14,2026-01-14,,2026-01-14 13:22:38,2026-01-14 15:19:38,,1172.85,117,,true,false,false,false,false
PED-000286,31,9,1,3,2026-01-14,2026-01-14,,2026-01-14 15:30:29,2026-01-14 16:32:29,,928.02,62,,true,false,false,false,false
PED-000287,152,7,4,3,2026-01-14,2026-01-15,,2026-01-14 23:12:11,2026-01-15 02:04:11,,7318.85,172,,true,false,false,false,false
PED-000292,113,3,1,3,2026-01-15,2026-01-16,,2026-01-15 22:03:48,2026-01-16 02:45:48,,5175.39,282,,true,false,false,false,false
PED-000293,26,8,2,3,2026-01-15,2026-01-15,,2026-01-15 13:49:00,2026-01-15 15:09:00,,18591.34,80,,true,false,false,false,false
PED-000295,13,1,2,4,2026-01-15,2026-01-15,,2026-01-15 04:14:39,2026-01-15 04:51:39,,2758.97,37,,true,false,false,false,false
PED-000296,89,2,2,3,2026-01-15,2026-01-16,,2026-01-15 22:09:18,2026-01-16 02:30:18,,12573.78,261,,true,false,false,false,false
PED-000297,181,1,1,3,2026-01-15,2026-01-15,,2026-01-15 09:11:01,2026-01-15 10:19:01,,6379.83,68,,true,false,false,false,false
PED-000299,45,3,4,4,2026-01-15,2026-01-16,,2026-01-15 23:01:56,2026-01-16 00:14:56,,9479.11,73,,true,false,false,false,false
PED-000300,123,5,1,3,2026-01-15,2026-01-15,,2026-01-15 02:30:56,2026-01-15 04:43:56,,5384.62,133,,true,false,false,false,false
PED-000301,50,4,1,4,2026-01-15,2026-01-15,,2026-01-15 12:31:45,2026-01-15 20:14:45,,12358.03,463,,true,false,false,false,false
PED-000302,186,6,4,3,2026-01-15,2026-01-16,,2026-01-15 20:45:15,2026-01-16 00:31:15,,7388.77,226,,true,false,false,false,false
PED-000305,115,1,1,3,2026-01-15,2026-01-15,,2026-01-15 18:56:39,2026-01-15 20:51:39,,14346.70,115,,true,false,false,false,false
PED-000310,31,8,3,4,2026-01-15,2026-01-15,,2026-01-15 14:09:21,2026-01-15 16:50:21,,5352.63,161,,true,false,false,false,false
PED-000311,58,8,2,3,2026-01-15,2026-01-15,,2026-01-15 16:06:06,2026-01-15 20:30:06,,2243.75,264,,true,false,false,false,false
PED-000312,131,4,4,3,2026-01-15,2026-01-15,,2026-01-15 00:36:47,2026-01-15 05:01:47,,1954.57,265,,true,false,false,false,false
PED-000313,10,4,4,3,2026-01-15,2026-01-15,,2026-01-15 08:28:21,2026-01-15 10:01:21,,3851.41,93,,true,false,false,false,false
PED-000314,123,9,2,3,2026-01-16,2026-01-16,,2026-01-16 05:02:22,2026-01-16 05:52:22,,3974.88,50,,true,false,false,false,false
PED-000315,79,8,2,3,2026-01-16,2026-01-16,,2026-01-16 07:53:19,2026-01-16 11:39:19,,5976.23,226,,true,false,false,false,false
PED-000316,69,5,4,3,2026-01-16,2026-01-16,,2026-01-16 00:08:26,2026-01-16 03:03:26,,2422.66,175,,true,false,false,false,false
PED-000317,153,7,1,3,2026-01-16,2026-01-16,,2026-01-16 17:42:44,2026-01-16 22:55:44,,8028.80,313,,true,false,false,false,false
PED-000319,4,9,4,3,2026-01-16,2026-01-16,,2026-01-16 08:47:41,2026-01-16 14:06:41,,6165.16,319,,true,false,false,false,false
PED-000321,19,7,2,3,2026-01-16,2026-01-16,,2026-01-16 00:26:48,2026-01-16 06:08:48,,20561.94,342,,true,false,false,false,false
PED-000322,172,3,4,3,2026-01-16,2026-01-16,,2026-01-16 00:12:04,2026-01-16 01:28:04,,2413.93,76,,true,false,false,false,false
PED-000323,38,6,3,3,2026-01-16,2026-01-16,,2026-01-16 03:05:36,2026-01-16 08:37:36,,5912.77,332,,true,false,false,false,false
PED-000324,135,1,2,3,2026-01-16,2026-01-16,,2026-01-16 04:47:39,2026-01-16 06:37:39,,9539.09,110,,true,false,false,false,false
PED-000325,171,5,2,3,2026-01-16,2026-01-16,,2026-01-16 12:09:22,2026-01-16 12:59:22,,27578.74,50,,true,false,false,false,false
PED-000326,25,6,3,3,2026-01-16,2026-01-16,,2026-01-16 06:22:46,2026-01-16 09:45:46,,1788.87,203,,true,false,false,false,false
PED-000328,104,10,1,3,2026-01-16,2026-01-16,,2026-01-16 03:37:29,2026-01-16 04:06:29,,1336.35,29,,true,false,false,false,false
PED-000330,56,1,2,3,2026-01-16,2026-01-16,,2026-01-16 06:12:41,2026-01-16 06:17:41,,828.84,5,,true,false,false,false,false
PED-000331,6,5,2,3,2026-01-16,2026-01-16,,2026-01-16 21:53:55,2026-01-16 22:08:55,,705.98,15,,true,false,false,false,false
PED-000332,63,10,3,3,2026-01-16,2026-01-16,,2026-01-16 06:59:44,2026-01-16 10:55:44,,9890.85,236,,true,false,false,false,false
PED-000336,9,8,3,3,2026-01-17,2026-01-17,,2026-01-17 19:16:06,2026-01-17 20:34:06,,2396.25,78,,true,false,false,false,false
PED-000338,52,4,2,3,2026-01-17,2026-01-17,,2026-01-17 20:39:59,2026-01-17 21:46:59,,8100.10,67,,true,false,false,false,false
PED-000339,52,7,2,3,2026-01-17,2026-01-17,,2026-01-17 01:11:34,2026-01-17 02:16:34,,3067.46,65,,true,false,false,false,false
PED-000340,34,10,3,3,2026-01-17,2026-01-17,,2026-01-17 00:10:55,2026-01-17 00:35:55,,2394.85,25,,true,false,false,false,false
PED-000341,145,2,2,4,2026-01-17,2026-01-17,,2026-01-17 07:16:47,2026-01-17 08:55:47,,3644.77,99,,true,false,false,false,false
PED-000342,133,2,1,3,2026-01-17,2026-01-17,,2026-01-17 08:05:11,2026-01-17 09:46:11,,3540.63,101,,true,false,false,false,false
PED-000343,144,3,3,3,2026-01-17,2026-01-17,,2026-01-17 09:35:46,2026-01-17 13:33:46,,8441.06,238,,true,false,false,false,false
PED-000344,18,7,2,3,2026-01-17,2026-01-17,,2026-01-17 11:18:13,2026-01-17 14:25:13,,15851.87,187,,true,false,false,false,false
PED-000345,84,3,3,3,2026-01-17,2026-01-17,,2026-01-17 14:01:38,2026-01-17 20:26:38,,2822.68,385,,true,false,false,false,false
PED-000346,131,4,2,3,2026-01-17,2026-01-17,,2026-01-17 13:13:31,2026-01-17 13:16:31,,7577.40,3,,true,false,false,false,false
PED-000348,13,7,2,3,2026-01-17,2026-01-17,,2026-01-17 11:42:58,2026-01-17 13:26:58,,30026.44,104,,true,false,false,false,false
PED-000349,78,6,2,3,2026-01-17,2026-01-17,,2026-01-17 13:02:29,2026-01-17 14:55:29,,924.56,113,,true,false,false,false,false
PED-000350,105,2,1,3,2026-01-17,2026-01-18,,2026-01-17 16:37:36,2026-01-18 01:27:36,,5333.27,530,,true,false,false,false,false
PED-000351,92,10,2,4,2026-01-17,2026-01-18,,2026-01-17 21:53:03,2026-01-18 03:07:03,,3324.98,314,,true,false,false,false,false
PED-000352,174,2,2,3,2026-01-17,2026-01-17,,2026-01-17 10:38:57,2026-01-17 18:50:57,,4964.91,492,,true,false,false,false,false
PED-000353,44,10,1,3,2026-01-18,2026-01-19,,2026-01-18 10:42:38,2026-01-19 01:12:38,,1826.78,870,,true,false,false,false,false
PED-000354,41,8,2,4,2026-01-18,2026-01-19,,2026-01-18 18:00:46,2026-01-19 01:17:46,,1863.47,437,,true,false,false,false,false
PED-000355,142,4,1,3,2026-01-18,2026-01-18,,2026-01-18 11:52:32,2026-01-18 15:08:32,,2181.45,196,,true,false,false,false,false
PED-000358,120,9,2,3,2026-01-18,2026-01-18,,2026-01-18 05:45:45,2026-01-18 06:59:45,,1695.60,74,,true,false,false,false,false
PED-000359,58,3,2,3,2026-01-18,2026-01-18,,2026-01-18 14:49:36,2026-01-18 15:49:36,,5565.74,60,,true,false,false,false,false
PED-000360,81,10,4,4,2026-01-18,2026-01-18,,2026-01-18 02:25:42,2026-01-18 02:43:42,,3261.91,18,,true,false,false,false,false
PED-000361,100,6,3,3,2026-01-18,2026-01-18,,2026-01-18 07:01:54,2026-01-18 08:08:54,,1555.76,67,,true,false,false,false,false
PED-000362,174,5,1,3,2026-01-18,2026-01-18,,2026-01-18 03:43:26,2026-01-18 09:22:26,,6306.04,339,,true,false,false,false,false
PED-000363,58,2,2,3,2026-01-18,2026-01-18,,2026-01-18 13:20:03,2026-01-18 17:22:03,,7346.62,242,,true,false,false,false,false
PED-000364,12,1,3,3,2026-01-18,2026-01-18,,2026-01-18 00:02:13,2026-01-18 00:05:13,,2502.38,3,,true,false,false,false,false
PED-000367,84,9,3,3,2026-01-18,2026-01-18,,2026-01-18 06:58:23,2026-01-18 09:03:23,,7681.03,125,,true,false,false,false,false
PED-000368,74,2,4,3,2026-01-18,2026-01-18,,2026-01-18 08:23:46,2026-01-18 09:15:46,,15244.91,52,,true,false,false,false,false
PED-000371,72,1,1,4,2026-01-19,2026-01-19,,2026-01-19 06:28:08,2026-01-19 09:24:08,,10504.33,176,,true,false,false,false,false
PED-000372,112,2,3,3,2026-01-19,2026-01-19,,2026-01-19 07:20:49,2026-01-19 07:28:49,,4193.41,8,,true,false,false,false,false
PED-000375,48,3,2,3,2026-01-19,2026-01-19,,2026-01-19 21:48:25,2026-01-19 22:10:25,,7572.67,22,,true,false,false,false,false
PED-000376,20,1,3,3,2026-01-19,2026-01-19,,2026-01-19 03:17:15,2026-01-19 06:23:15,,1825.13,186,,true,false,false,false,false
PED-000378,118,10,4,3,2026-01-20,2026-01-21,,2026-01-20 21:24:18,2026-01-21 08:22:18,,3086.17,658,,true,false,false,false,false
PED-000379,108,9,1,3,2026-01-20,2026-01-20,,2026-01-20 09:54:13,2026-01-20 13:50:13,,841.54,236,,true,false,false,false,false
PED-000380,132,2,2,3,2026-01-20,2026-01-20,,2026-01-20 20:06:53,2026-01-20 23:07:53,,4167.34,181,,true,false,false,false,false
PED-000381,106,8,1,3,2026-01-20,2026-01-20,,2026-01-20 04:32:30,2026-01-20 05:27:30,,2254.43,55,,true,false,false,false,false
PED-000382,166,8,2,3,2026-01-20,2026-01-20,,2026-01-20 13:18:57,2026-01-20 23:31:57,,20294.59,613,,true,false,false,false,false
PED-000384,189,5,2,3,2026-01-21,2026-01-21,,2026-01-21 06:21:18,2026-01-21 07:42:18,,5382.15,81,,true,false,false,false,false
PED-000386,185,10,1,3,2026-01-21,2026-01-21,,2026-01-21 20:04:23,2026-01-21 20:09:23,,2028.82,5,,true,false,false,false,false
PED-000389,93,1,3,3,2026-01-21,2026-01-21,,2026-01-21 20:16:58,2026-01-21 23:32:58,,2333.62,196,,true,false,false,false,false
PED-000391,74,6,4,3,2026-01-21,2026-01-21,,2026-01-21 00:30:11,2026-01-21 02:38:11,,2448.72,128,,true,false,false,false,false
PED-000393,192,8,4,3,2026-01-21,2026-01-21,,2026-01-21 06:07:11,2026-01-21 06:23:11,,5946.41,16,,true,false,false,false,false
PED-000394,88,10,2,3,2026-01-21,2026-01-21,,2026-01-21 04:11:24,2026-01-21 04:52:24,,4490.56,41,,true,false,false,false,false
PED-000396,191,5,2,3,2026-01-21,2026-01-21,,2026-01-21 14:46:29,2026-01-21 17:19:29,,13116.08,153,,true,false,false,false,false
PED-000397,124,8,2,3,2026-01-21,2026-01-21,,2026-01-21 13:10:17,2026-01-21 13:16:17,,6148.86,6,,true,false,false,false,false
PED-000398,20,10,4,3,2026-01-21,2026-01-21,,2026-01-21 02:46:11,2026-01-21 02:57:11,,11100.37,11,,true,false,false,false,false
PED-000401,1,3,2,3,2026-01-21,2026-01-21,,2026-01-21 03:18:42,2026-01-21 05:00:42,,972.21,102,,true,false,false,false,false
PED-000404,92,9,3,3,2026-01-22,2026-01-22,,2026-01-22 08:53:07,2026-01-22 11:35:07,,7572.03,162,,true,false,false,false,false
PED-000405,71,1,2,3,2026-01-22,2026-01-22,,2026-01-22 11:46:26,2026-01-22 15:29:26,,30290.09,223,,true,false,false,false,false
PED-000406,40,4,4,3,2026-01-22,2026-01-23,,2026-01-22 22:06:31,2026-01-23 00:28:31,,6975.32,142,,true,false,false,false,false
PED-000408,58,3,4,3,2026-01-22,2026-01-22,,2026-01-22 14:01:21,2026-01-22 16:41:21,,5891.17,160,,true,false,false,false,false
PED-000409,86,1,4,3,2026-01-22,2026-01-23,,2026-01-22 23:50:29,2026-01-23 00:38:29,,5794.26,48,,true,false,false,false,false
PED-000416,80,1,4,3,2026-01-22,2026-01-22,,2026-01-22 14:34:38,2026-01-22 16:24:38,,1095.28,110,,true,false,false,false,false
PED-000418,58,5,1,3,2026-01-22,2026-01-22,,2026-01-22 01:34:58,2026-01-22 02:41:58,,19606.61,67,,true,false,false,false,false
PED-000419,77,6,4,3,2026-01-22,2026-01-22,,2026-01-22 08:38:35,2026-01-22 15:29:35,,4730.61,411,,true,false,false,false,false
PED-000421,163,5,3,3,2026-01-22,2026-01-22,,2026-01-22 22:38:57,2026-01-22 23:22:57,,2902.51,44,,true,false,false,false,false
PED-000422,195,9,3,3,2026-01-22,2026-01-22,,2026-01-22 00:31:18,2026-01-22 02:50:18,,21510.98,139,,true,false,false,false,false
PED-000423,199,6,2,4,2026-01-22,2026-01-22,,2026-01-22 07:13:01,2026-01-22 09:13:01,,15645.38,120,,true,false,false,false,false
PED-000424,34,2,4,3,2026-01-22,2026-01-22,,2026-01-22 10:08:46,2026-01-22 12:07:46,,7367.50,119,,true,false,false,false,false
PED-000426,37,6,4,3,2026-01-22,2026-01-22,,2026-01-22 16:58:53,2026-01-22 20:44:53,,17896.86,226,,true,false,false,false,false
PED-000427,73,2,2,3,2026-01-23,2026-01-23,,2026-01-23 02:14:19,2026-01-23 07:53:19,,7395.27,339,,true,false,false,false,false
PED-000428,145,6,2,3,2026-01-23,2026-01-23,,2026-01-23 04:14:46,2026-01-23 05:30:46,,1011.48,76,,true,false,false,false,false
PED-000431,169,5,2,3,2026-01-23,2026-01-23,,2026-01-23 14:05:58,2026-01-23 18:21:58,,14293.04,256,,true,false,false,false,false
PED-000432,71,7,1,3,2026-01-23,2026-01-23,,2026-01-23 06:49:21,2026-01-23 08:50:21,,4695.85,121,,true,false,false,false,false
PED-000433,128,2,2,3,2026-01-23,2026-01-23,,2026-01-23 13:18:47,2026-01-23 14:35:47,,5685.80,77,,true,false,false,false,false
PED-000434,78,6,4,3,2026-01-23,2026-01-23,,2026-01-23 07:32:32,2026-01-23 09:53:32,,2902.01,141,,true,false,false,false,false
PED-000437,37,2,2,3,2026-01-23,2026-01-23,,2026-01-23 10:49:40,2026-01-23 13:10:40,,993.53,141,,true,false,false,false,false
PED-000438,112,1,3,3,2026-01-23,2026-01-23,,2026-01-23 00:31:30,2026-01-23 00:55:30,,1906.83,24,,true,false,false,false,false
PED-000439,11,2,2,3,2026-01-23,2026-01-23,,2026-01-23 18:23:51,2026-01-23 20:44:51,,8733.17,141,,true,false,false,false,false
PED-000440,148,3,1,3,2026-01-23,2026-01-24,,2026-01-23 23:22:45,2026-01-24 02:52:45,,10940.37,210,,true,false,false,false,false
PED-000441,130,9,4,3,2026-01-23,2026-01-23,,2026-01-23 20:39:05,2026-01-23 22:11:05,,11742.30,92,,true,false,false,false,false
PED-000442,50,5,2,3,2026-01-23,2026-01-23,,2026-01-23 12:32:50,2026-01-23 19:20:50,,3237.57,408,,true,false,false,false,false
PED-000444,188,5,2,3,2026-01-23,2026-01-24,,2026-01-23 14:57:05,2026-01-24 01:30:05,,3279.56,633,,true,false,false,false,false
PED-000445,64,9,1,3,2026-01-23,2026-01-24,,2026-01-23 22:58:25,2026-01-24 02:34:25,,2934.92,216,,true,false,false,false,false
PED-000446,8,9,2,3,2026-01-23,2026-01-24,,2026-01-23 09:57:26,2026-01-24 00:03:26,,10795.12,846,,true,false,false,false,false
PED-000447,81,9,2,3,2026-01-23,2026-01-24,,2026-01-23 21:22:22,2026-01-24 01:26:22,,1424.48,244,,true,false,false,false,false
PED-000448,110,1,2,3,2026-01-23,2026-01-23,,2026-01-23 12:53:22,2026-01-23 13:09:22,,1317.89,16,,true,false,false,false,false
PED-000449,197,1,3,3,2026-01-23,2026-01-23,,2026-01-23 09:49:30,2026-01-23 11:26:30,,1942.86,97,,true,false,false,false,false
PED-000453,135,3,4,3,2026-01-23,2026-01-23,,2026-01-23 09:46:53,2026-01-23 12:20:53,,1918.43,154,,true,false,false,false,false
PED-000454,33,6,3,3,2026-01-24,2026-01-25,,2026-01-24 19:44:08,2026-01-25 01:22:08,,6118.42,338,,true,false,false,false,false
PED-000455,140,1,4,3,2026-01-24,2026-01-24,,2026-01-24 14:29:29,2026-01-24 18:23:29,,8686.99,234,,true,false,false,false,false
PED-000456,65,6,4,4,2026-01-24,2026-01-24,,2026-01-24 13:51:19,2026-01-24 15:07:19,,5208.93,76,,true,false,false,false,false
PED-000457,34,6,2,3,2026-01-24,2026-01-25,,2026-01-24 21:56:33,2026-01-25 07:31:33,,652.92,575,,true,false,false,false,false
PED-000460,160,5,2,3,2026-01-24,2026-01-24,,2026-01-24 04:42:53,2026-01-24 07:04:53,,4516.02,142,,true,false,false,false,false
PED-000461,57,7,4,3,2026-01-24,2026-01-24,,2026-01-24 21:52:34,2026-01-24 22:55:34,,5275.12,63,,true,false,false,false,false
PED-000462,102,7,4,3,2026-01-24,2026-01-25,,2026-01-24 23:49:12,2026-01-25 05:35:12,,3401.56,346,,true,false,false,false,false
PED-000464,13,6,2,3,2026-01-24,2026-01-24,,2026-01-24 19:54:40,2026-01-24 22:46:40,,20299.03,172,,true,false,false,false,false
PED-000466,196,2,4,4,2026-01-24,2026-01-24,,2026-01-24 21:55:54,2026-01-24 22:47:54,,1457.71,52,,true,false,false,false,false
PED-000468,59,10,4,3,2026-01-24,2026-01-24,,2026-01-24 09:31:11,2026-01-24 10:49:11,,21555.67,78,,true,false,false,false,false
PED-000469,19,10,4,3,2026-01-24,2026-01-24,,2026-01-24 11:43:28,2026-01-24 21:03:28,,7188.38,560,,true,false,false,false,false
PED-000470,63,6,2,3,2026-01-24,2026-01-24,,2026-01-24 10:27:31,2026-01-24 14:38:31,,510.56,251,,true,false,false,false,false
PED-000471,13,6,3,3,2026-01-24,2026-01-24,,2026-01-24 09:20:51,2026-01-24 13:26:51,,1568.41,246,,true,false,false,false,false
PED-000472,37,6,3,3,2026-01-24,2026-01-24,,2026-01-24 09:11:07,2026-01-24 09:12:07,,2661.24,1,,true,false,false,false,false
PED-000474,20,9,4,3,2026-01-25,2026-01-25,,2026-01-25 04:13:19,2026-01-25 10:05:19,,2838.16,352,,true,false,false,false,false
PED-000475,54,10,4,3,2026-01-25,2026-01-25,,2026-01-25 00:36:49,2026-01-25 02:47:49,,3286.68,131,,true,false,false,false,false
PED-000476,82,9,2,3,2026-01-25,2026-01-25,,2026-01-25 19:15:24,2026-01-25 22:09:24,,4660.43,174,,true,false,false,false,false
PED-000478,122,10,3,3,2026-01-25,2026-01-25,,2026-01-25 12:56:25,2026-01-25 17:38:25,,3870.64,282,,true,false,false,false,false
PED-000480,175,5,2,3,2026-01-25,2026-01-25,,2026-01-25 12:56:55,2026-01-25 15:45:55,,2785.37,169,,true,false,false,false,false
PED-000481,79,4,3,3,2026-01-25,2026-01-25,,2026-01-25 04:16:18,2026-01-25 04:36:18,,18979.45,20,,true,false,false,false,false
PED-000483,188,8,4,3,2026-01-25,2026-01-25,,2026-01-25 06:58:25,2026-01-25 08:05:25,,1625.29,67,,true,false,false,false,false
PED-000484,32,6,1,3,2026-01-25,2026-01-25,,2026-01-25 16:20:44,2026-01-25 17:57:44,,4606.40,97,,true,false,false,false,false
PED-000485,91,6,2,3,2026-01-25,2026-01-25,,2026-01-25 19:28:06,2026-01-25 20:32:06,,7606.61,64,,true,false,false,false,false
PED-000486,86,7,4,3,2026-01-25,2026-01-25,,2026-01-25 16:24:09,2026-01-25 23:33:09,,4590.78,429,,true,false,false,false,false
PED-000488,200,1,1,4,2026-01-25,2026-01-25,,2026-01-25 13:30:05,2026-01-25 14:59:05,,4933.08,89,,true,false,false,false,false
PED-000489,37,4,4,4,2026-01-25,2026-01-25,,2026-01-25 06:30:35,2026-01-25 09:19:35,,1195.13,169,,true,false,false,false,false
PED-000490,15,2,2,4,2026-01-25,2026-01-25,,2026-01-25 03:57:46,2026-01-25 04:44:46,,12622.38,47,,true,false,false,false,false
PED-000492,16,10,4,3,2026-01-25,2026-01-25,,2026-01-25 01:18:49,2026-01-25 01:44:49,,2701.18,26,,true,false,false,false,false
PED-000494,188,1,3,3,2026-01-25,2026-01-25,,2026-01-25 08:11:13,2026-01-25 09:40:13,,12674.91,89,,true,false,false,false,false
PED-000495,173,9,2,3,2026-01-25,2026-01-26,,2026-01-25 19:33:47,2026-01-26 02:43:47,,6073.00,430,,true,false,false,false,false
PED-000496,130,6,2,3,2026-01-25,2026-01-25,,2026-01-25 13:48:45,2026-01-25 19:06:45,,4281.64,318,,true,false,false,false,false
PED-000498,13,3,4,3,2026-01-26,2026-01-26,,2026-01-26 19:30:22,2026-01-26 19:32:22,,8969.42,2,,true,false,false,false,false
PED-000500,67,7,1,3,2026-01-26,2026-01-26,,2026-01-26 16:09:56,2026-01-26 17:37:56,,2408.80,88,,true,false,false,false,false
PED-000501,130,4,1,3,2026-01-26,2026-01-26,,2026-01-26 12:56:26,2026-01-26 13:00:26,,24319.84,4,,true,false,false,false,false
PED-000502,27,9,2,3,2026-01-26,2026-01-26,,2026-01-26 04:02:00,2026-01-26 06:49:00,,3877.21,167,,true,false,false,false,false
PED-000504,161,3,2,3,2026-01-26,2026-01-26,,2026-01-26 17:07:03,2026-01-26 20:01:03,,1686.57,174,,true,false,false,false,false
PED-000505,8,9,3,3,2026-01-26,2026-01-26,,2026-01-26 07:14:33,2026-01-26 09:43:33,,10686.95,149,,true,false,false,false,false
PED-000506,140,7,2,4,2026-01-26,2026-01-26,,2026-01-26 02:06:28,2026-01-26 03:24:28,,8171.65,78,,true,false,false,false,false
PED-000507,191,9,2,3,2026-01-26,2026-01-26,,2026-01-26 00:20:46,2026-01-26 00:38:46,,1366.70,18,,true,false,false,false,false
PED-000508,164,3,4,3,2026-01-26,2026-01-27,,2026-01-26 22:31:07,2026-01-27 01:18:07,,4081.41,167,,true,false,false,false,false
PED-000509,56,2,2,4,2026-01-26,2026-01-26,,2026-01-26 09:59:36,2026-01-26 10:10:36,,7230.54,11,,true,false,false,false,false
PED-000510,87,7,4,3,2026-01-26,2026-01-26,,2026-01-26 03:50:34,2026-01-26 04:02:34,,4650.06,12,,true,false,false,false,false
PED-000511,152,10,4,3,2026-01-26,2026-01-26,,2026-01-26 14:53:02,2026-01-26 16:17:02,,36705.57,84,,true,false,false,false,false
PED-000512,200,9,2,3,2026-01-26,2026-01-26,,2026-01-26 20:41:01,2026-01-26 22:27:01,,2884.82,106,,true,false,false,false,false
PED-000513,187,1,2,3,2026-01-26,2026-01-26,,2026-01-26 08:03:15,2026-01-26 08:13:15,,3281.35,10,,true,false,false,false,false
PED-000514,21,2,4,4,2026-01-26,2026-01-26,,2026-01-26 12:44:21,2026-01-26 15:52:21,,9577.32,188,,true,false,false,false,false
PED-000515,121,5,2,3,2026-01-26,2026-01-27,,2026-01-26 18:59:52,2026-01-27 07:46:52,,7605.37,767,,true,false,false,false,false
PED-000516,55,9,1,4,2026-01-26,2026-01-27,,2026-01-26 22:21:36,2026-01-27 03:47:36,,4720.83,326,,true,false,false,false,false
PED-000517,59,6,2,3,2026-01-26,2026-01-26,,2026-01-26 01:55:06,2026-01-26 06:58:06,,2232.98,303,,true,false,false,false,false
PED-000518,135,5,1,3,2026-01-26,2026-01-26,,2026-01-26 04:30:15,2026-01-26 05:41:15,,7013.76,71,,true,false,false,false,false
PED-000519,8,2,1,3,2026-01-26,2026-01-26,,2026-01-26 03:17:29,2026-01-26 03:35:29,,4189.22,18,,true,false,false,false,false
PED-000520,134,9,2,3,2026-01-26,2026-01-26,,2026-01-26 04:48:14,2026-01-26 07:10:14,,3429.78,142,,true,false,false,false,false
PED-000521,139,5,4,3,2026-01-26,2026-01-26,,2026-01-26 04:16:48,2026-01-26 06:23:48,,1446.66,127,,true,false,false,false,false
PED-000522,102,7,2,3,2026-01-26,2026-01-26,,2026-01-26 09:33:17,2026-01-26 09:54:17,,8091.41,21,,true,false,false,false,false
PED-000524,110,4,3,3,2026-01-26,2026-01-26,,2026-01-26 03:19:44,2026-01-26 06:32:44,,7602.10,193,,true,false,false,false,false
PED-000525,6,9,2,3,2026-01-26,2026-01-26,,2026-01-26 12:32:28,2026-01-26 20:51:28,,5565.83,499,,true,false,false,false,false
PED-000526,167,1,2,3,2026-01-27,2026-01-27,,2026-01-27 20:25:41,2026-01-27 20:38:41,,3707.68,13,,true,false,false,false,false
PED-000527,102,3,3,3,2026-01-27,2026-01-27,,2026-01-27 11:56:54,2026-01-27 12:11:54,,2679.90,15,,true,false,false,false,false
PED-000528,47,8,2,3,2026-01-27,2026-01-27,,2026-01-27 18:56:03,2026-01-27 19:11:03,,3815.27,15,,true,false,false,false,false
PED-000530,176,8,2,3,2026-01-27,2026-01-27,,2026-01-27 06:33:55,2026-01-27 07:38:55,,5766.57,65,,true,false,false,false,false
PED-000532,120,1,4,3,2026-01-27,2026-01-27,,2026-01-27 17:56:24,2026-01-27 17:58:24,,1963.28,2,,true,false,false,false,false
PED-000539,166,9,4,3,2026-01-27,2026-01-27,,2026-01-27 12:04:43,2026-01-27 16:47:43,,8442.07,283,,true,false,false,false,false
PED-000540,113,3,4,3,2026-01-27,2026-01-27,,2026-01-27 04:09:10,2026-01-27 17:56:10,,2587.01,827,,true,false,false,false,false
PED-000541,118,10,4,4,2026-01-27,2026-01-27,,2026-01-27 04:46:40,2026-01-27 06:41:40,,22114.95,115,,true,false,false,false,false
PED-000543,1,10,2,3,2026-01-27,2026-01-27,,2026-01-27 17:57:11,2026-01-27 21:23:11,,11498.53,206,,true,false,false,false,false
PED-000546,154,3,1,3,2026-01-27,2026-01-27,,2026-01-27 10:41:53,2026-01-27 14:42:53,,1554.13,241,,true,false,false,false,false
PED-000547,22,4,2,3,2026-01-27,2026-01-27,,2026-01-27 14:38:10,2026-01-27 16:21:10,,5124.88,103,,true,false,false,false,false
PED-000548,33,4,4,3,2026-01-27,2026-01-27,,2026-01-27 09:04:51,2026-01-27 11:16:51,,3027.62,132,,true,false,false,false,false
PED-000549,178,10,2,3,2026-01-27,2026-01-27,,2026-01-27 07:09:22,2026-01-27 08:36:22,,2295.05,87,,true,false,false,false,false
PED-000550,200,4,2,3,2026-01-27,2026-01-27,,2026-01-27 12:58:15,2026-01-27 14:21:15,,1504.89,83,,true,false,false,false,false
PED-000551,59,4,3,3,2026-01-27,2026-01-27,,2026-01-27 05:51:48,2026-01-27 08:16:48,,11415.88,145,,true,false,false,false,false
PED-000552,101,9,3,3,2026-01-27,2026-01-28,,2026-01-27 22:32:32,2026-01-28 02:36:32,,717.84,244,,true,false,false,false,false
PED-000554,90,4,2,3,2026-01-27,2026-01-27,,2026-01-27 13:34:20,2026-01-27 15:04:20,,5327.08,90,,true,false,false,false,false
PED-000557,66,5,4,3,2026-01-28,2026-01-29,,2026-01-28 23:48:51,2026-01-29 00:32:51,,4175.09,44,,true,false,false,false,false
PED-000559,45,3,2,3,2026-01-28,2026-01-28,,2026-01-28 07:27:51,2026-01-28 10:10:51,,7345.29,163,,true,false,false,false,false
PED-000560,132,1,2,3,2026-01-28,2026-01-28,,2026-01-28 18:32:07,2026-01-28 20:44:07,,1179.63,132,,true,false,false,false,false
PED-000561,32,8,3,3,2026-01-28,2026-01-28,,2026-01-28 12:25:20,2026-01-28 15:42:20,,20031.63,197,,true,false,false,false,false
PED-000562,134,3,4,3,2026-01-28,2026-01-28,,2026-01-28 06:49:32,2026-01-28 08:34:32,,3635.72,105,,true,false,false,false,false
PED-000563,194,4,4,3,2026-01-28,2026-01-28,,2026-01-28 18:36:54,2026-01-28 18:58:54,,3867.03,22,,true,false,false,false,false
PED-000565,36,4,4,4,2026-01-28,2026-01-28,,2026-01-28 06:18:42,2026-01-28 10:38:42,,4062.72,260,,true,false,false,false,false
PED-000566,60,10,2,3,2026-01-28,2026-01-28,,2026-01-28 16:07:27,2026-01-28 21:10:27,,4217.99,303,,true,false,false,false,false
PED-000567,84,5,2,3,2026-01-28,2026-01-28,,2026-01-28 21:51:27,2026-01-28 23:15:27,,9444.02,84,,true,false,false,false,false
PED-000569,116,6,2,3,2026-01-28,2026-01-28,,2026-01-28 09:24:23,2026-01-28 14:30:23,,31228.63,306,,true,false,false,false,false
PED-000571,35,5,4,3,2026-01-28,2026-01-28,,2026-01-28 08:57:30,2026-01-28 11:46:30,,7356.41,169,,true,false,false,false,false
PED-000572,124,9,2,3,2026-01-28,2026-01-28,,2026-01-28 17:27:50,2026-01-28 22:00:50,,11747.80,273,,true,false,false,false,false
PED-000573,85,1,4,3,2026-01-28,2026-01-28,,2026-01-28 16:27:30,2026-01-28 22:19:30,,18421.50,352,,true,false,false,false,false
PED-000574,13,1,2,3,2026-01-28,2026-01-28,,2026-01-28 14:13:20,2026-01-28 16:47:20,,927.55,154,,true,false,false,false,false
PED-000577,171,4,3,3,2026-01-29,2026-01-29,,2026-01-29 09:51:01,2026-01-29 16:32:01,,2731.16,401,,true,false,false,false,false
PED-000578,152,4,1,3,2026-01-29,2026-01-29,,2026-01-29 17:20:07,2026-01-29 21:42:07,,1463.44,262,,true,false,false,false,false
PED-000579,52,3,4,3,2026-01-29,2026-01-29,,2026-01-29 05:05:01,2026-01-29 14:20:01,,17690.55,555,,true,false,false,false,false
PED-000580,103,10,2,4,2026-01-29,2026-01-30,,2026-01-29 23:00:55,2026-01-30 05:54:55,,9387.96,414,,true,false,false,false,false
PED-000581,17,10,2,3,2026-01-29,2026-01-29,,2026-01-29 02:40:56,2026-01-29 03:57:56,,4981.06,77,,true,false,false,false,false
PED-000582,56,9,1,3,2026-01-29,2026-01-29,,2026-01-29 18:10:45,2026-01-29 20:32:45,,1825.28,142,,true,false,false,false,false
PED-000583,12,7,3,3,2026-01-29,2026-01-29,,2026-01-29 05:40:38,2026-01-29 06:10:38,,1443.87,30,,true,false,false,false,false
PED-000584,193,2,2,3,2026-01-29,2026-01-29,,2026-01-29 20:00:22,2026-01-29 21:48:22,,8146.85,108,,true,false,false,false,false
PED-000585,152,4,1,3,2026-01-29,2026-01-29,,2026-01-29 15:52:43,2026-01-29 16:16:43,,52252.16,24,,true,false,false,false,false
PED-000586,186,1,1,3,2026-01-29,2026-01-29,,2026-01-29 15:51:26,2026-01-29 16:51:26,,2414.43,60,,true,false,false,false,false
PED-000587,5,7,2,3,2026-01-29,2026-01-29,,2026-01-29 12:39:53,2026-01-29 13:37:53,,2522.70,58,,true,false,false,false,false
PED-000589,5,6,2,3,2026-01-29,2026-01-29,,2026-01-29 00:22:08,2026-01-29 00:36:08,,2431.80,14,,true,false,false,false,false
PED-000591,86,7,4,3,2026-01-29,2026-01-29,,2026-01-29 20:10:23,2026-01-29 21:37:23,,6036.71,87,,true,false,false,false,false
PED-000592,7,8,1,3,2026-01-29,2026-01-29,,2026-01-29 03:29:19,2026-01-29 05:49:19,,3507.59,140,,true,false,false,false,false
PED-000594,88,9,4,3,2026-01-29,2026-01-29,,2026-01-29 14:43:54,2026-01-29 16:31:54,,3533.31,108,,true,false,false,false,false
PED-000595,131,1,1,3,2026-01-29,2026-01-30,,2026-01-29 23:39:21,2026-01-30 04:15:21,,4187.41,276,,true,false,false,false,false
PED-000596,57,3,4,3,2026-01-29,2026-01-29,,2026-01-29 01:00:40,2026-01-29 02:46:40,,1564.51,106,,true,false,false,false,false
PED-000597,161,6,2,3,2026-01-29,2026-01-29,,2026-01-29 12:09:10,2026-01-29 14:04:10,,4635.31,115,,true,false,false,false,false
PED-000598,69,10,2,3,2026-01-29,2026-01-29,,2026-01-29 16:07:50,2026-01-29 22:08:50,,1466.29,361,,true,false,false,false,false
PED-000599,75,5,4,3,2026-01-29,2026-01-29,,2026-01-29 13:18:53,2026-01-29 14:38:53,,4609.85,80,,true,false,false,false,false
PED-000600,191,7,2,4,2026-01-29,2026-01-29,,2026-01-29 03:55:14,2026-01-29 03:55:14,,1645.68,0,,true,false,false,false,false
PED-000603,185,6,2,3,2026-01-29,2026-01-29,,2026-01-29 10:07:03,2026-01-29 14:59:03,,2505.20,292,,true,false,false,false,false
PED-000604,163,5,2,3,2026-01-29,2026-01-29,,2026-01-29 17:49:16,2026-01-29 18:19:16,,4496.36,30,,true,false,false,false,false
PED-000607,87,5,2,3,2026-01-30,2026-01-30,,2026-01-30 13:14:14,2026-01-30 16:37:14,,3904.01,203,,true,false,false,false,false
PED-000608,108,4,2,3,2026-01-30,2026-01-31,,2026-01-30 20:45:17,2026-01-31 00:16:17,,4187.91,211,,true,false,false,false,false
PED-000609,8,7,3,3,2026-01-30,2026-01-30,,2026-01-30 02:22:38,2026-01-30 05:46:38,,4219.08,204,,true,false,false,false,false
PED-000610,15,6,2,3,2026-01-30,2026-01-30,,2026-01-30 01:40:05,2026-01-30 02:09:05,,4516.14,29,,true,false,false,false,false
PED-000612,189,1,3,3,2026-01-30,2026-01-30,,2026-01-30 17:50:40,2026-01-30 22:13:40,,3403.79,263,,true,false,false,false,false
PED-000614,69,5,2,4,2026-01-30,2026-01-30,,2026-01-30 01:24:10,2026-01-30 02:44:10,,4992.96,80,,true,false,false,false,false
PED-000615,29,9,2,3,2026-01-30,2026-01-30,,2026-01-30 10:09:35,2026-01-30 12:37:35,,1788.51,148,,true,false,false,false,false
PED-000616,99,7,2,3,2026-01-30,2026-01-30,,2026-01-30 17:12:15,2026-01-30 18:20:15,,14946.08,68,,true,false,false,false,false
PED-000617,15,1,2,3,2026-01-30,2026-01-30,,2026-01-30 08:55:40,2026-01-30 09:55:40,,1645.91,60,,true,false,false,false,false
PED-000619,91,1,2,3,2026-01-30,2026-01-30,,2026-01-30 17:16:38,2026-01-30 17:43:38,,1248.77,27,,true,false,false,false,false
PED-000621,123,2,2,3,2026-01-30,2026-01-30,,2026-01-30 07:13:56,2026-01-30 07:52:56,,656.40,39,,true,false,false,false,false
PED-000622,51,7,3,3,2026-01-30,2026-01-31,,2026-01-30 23:53:45,2026-01-31 05:05:45,,3697.78,312,,true,false,false,false,false
PED-000623,181,1,1,3,2026-01-30,2026-01-31,,2026-01-30 23:07:23,2026-01-31 01:30:23,,1351.81,143,,true,false,false,false,false
PED-000624,103,3,4,3,2026-01-30,2026-01-30,,2026-01-30 06:05:45,2026-01-30 14:55:45,,5930.03,530,,true,false,false,false,false
PED-000625,76,8,4,3,2026-01-30,2026-01-30,,2026-01-30 18:31:44,2026-01-30 23:19:44,,2312.21,288,,true,false,false,false,false
PED-000630,140,10,2,3,2026-01-30,2026-01-30,,2026-01-30 17:46:03,2026-01-30 18:00:03,,1936.72,14,,true,false,false,false,false
PED-000631,6,7,2,3,2026-01-30,2026-01-30,,2026-01-30 21:10:25,2026-01-30 21:47:25,,3910.99,37,,true,false,false,false,false
PED-000632,146,2,2,3,2026-01-31,2026-01-31,,2026-01-31 10:26:58,2026-01-31 13:13:58,,2807.90,167,,true,false,false,false,false
PED-000633,36,2,3,3,2026-01-31,2026-01-31,,2026-01-31 11:13:50,2026-01-31 11:50:50,,3735.25,37,,true,false,false,false,false
PED-000634,119,10,1,3,2026-01-31,2026-01-31,,2026-01-31 17:53:45,2026-01-31 20:50:45,,1590.85,177,,true,false,false,false,false
PED-000635,62,8,3,3,2026-01-31,2026-01-31,,2026-01-31 08:01:06,2026-01-31 15:58:06,,3691.45,477,,true,false,false,false,false
PED-000637,54,5,1,3,2026-01-31,2026-01-31,,2026-01-31 07:33:11,2026-01-31 10:02:11,,3681.66,149,,true,false,false,false,false
PED-000639,96,4,2,3,2026-01-31,2026-02-01,,2026-01-31 14:17:40,2026-02-01 03:49:40,,1632.92,812,,true,false,false,false,false
PED-000640,102,3,1,4,2026-01-31,2026-01-31,,2026-01-31 12:23:32,2026-01-31 13:43:32,,4837.54,80,,true,false,false,false,false
PED-000642,7,2,2,3,2026-01-31,2026-01-31,,2026-01-31 00:00:35,2026-01-31 00:41:35,,5192.20,41,,true,false,false,false,false
PED-000643,2,9,2,3,2026-01-31,2026-01-31,,2026-01-31 18:51:48,2026-01-31 19:10:48,,10713.24,19,,true,false,false,false,false
PED-000644,173,1,4,3,2026-01-31,2026-01-31,,2026-01-31 00:53:07,2026-01-31 03:32:07,,2791.78,159,,true,false,false,false,false
PED-000645,92,8,2,3,2026-01-31,2026-01-31,,2026-01-31 03:55:47,2026-01-31 09:47:47,,4033.40,352,,true,false,false,false,false
PED-000649,145,7,2,3,2026-01-31,2026-01-31,,2026-01-31 15:39:10,2026-01-31 15:41:10,,2468.04,2,,true,false,false,false,false
PED-000650,36,4,2,3,2026-01-31,2026-01-31,,2026-01-31 14:34:16,2026-01-31 17:49:16,,4033.16,195,,true,false,false,false,false
PED-000651,151,6,1,3,2026-01-31,2026-01-31,,2026-01-31 16:22:30,2026-01-31 18:51:30,,557.38,149,,true,false,false,false,false
PED-000652,90,1,2,3,2026-01-31,2026-01-31,,2026-01-31 16:20:03,2026-01-31 20:16:03,,8041.81,236,,true,false,false,false,false
PED-000653,137,2,2,3,2026-01-31,2026-01-31,,2026-01-31 13:26:16,2026-01-31 17:33:16,,2748.92,247,,true,false,false,false,false
PED-000654,121,1,2,3,2026-01-31,2026-01-31,,2026-01-31 07:22:38,2026-01-31 13:08:38,,3737.31,346,,true,false,false,false,false
PED-000655,155,2,2,4,2026-01-31,2026-02-01,,2026-01-31 23:07:30,2026-02-01 01:36:30,,1905.49,149,,true,false,false,false,false
PED-000656,166,5,3,3,2026-02-01,2026-02-01,,2026-02-01 11:40:35,2026-02-01 15:04:35,,4064.32,204,,true,false,false,false,false
PED-000658,107,7,1,3,2026-02-01,2026-02-01,,2026-02-01 23:25:51,2026-02-01 23:48:51,,2310.06,23,,true,false,false,false,false
PED-000663,2,1,2,3,2026-02-01,2026-02-01,,2026-02-01 21:02:50,2026-02-01 22:02:50,,742.55,60,,true,false,false,false,false
PED-000664,44,8,2,3,2026-02-01,2026-02-01,,2026-02-01 03:04:42,2026-02-01 09:21:42,,6945.86,377,,true,false,false,false,false
PED-000665,162,8,2,3,2026-02-01,2026-02-01,,2026-02-01 21:39:48,2026-02-01 22:26:48,,8255.71,47,,true,false,false,false,false
PED-000666,143,9,4,3,2026-02-01,2026-02-01,,2026-02-01 04:57:58,2026-02-01 06:14:58,,6545.04,77,,true,false,false,false,false
PED-000667,188,5,2,3,2026-02-01,2026-02-01,,2026-02-01 07:37:39,2026-02-01 10:46:39,,4954.05,189,,true,false,false,false,false
PED-000670,111,4,4,4,2026-02-01,2026-02-01,,2026-02-01 14:08:57,2026-02-01 14:58:57,,93332.49,50,,true,false,false,false,false
PED-000671,14,10,1,3,2026-02-01,2026-02-01,,2026-02-01 00:25:43,2026-02-01 05:33:43,,11096.96,308,,true,false,false,false,false
PED-000672,163,4,2,3,2026-02-01,2026-02-01,,2026-02-01 00:38:59,2026-02-01 01:37:59,,5907.12,59,,true,false,false,false,false
PED-000677,30,8,3,3,2026-02-02,2026-02-02,,2026-02-02 22:20:18,2026-02-02 23:29:18,,3228.88,69,,true,false,false,false,false
PED-000678,34,6,2,3,2026-02-02,2026-02-02,,2026-02-02 00:52:02,2026-02-02 05:02:02,,4164.28,250,,true,false,false,false,false
PED-000679,46,7,3,3,2026-02-02,2026-02-02,,2026-02-02 17:31:46,2026-02-02 18:06:46,,9794.40,35,,true,false,false,false,false
PED-000680,117,4,3,3,2026-02-02,2026-02-02,,2026-02-02 02:32:19,2026-02-02 05:11:19,,3237.74,159,,true,false,false,false,false
PED-000681,37,10,4,3,2026-02-02,2026-02-02,,2026-02-02 02:55:48,2026-02-02 06:05:48,,3302.15,190,,true,false,false,false,false
PED-000684,31,4,2,3,2026-02-02,2026-02-02,,2026-02-02 08:54:58,2026-02-02 10:56:58,,32289.66,122,,true,false,false,false,false
PED-000685,61,10,4,3,2026-02-02,2026-02-03,,2026-02-02 22:35:52,2026-02-03 01:50:52,,6132.47,195,,true,false,false,false,false
PED-000686,28,8,2,3,2026-02-02,2026-02-02,,2026-02-02 12:20:57,2026-02-02 13:49:57,,2580.47,89,,true,false,false,false,false
PED-000688,61,2,4,4,2026-02-02,2026-02-02,,2026-02-02 17:54:30,2026-02-02 20:38:30,,19451.99,164,,true,false,false,false,false
PED-000689,77,5,3,3,2026-02-02,2026-02-02,,2026-02-02 06:36:17,2026-02-02 08:10:17,,3924.97,94,,true,false,false,false,false
PED-000691,9,8,4,3,2026-02-02,2026-02-02,,2026-02-02 21:34:34,2026-02-02 23:05:34,,1749.15,91,,true,false,false,false,false
PED-000694,131,3,2,3,2026-02-02,2026-02-02,,2026-02-02 02:14:38,2026-02-02 05:47:38,,4343.76,213,,true,false,false,false,false
PED-000695,49,4,3,3,2026-02-03,2026-02-04,,2026-02-03 15:30:57,2026-02-04 01:46:57,,1258.42,616,,true,false,false,false,false
PED-000696,105,6,1,3,2026-02-03,2026-02-03,,2026-02-03 14:47:05,2026-02-03 17:05:05,,2636.44,138,,true,false,false,false,false
PED-000697,99,3,2,3,2026-02-03,2026-02-03,,2026-02-03 05:05:15,2026-02-03 08:22:15,,5791.52,197,,true,false,false,false,false
PED-000698,27,10,2,3,2026-02-03,2026-02-03,,2026-02-03 02:10:24,2026-02-03 05:34:24,,3235.79,204,,true,false,false,false,false
PED-000699,104,9,2,3,2026-02-03,2026-02-04,,2026-02-03 19:03:52,2026-02-04 01:38:52,,4563.78,395,,true,false,false,false,false
PED-000700,153,7,2,3,2026-02-03,2026-02-04,,2026-02-03 23:23:21,2026-02-04 01:36:21,,4351.87,133,,true,false,false,false,false
PED-000702,155,2,1,3,2026-02-03,2026-02-03,,2026-02-03 00:43:52,2026-02-03 01:26:52,,2627.76,43,,true,false,false,false,false
PED-000703,174,8,4,3,2026-02-03,2026-02-03,,2026-02-03 14:40:27,2026-02-03 18:27:27,,4685.18,227,,true,false,false,false,false
PED-000705,57,5,2,4,2026-02-03,2026-02-03,,2026-02-03 03:27:55,2026-02-03 12:28:55,,704.56,541,,true,false,false,false,false
PED-000706,154,8,2,3,2026-02-03,2026-02-03,,2026-02-03 11:25:39,2026-02-03 14:23:39,,17332.34,178,,true,false,false,false,false
PED-000707,163,1,1,3,2026-02-03,2026-02-03,,2026-02-03 09:31:33,2026-02-03 11:25:33,,45355.03,114,,true,false,false,false,false
PED-000708,61,8,1,3,2026-02-03,2026-02-03,,2026-02-03 13:31:28,2026-02-03 18:53:28,,13065.01,322,,true,false,false,false,false
PED-000709,16,7,2,3,2026-02-03,2026-02-04,,2026-02-03 19:49:31,2026-02-04 01:27:31,,2355.93,338,,true,false,false,false,false
PED-000713,80,6,3,3,2026-02-03,2026-02-03,,2026-02-03 09:41:10,2026-02-03 11:08:10,,2179.53,87,,true,false,false,false,false
PED-000714,172,3,3,3,2026-02-03,2026-02-03,,2026-02-03 08:07:42,2026-02-03 10:39:42,,6102.04,152,,true,false,false,false,false
PED-000715,94,7,3,3,2026-02-03,2026-02-03,,2026-02-03 17:13:42,2026-02-03 20:29:42,,20773.10,196,,true,false,false,false,false
PED-000716,44,6,2,3,2026-02-03,2026-02-03,,2026-02-03 13:14:24,2026-02-03 14:46:24,,15444.60,92,,true,false,false,false,false
PED-000717,67,8,3,3,2026-02-03,2026-02-03,,2026-02-03 18:04:35,2026-02-03 20:39:35,,1027.69,155,,true,false,false,false,false
PED-000718,130,6,2,4,2026-02-03,2026-02-03,,2026-02-03 04:16:49,2026-02-03 07:44:49,,12523.08,208,,true,false,false,false,false
PED-000719,1,5,4,3,2026-02-03,2026-02-03,,2026-02-03 20:28:31,2026-02-03 22:02:31,,6381.25,94,,true,false,false,false,false
PED-000723,116,7,4,3,2026-02-04,2026-02-04,,2026-02-04 10:49:01,2026-02-04 11:19:01,,6785.32,30,,true,false,false,false,false
PED-000724,57,4,2,3,2026-02-04,2026-02-04,,2026-02-04 15:23:51,2026-02-04 15:34:51,,8775.63,11,,true,false,false,false,false
PED-000725,189,7,2,4,2026-02-04,2026-02-04,,2026-02-04 16:16:22,2026-02-04 17:55:22,,5773.32,99,,true,false,false,false,false
PED-000726,146,10,1,3,2026-02-04,2026-02-04,,2026-02-04 08:12:25,2026-02-04 12:49:25,,6504.41,277,,true,false,false,false,false
PED-000727,81,6,1,3,2026-02-04,2026-02-04,,2026-02-04 17:30:37,2026-02-04 18:34:37,,9748.33,64,,true,false,false,false,false
PED-000728,75,2,1,3,2026-02-04,2026-02-04,,2026-02-04 05:41:41,2026-02-04 06:36:41,,7748.83,55,,true,false,false,false,false
PED-000729,159,6,2,3,2026-02-04,2026-02-04,,2026-02-04 20:13:23,2026-02-04 23:57:23,,6100.12,224,,true,false,false,false,false
PED-000730,119,8,3,3,2026-02-04,2026-02-04,,2026-02-04 06:17:59,2026-02-04 09:51:59,,6616.20,214,,true,false,false,false,false
PED-000731,15,7,2,3,2026-02-04,2026-02-04,,2026-02-04 08:18:29,2026-02-04 12:26:29,,4428.85,248,,true,false,false,false,false
PED-000732,184,4,2,3,2026-02-04,2026-02-04,,2026-02-04 17:02:36,2026-02-04 19:11:36,,29492.41,129,,true,false,false,false,false
PED-000733,27,6,3,3,2026-02-04,2026-02-04,,2026-02-04 15:18:48,2026-02-04 15:26:48,,57420.68,8,,true,false,false,false,false
PED-000734,8,6,2,3,2026-02-04,2026-02-04,,2026-02-04 14:07:52,2026-02-04 14:21:52,,6972.27,14,,true,false,false,false,false
PED-000735,73,8,3,3,2026-02-04,2026-02-04,,2026-02-04 13:58:52,2026-02-04 18:38:52,,2193.38,280,,true,false,false,false,false
PED-000738,142,9,2,3,2026-02-04,2026-02-04,,2026-02-04 03:52:33,2026-02-04 04:05:33,,3973.39,13,,true,false,false,false,false
PED-000739,87,5,2,4,2026-02-04,2026-02-04,,2026-02-04 06:14:01,2026-02-04 06:44:01,,2251.09,30,,true,false,false,false,false
PED-000741,28,2,3,3,2026-02-04,2026-02-04,,2026-02-04 05:16:22,2026-02-04 08:56:22,,26044.93,220,,true,false,false,false,false
PED-000744,146,9,2,3,2026-02-04,2026-02-04,,2026-02-04 13:36:01,2026-02-04 17:33:01,,2740.21,237,,true,false,false,false,false
PED-000745,102,2,2,3,2026-02-04,2026-02-05,,2026-02-04 17:31:04,2026-02-05 03:00:04,,6398.18,569,,true,false,false,false,false
PED-000746,111,9,2,3,2026-02-04,2026-02-04,,2026-02-04 15:49:57,2026-02-04 19:08:57,,12980.60,199,,true,false,false,false,false
PED-000747,83,8,1,3,2026-02-05,2026-02-05,,2026-02-05 11:21:26,2026-02-05 12:10:26,,7186.56,49,,true,false,false,false,false
PED-000748,67,3,4,3,2026-02-05,2026-02-06,,2026-02-05 18:48:21,2026-02-06 01:53:21,,2220.35,425,,true,false,false,false,false
PED-000749,85,1,2,3,2026-02-05,2026-02-06,,2026-02-05 21:15:22,2026-02-06 09:16:22,,415.28,721,,true,false,false,false,false
PED-000750,28,9,2,3,2026-02-05,2026-02-05,,2026-02-05 16:34:44,2026-02-05 18:00:44,,1897.16,86,,true,false,false,false,false
PED-000751,190,6,1,3,2026-02-05,2026-02-05,,2026-02-05 00:50:03,2026-02-05 01:11:03,,3465.11,21,,true,false,false,false,false
PED-000752,55,8,2,3,2026-02-05,2026-02-05,,2026-02-05 16:29:47,2026-02-05 18:11:47,,4443.68,102,,true,false,false,false,false
PED-000753,128,8,2,3,2026-02-05,2026-02-06,,2026-02-05 20:37:42,2026-02-06 00:44:42,,1909.13,247,,true,false,false,false,false
PED-000754,45,6,4,3,2026-02-05,2026-02-05,,2026-02-05 12:42:57,2026-02-05 13:30:57,,2841.35,48,,true,false,false,false,false
PED-000755,69,5,2,3,2026-02-05,2026-02-05,,2026-02-05 07:42:57,2026-02-05 11:02:57,,6444.69,200,,true,false,false,false,false
PED-000756,89,4,2,3,2026-02-05,2026-02-05,,2026-02-05 03:03:48,2026-02-05 06:38:48,,20760.09,215,,true,false,false,false,false
PED-000757,159,8,4,3,2026-02-05,2026-02-05,,2026-02-05 16:17:47,2026-02-05 23:27:47,,1517.19,430,,true,false,false,false,false
PED-000758,176,6,2,3,2026-02-05,2026-02-05,,2026-02-05 15:10:54,2026-02-05 19:36:54,,5224.81,266,,true,false,false,false,false
PED-000759,189,8,2,3,2026-02-05,2026-02-05,,2026-02-05 05:58:57,2026-02-05 08:31:57,,299.04,153,,true,false,false,false,false
PED-000763,31,10,4,3,2026-02-05,2026-02-05,,2026-02-05 12:42:07,2026-02-05 15:14:07,,3470.26,152,,true,false,false,false,false
PED-000766,48,10,4,3,2026-02-05,2026-02-05,,2026-02-05 11:22:33,2026-02-05 13:01:33,,15606.78,99,,true,false,false,false,false
PED-000767,143,6,2,3,2026-02-05,2026-02-05,,2026-02-05 15:01:33,2026-02-05 15:45:33,,2538.34,44,,true,false,false,false,false
PED-000768,64,9,2,4,2026-02-06,2026-02-06,,2026-02-06 01:32:31,2026-02-06 02:38:31,,1762.98,66,,true,false,false,false,false
PED-000769,117,8,4,3,2026-02-06,2026-02-06,,2026-02-06 14:49:40,2026-02-06 17:58:40,,3680.46,189,,true,false,false,false,false
PED-000771,127,6,2,3,2026-02-06,2026-02-06,,2026-02-06 18:26:02,2026-02-06 22:34:02,,8952.24,248,,true,false,false,false,false
PED-000773,71,5,4,3,2026-02-06,2026-02-06,,2026-02-06 11:45:19,2026-02-06 13:14:19,,1925.59,89,,true,false,false,false,false
PED-000774,88,6,4,3,2026-02-06,2026-02-06,,2026-02-06 08:07:43,2026-02-06 08:17:43,,6277.96,10,,true,false,false,false,false
PED-000775,41,8,1,3,2026-02-06,2026-02-06,,2026-02-06 16:29:34,2026-02-06 21:53:34,,4210.46,324,,true,false,false,false,false
PED-000776,88,7,2,3,2026-02-06,2026-02-06,,2026-02-06 18:07:10,2026-02-06 23:39:10,,4531.19,332,,true,false,false,false,false
PED-000777,87,4,3,3,2026-02-06,2026-02-06,,2026-02-06 08:56:07,2026-02-06 11:13:07,,5030.09,137,,true,false,false,false,false
PED-000780,80,4,1,3,2026-02-06,2026-02-06,,2026-02-06 13:28:52,2026-02-06 16:23:52,,11795.97,175,,true,false,false,false,false
PED-000781,46,3,2,3,2026-02-06,2026-02-06,,2026-02-06 03:37:29,2026-02-06 09:18:29,,14420.21,341,,true,false,false,false,false
PED-000782,110,2,2,3,2026-02-06,2026-02-06,,2026-02-06 11:44:02,2026-02-06 19:23:02,,7963.88,459,,true,false,false,false,false
PED-000783,185,1,2,3,2026-02-06,2026-02-06,,2026-02-06 12:11:50,2026-02-06 12:50:50,,6860.58,39,,true,false,false,false,false
PED-000784,69,8,2,3,2026-02-06,2026-02-07,,2026-02-06 23:33:12,2026-02-07 00:38:12,,6761.71,65,,true,false,false,false,false
PED-000785,70,2,3,3,2026-02-06,2026-02-06,,2026-02-06 22:36:54,2026-02-06 23:01:54,,13504.68,25,,true,false,false,false,false
PED-000786,83,7,4,3,2026-02-06,2026-02-07,,2026-02-06 20:12:04,2026-02-07 02:25:04,,8637.93,373,,true,false,false,false,false
PED-000787,69,9,3,3,2026-02-06,2026-02-07,,2026-02-06 23:40:54,2026-02-07 01:43:54,,3643.47,123,,true,false,false,false,false
PED-000789,91,2,2,3,2026-02-07,2026-02-07,,2026-02-07 05:33:15,2026-02-07 06:59:15,,5861.94,86,,true,false,false,false,false
PED-000790,151,6,4,3,2026-02-07,2026-02-07,,2026-02-07 19:44:20,2026-02-07 21:13:20,,3149.13,89,,true,false,false,false,false
PED-000792,111,2,4,4,2026-02-07,2026-02-07,,2026-02-07 09:46:11,2026-02-07 11:04:11,,3896.54,78,,true,false,false,false,false
PED-000794,46,6,4,3,2026-02-08,2026-02-08,,2026-02-08 15:49:30,2026-02-08 16:18:30,,22180.94,29,,true,false,false,false,false
PED-000797,1,8,2,3,2026-02-08,2026-02-08,,2026-02-08 01:12:34,2026-02-08 01:35:34,,13984.15,23,,true,false,false,false,false
PED-000801,1,4,2,3,2026-02-08,2026-02-08,,2026-02-08 16:59:26,2026-02-08 17:24:26,,5616.15,25,,true,false,false,false,false
PED-000802,11,2,4,3,2026-02-08,2026-02-09,,2026-02-08 23:19:11,2026-02-09 01:10:11,,5247.89,111,,true,false,false,false,false
PED-000803,137,1,4,3,2026-02-08,2026-02-08,,2026-02-08 07:54:35,2026-02-08 13:03:35,,6783.80,309,,true,false,false,false,false
PED-000804,151,8,3,3,2026-02-08,2026-02-08,,2026-02-08 03:58:14,2026-02-08 07:10:14,,27512.82,192,,true,false,false,false,false
PED-000805,4,6,2,4,2026-02-08,2026-02-09,,2026-02-08 23:49:49,2026-02-09 02:16:49,,2651.87,147,,true,false,false,false,false
PED-000806,193,3,2,3,2026-02-08,2026-02-08,,2026-02-08 08:00:45,2026-02-08 11:14:45,,2042.12,194,,true,false,false,false,false
PED-000807,25,9,2,3,2026-02-08,2026-02-08,,2026-02-08 07:40:38,2026-02-08 08:50:38,,4909.60,70,,true,false,false,false,false
PED-000808,28,2,2,4,2026-02-08,2026-02-08,,2026-02-08 08:16:39,2026-02-08 12:35:39,,2230.59,259,,true,false,false,false,false
PED-000810,88,9,1,3,2026-02-08,2026-02-08,,2026-02-08 07:51:47,2026-02-08 08:29:47,,4961.77,38,,true,false,false,false,false
PED-000811,131,7,2,3,2026-02-08,2026-02-08,,2026-02-08 06:34:01,2026-02-08 10:03:01,,8853.67,209,,true,false,false,false,false
PED-000812,161,6,2,3,2026-02-08,2026-02-08,,2026-02-08 10:00:22,2026-02-08 10:00:22,,7569.29,0,,true,false,false,false,false
PED-000813,131,4,4,3,2026-02-08,2026-02-08,,2026-02-08 14:05:23,2026-02-08 15:41:23,,3024.27,96,,true,false,false,false,false
PED-000814,174,7,3,3,2026-02-08,2026-02-08,,2026-02-08 09:37:38,2026-02-08 10:02:38,,371.42,25,,true,false,false,false,false
PED-000817,23,3,2,3,2026-02-09,2026-02-09,,2026-02-09 18:15:50,2026-02-09 19:48:50,,731.05,93,,true,false,false,false,false
PED-000818,173,2,2,3,2026-02-09,2026-02-09,,2026-02-09 14:34:45,2026-02-09 18:49:45,,897.44,255,,true,false,false,false,false
PED-000819,19,10,4,3,2026-02-09,2026-02-09,,2026-02-09 22:36:28,2026-02-09 23:15:28,,2077.98,39,,true,false,false,false,false
PED-000820,200,8,1,3,2026-02-09,2026-02-09,,2026-02-09 01:45:48,2026-02-09 03:02:48,,2691.51,77,,true,false,false,false,false
PED-000821,128,7,2,3,2026-02-09,2026-02-09,,2026-02-09 23:05:26,2026-02-09 23:18:26,,8560.01,13,,true,false,false,false,false
PED-000822,18,5,2,3,2026-02-09,2026-02-09,,2026-02-09 03:13:03,2026-02-09 05:12:03,,6600.10,119,,true,false,false,false,false
PED-000823,185,4,2,3,2026-02-09,2026-02-09,,2026-02-09 20:26:22,2026-02-09 22:47:22,,4033.27,141,,true,false,false,false,false
PED-000824,72,5,1,3,2026-02-09,2026-02-09,,2026-02-09 03:30:58,2026-02-09 05:33:58,,1309.37,123,,true,false,false,false,false
PED-000825,9,8,4,3,2026-02-09,2026-02-09,,2026-02-09 07:57:41,2026-02-09 11:53:41,,3316.53,236,,true,false,false,false,false
PED-000828,73,8,3,3,2026-02-09,2026-02-09,,2026-02-09 15:02:10,2026-02-09 20:43:10,,10733.11,341,,true,false,false,false,false
PED-000831,137,7,3,3,2026-02-09,2026-02-09,,2026-02-09 14:18:20,2026-02-09 15:04:20,,3993.87,46,,true,false,false,false,false
PED-000832,157,10,2,3,2026-02-09,2026-02-09,,2026-02-09 17:39:46,2026-02-09 23:00:46,,18592.18,321,,true,false,false,false,false
PED-000833,113,10,2,3,2026-02-10,2026-02-10,,2026-02-10 01:19:49,2026-02-10 06:17:49,,11081.58,298,,true,false,false,false,false
PED-000834,66,3,4,3,2026-02-10,2026-02-10,,2026-02-10 19:49:08,2026-02-10 22:46:08,,9571.82,177,,true,false,false,false,false
PED-000835,111,1,4,3,2026-02-10,2026-02-10,,2026-02-10 02:18:14,2026-02-10 03:27:14,,933.28,69,,true,false,false,false,false
PED-000838,98,1,3,3,2026-02-10,2026-02-10,,2026-02-10 08:01:03,2026-02-10 09:14:03,,6667.80,73,,true,false,false,false,false
PED-000840,86,3,4,3,2026-02-10,2026-02-10,,2026-02-10 15:30:43,2026-02-10 18:49:43,,19166.69,199,,true,false,false,false,false
PED-000843,2,6,1,3,2026-02-10,2026-02-10,,2026-02-10 11:25:13,2026-02-10 13:22:13,,1243.98,117,,true,false,false,false,false
PED-000844,130,10,2,3,2026-02-10,2026-02-10,,2026-02-10 12:19:37,2026-02-10 13:48:37,,7894.34,89,,true,false,false,false,false
PED-000846,127,4,1,4,2026-02-11,2026-02-11,,2026-02-11 07:40:25,2026-02-11 09:32:25,,5886.52,112,,true,false,false,false,false
PED-000847,91,3,2,3,2026-02-11,2026-02-11,,2026-02-11 14:30:09,2026-02-11 16:52:09,,7737.14,142,,true,false,false,false,false
PED-000848,177,3,2,3,2026-02-11,2026-02-11,,2026-02-11 15:48:45,2026-02-11 21:38:45,,4893.46,350,,true,false,false,false,false
PED-000851,102,3,2,3,2026-02-11,2026-02-11,,2026-02-11 21:58:23,2026-02-11 22:22:23,,6479.49,24,,true,false,false,false,false
PED-000852,158,8,3,3,2026-02-11,2026-02-11,,2026-02-11 11:11:50,2026-02-11 12:02:50,,17142.80,51,,true,false,false,false,false
PED-000853,197,7,4,3,2026-02-11,2026-02-11,,2026-02-11 10:54:20,2026-02-11 11:29:20,,6914.83,35,,true,false,false,false,false
PED-000854,86,7,2,3,2026-02-11,2026-02-11,,2026-02-11 11:35:09,2026-02-11 13:22:09,,20826.24,107,,true,false,false,false,false
PED-000855,163,6,3,3,2026-02-11,2026-02-11,,2026-02-11 01:15:30,2026-02-11 09:16:30,,7285.95,481,,true,false,false,false,false
PED-000857,110,6,4,3,2026-02-11,2026-02-11,,2026-02-11 10:52:43,2026-02-11 17:43:43,,1180.00,411,,true,false,false,false,false
PED-000859,36,8,4,3,2026-02-11,2026-02-11,,2026-02-11 18:24:36,2026-02-11 20:16:36,,3893.82,112,,true,false,false,false,false
PED-000860,186,4,2,3,2026-02-11,2026-02-11,,2026-02-11 06:49:52,2026-02-11 08:01:52,,2796.24,72,,true,false,false,false,false
PED-000861,32,7,2,3,2026-02-11,2026-02-12,,2026-02-11 15:05:29,2026-02-12 06:22:29,,1848.48,917,,true,false,false,false,false
PED-000862,66,4,2,3,2026-02-11,2026-02-11,,2026-02-11 13:38:55,2026-02-11 17:23:55,,7595.65,225,,true,false,false,false,false
PED-000865,159,2,2,3,2026-02-11,2026-02-11,,2026-02-11 04:59:19,2026-02-11 06:24:19,,924.80,85,,true,false,false,false,false
PED-000867,183,2,4,3,2026-02-11,2026-02-11,,2026-02-11 04:19:25,2026-02-11 10:48:25,,6867.74,389,,true,false,false,false,false
PED-000868,10,2,2,3,2026-02-11,2026-02-11,,2026-02-11 10:19:01,2026-02-11 16:16:01,,1891.12,357,,true,false,false,false,false
PED-000869,168,6,4,3,2026-02-11,2026-02-11,,2026-02-11 18:49:12,2026-02-11 20:17:12,,4988.32,88,,true,false,false,false,false
PED-000870,3,1,2,3,2026-02-11,2026-02-12,,2026-02-11 23:30:59,2026-02-12 04:20:59,,2565.97,290,,true,false,false,false,false
PED-000871,36,10,1,3,2026-02-11,2026-02-11,,2026-02-11 08:12:47,2026-02-11 09:42:47,,2862.28,90,,true,false,false,false,false
PED-000872,10,1,2,3,2026-02-11,2026-02-11,,2026-02-11 03:36:50,2026-02-11 08:31:50,,2519.40,295,,true,false,false,false,false
PED-000873,117,10,1,4,2026-02-12,2026-02-12,,2026-02-12 02:59:18,2026-02-12 03:15:18,,4969.75,16,,true,false,false,false,false
PED-000874,73,9,2,3,2026-02-12,2026-02-13,,2026-02-12 23:46:55,2026-02-13 02:54:55,,5257.88,188,,true,false,false,false,false
PED-000875,84,6,3,4,2026-02-12,2026-02-13,,2026-02-12 23:03:24,2026-02-13 04:17:24,,10551.04,314,,true,false,false,false,false
PED-000876,179,2,2,3,2026-02-12,2026-02-12,,2026-02-12 06:59:04,2026-02-12 07:28:04,,2572.99,29,,true,false,false,false,false
PED-000877,104,4,4,3,2026-02-12,2026-02-13,,2026-02-12 16:37:40,2026-02-13 05:17:40,,672.53,760,,true,false,false,false,false
PED-000878,75,7,4,3,2026-02-12,2026-02-12,,2026-02-12 13:55:52,2026-02-12 18:59:52,,4634.83,304,,true,false,false,false,false
PED-000879,154,2,2,3,2026-02-12,2026-02-12,,2026-02-12 17:55:57,2026-02-12 18:19:57,,4263.22,24,,true,false,false,false,false
PED-000883,155,9,3,3,2026-02-12,2026-02-12,,2026-02-12 02:08:38,2026-02-12 05:27:38,,1202.99,199,,true,false,false,false,false
PED-000884,200,3,4,4,2026-02-12,2026-02-12,,2026-02-12 07:41:21,2026-02-12 14:30:21,,12379.33,409,,true,false,false,false,false
PED-000885,161,7,1,3,2026-02-12,2026-02-13,,2026-02-12 23:23:14,2026-02-13 03:23:14,,2957.55,240,,true,false,false,false,false
PED-000886,178,8,2,3,2026-02-12,2026-02-12,,2026-02-12 18:28:37,2026-02-12 21:00:37,,7001.13,152,,true,false,false,false,false
PED-000887,183,4,2,3,2026-02-12,2026-02-12,,2026-02-12 18:23:31,2026-02-12 22:17:31,,22490.32,234,,true,false,false,false,false
PED-000891,17,8,2,3,2026-02-12,2026-02-12,,2026-02-12 07:47:53,2026-02-12 08:08:53,,8922.56,21,,true,false,false,false,false
PED-000892,124,10,3,3,2026-02-12,2026-02-12,,2026-02-12 08:15:19,2026-02-12 08:48:19,,993.25,33,,true,false,false,false,false
PED-000893,8,4,3,3,2026-02-13,2026-02-13,,2026-02-13 19:34:01,2026-02-13 21:35:01,,592.90,121,,true,false,false,false,false
PED-000897,182,7,2,3,2026-02-13,2026-02-13,,2026-02-13 08:07:55,2026-02-13 08:28:55,,3644.46,21,,true,false,false,false,false
PED-000899,15,10,1,3,2026-02-14,2026-02-14,,2026-02-14 08:08:20,2026-02-14 08:22:20,,2981.84,14,,true,false,false,false,false
PED-000900,71,10,4,3,2026-02-14,2026-02-14,,2026-02-14 12:11:17,2026-02-14 12:34:17,,6053.50,23,,true,false,false,false,false
PED-000901,32,8,1,3,2026-02-14,2026-02-14,,2026-02-14 12:06:53,2026-02-14 12:29:53,,1032.22,23,,true,false,false,false,false
PED-000902,67,6,4,3,2026-02-14,2026-02-14,,2026-02-14 17:28:58,2026-02-14 17:51:58,,3857.89,23,,true,false,false,false,false
PED-000903,40,2,2,3,2026-02-14,2026-02-14,,2026-02-14 14:55:22,2026-02-14 15:25:22,,932.35,30,,true,false,false,false,false
PED-000904,189,5,2,3,2026-02-14,2026-02-15,,2026-02-14 22:32:14,2026-02-15 06:35:14,,12228.59,483,,true,false,false,false,false
PED-000906,111,6,2,3,2026-02-14,2026-02-15,,2026-02-14 23:03:59,2026-02-15 03:40:59,,12490.66,277,,true,false,false,false,false
PED-000908,128,5,1,3,2026-02-14,2026-02-14,,2026-02-14 13:54:43,2026-02-14 15:06:43,,705.00,72,,true,false,false,false,false
PED-000909,36,7,2,3,2026-02-14,2026-02-14,,2026-02-14 13:50:24,2026-02-14 14:25:24,,8911.94,35,,true,false,false,false,false
PED-000911,17,9,2,3,2026-02-14,2026-02-14,,2026-02-14 08:34:35,2026-02-14 12:47:35,,4372.81,253,,true,false,false,false,false
PED-000912,24,2,4,3,2026-02-14,2026-02-14,,2026-02-14 20:21:26,2026-02-14 21:12:26,,2291.48,51,,true,false,false,false,false
PED-000913,160,2,2,3,2026-02-14,2026-02-14,,2026-02-14 10:44:27,2026-02-14 11:28:27,,27851.24,44,,true,false,false,false,false
PED-000914,193,4,4,3,2026-02-14,2026-02-14,,2026-02-14 06:25:39,2026-02-14 07:54:39,,14521.77,89,,true,false,false,false,false
PED-000915,156,2,2,3,2026-02-14,2026-02-14,,2026-02-14 13:16:45,2026-02-14 15:07:45,,5730.54,111,,true,false,false,false,false
PED-000918,111,3,2,3,2026-02-15,2026-02-15,,2026-02-15 02:44:13,2026-02-15 06:36:13,,6994.14,232,,true,false,false,false,false
PED-000919,30,5,4,3,2026-02-15,2026-02-15,,2026-02-15 13:37:35,2026-02-15 15:35:35,,1401.50,118,,true,false,false,false,false
PED-000920,131,1,2,3,2026-02-15,2026-02-15,,2026-02-15 21:24:42,2026-02-15 22:43:42,,2962.74,79,,true,false,false,false,false
PED-000921,110,9,4,4,2026-02-15,2026-02-15,,2026-02-15 05:44:06,2026-02-15 07:23:06,,3388.70,99,,true,false,false,false,false
PED-000922,63,8,2,3,2026-02-15,2026-02-15,,2026-02-15 10:07:08,2026-02-15 12:25:08,,5606.12,138,,true,false,false,false,false
PED-000923,78,6,1,4,2026-02-15,2026-02-15,,2026-02-15 05:22:07,2026-02-15 09:24:07,,3026.49,242,,true,false,false,false,false
PED-000924,69,2,3,3,2026-02-15,2026-02-15,,2026-02-15 17:42:06,2026-02-15 19:07:06,,11313.35,85,,true,false,false,false,false
PED-000926,97,8,2,3,2026-02-15,2026-02-15,,2026-02-15 14:59:21,2026-02-15 23:55:21,,8206.95,536,,true,false,false,false,false
PED-000927,117,8,3,3,2026-02-15,2026-02-15,,2026-02-15 11:34:27,2026-02-15 12:32:27,,3837.71,58,,true,false,false,false,false
PED-000928,32,4,1,4,2026-02-15,2026-02-15,,2026-02-15 01:31:02,2026-02-15 03:48:02,,1932.76,137,,true,false,false,false,false
PED-000930,12,10,1,3,2026-02-15,2026-02-15,,2026-02-15 09:16:46,2026-02-15 10:06:46,,5766.20,50,,true,false,false,false,false
PED-000933,25,7,3,4,2026-02-15,2026-02-15,,2026-02-15 17:26:06,2026-02-15 22:12:06,,3978.58,286,,true,false,false,false,false
PED-000934,86,3,3,3,2026-02-15,2026-02-16,,2026-02-15 21:57:39,2026-02-16 00:11:39,,4043.95,134,,true,false,false,false,false
PED-000935,20,10,3,3,2026-02-16,2026-02-16,,2026-02-16 18:00:59,2026-02-16 21:17:59,,2986.76,197,,true,false,false,false,false
PED-000937,81,1,2,3,2026-02-16,2026-02-16,,2026-02-16 06:19:03,2026-02-16 08:30:03,,4280.41,131,,true,false,false,false,false
PED-000938,58,9,2,3,2026-02-16,2026-02-16,,2026-02-16 22:11:05,2026-02-16 22:42:05,,56358.71,31,,true,false,false,false,false
PED-000939,105,3,2,3,2026-02-16,2026-02-16,,2026-02-16 08:00:05,2026-02-16 09:48:05,,5737.78,108,,true,false,false,false,false
PED-000940,115,5,2,4,2026-02-16,2026-02-16,,2026-02-16 15:41:34,2026-02-16 15:46:34,,1791.11,5,,true,false,false,false,false
PED-000941,146,1,1,4,2026-02-16,2026-02-17,,2026-02-16 22:37:02,2026-02-17 01:19:02,,403.11,162,,true,false,false,false,false
PED-000943,40,1,4,3,2026-02-16,2026-02-16,,2026-02-16 10:17:20,2026-02-16 12:54:20,,4080.22,157,,true,false,false,false,false
PED-000945,191,5,4,3,2026-02-16,2026-02-16,,2026-02-16 01:02:10,2026-02-16 02:27:10,,2396.27,85,,true,false,false,false,false
PED-000947,64,1,2,3,2026-02-16,2026-02-16,,2026-02-16 05:31:05,2026-02-16 05:58:05,,2985.77,27,,true,false,false,false,false
PED-000948,146,1,4,3,2026-02-16,2026-02-17,,2026-02-16 23:16:50,2026-02-17 00:38:50,,528.01,82,,true,false,false,false,false
PED-000949,90,5,2,3,2026-02-16,2026-02-16,,2026-02-16 06:36:31,2026-02-16 08:37:31,,11271.39,121,,true,false,false,false,false
PED-000950,155,7,2,3,2026-02-16,2026-02-16,,2026-02-16 18:04:47,2026-02-16 20:05:47,,5900.84,121,,true,false,false,false,false
PED-000952,1,6,2,3,2026-02-16,2026-02-16,,2026-02-16 22:25:43,2026-02-16 22:29:43,,1122.53,4,,true,false,false,false,false
PED-000953,131,8,4,3,2026-02-16,2026-02-16,,2026-02-16 03:39:19,2026-02-16 14:34:19,,1261.30,655,,true,false,false,false,false
PED-000955,75,9,2,3,2026-02-17,2026-02-17,,2026-02-17 18:50:11,2026-02-17 20:05:11,,677.20,75,,true,false,false,false,false
PED-000956,146,1,4,3,2026-02-17,2026-02-17,,2026-02-17 00:32:36,2026-02-17 01:54:36,,3741.97,82,,true,false,false,false,false
PED-000958,30,7,4,3,2026-02-17,2026-02-18,,2026-02-17 21:05:05,2026-02-18 03:14:05,,10379.22,369,,true,false,false,false,false
PED-000959,80,3,4,3,2026-02-17,2026-02-18,,2026-02-17 23:09:00,2026-02-18 04:26:00,,8778.52,317,,true,false,false,false,false
PED-000961,40,2,2,3,2026-02-17,2026-02-17,,2026-02-17 15:09:05,2026-02-17 21:17:05,,6757.28,368,,true,false,false,false,false
PED-000962,23,9,2,3,2026-02-17,2026-02-17,,2026-02-17 09:43:46,2026-02-17 11:16:46,,10055.89,93,,true,false,false,false,false
PED-000964,134,4,2,3,2026-02-17,2026-02-18,,2026-02-17 23:06:45,2026-02-18 00:38:45,,1871.13,92,,true,false,false,false,false
PED-000965,34,2,4,4,2026-02-17,2026-02-17,,2026-02-17 11:54:22,2026-02-17 15:24:22,,1540.09,210,,true,false,false,false,false
PED-000966,41,3,3,3,2026-02-17,2026-02-17,,2026-02-17 06:08:11,2026-02-17 15:15:11,,12071.72,547,,true,false,false,false,false
PED-000967,97,5,3,3,2026-02-17,2026-02-17,,2026-02-17 07:31:55,2026-02-17 08:12:55,,5751.12,41,,true,false,false,false,false
PED-000968,168,4,2,4,2026-02-17,2026-02-17,,2026-02-17 02:17:31,2026-02-17 02:25:31,,5604.27,8,,true,false,false,false,false
PED-000969,119,4,2,4,2026-02-17,2026-02-17,,2026-02-17 03:45:51,2026-02-17 04:57:51,,3317.23,72,,true,false,false,false,false
PED-000970,12,1,1,3,2026-02-17,2026-02-17,,2026-02-17 01:39:56,2026-02-17 08:16:56,,9932.49,397,,true,false,false,false,false
PED-000973,161,3,3,3,2026-02-17,2026-02-18,,2026-02-17 21:37:44,2026-02-18 00:37:44,,28733.10,180,,true,false,false,false,false
PED-000974,33,6,3,3,2026-02-17,2026-02-18,,2026-02-17 18:20:35,2026-02-18 01:44:35,,15652.45,444,,true,false,false,false,false
PED-000975,170,8,1,3,2026-02-18,2026-02-18,,2026-02-18 01:50:41,2026-02-18 02:55:41,,32351.02,65,,true,false,false,false,false
PED-000976,98,7,4,3,2026-02-18,2026-02-18,,2026-02-18 21:17:15,2026-02-18 23:56:15,,5246.50,159,,true,false,false,false,false
PED-000977,37,6,2,3,2026-02-18,2026-02-19,,2026-02-18 23:38:17,2026-02-19 10:10:17,,32044.79,632,,true,false,false,false,false
PED-000978,150,2,2,3,2026-02-18,2026-02-19,,2026-02-18 17:56:26,2026-02-19 04:46:26,,2462.63,650,,true,false,false,false,false
PED-000980,191,3,3,3,2026-02-18,2026-02-19,,2026-02-18 23:53:46,2026-02-19 01:24:46,,22992.94,91,,true,false,false,false,false
PED-000982,70,9,2,3,2026-02-18,2026-02-18,,2026-02-18 09:24:53,2026-02-18 11:04:53,,2505.36,100,,true,false,false,false,false
PED-000983,42,2,2,3,2026-02-18,2026-02-18,,2026-02-18 22:04:44,2026-02-18 23:06:44,,1132.76,62,,true,false,false,false,false
PED-000986,35,9,1,3,2026-02-18,2026-02-18,,2026-02-18 19:42:09,2026-02-18 20:04:09,,18706.77,22,,true,false,false,false,false
PED-000987,126,6,2,3,2026-02-18,2026-02-18,,2026-02-18 12:28:13,2026-02-18 14:11:13,,10986.65,103,,true,false,false,false,false
PED-000989,39,4,2,3,2026-02-19,2026-02-19,,2026-02-19 12:56:47,2026-02-19 14:21:47,,13660.27,85,,true,false,false,false,false
PED-000990,152,3,2,3,2026-02-19,2026-02-19,,2026-02-19 15:15:23,2026-02-19 15:18:23,,3147.22,3,,true,false,false,false,false
PED-000991,176,3,4,3,2026-02-19,2026-02-19,,2026-02-19 11:42:35,2026-02-19 12:12:35,,5987.90,30,,true,false,false,false,false
PED-000993,83,1,2,3,2026-02-19,2026-02-19,,2026-02-19 21:55:15,2026-02-19 22:10:15,,7229.48,15,,true,false,false,false,false
PED-000994,63,7,3,3,2026-02-19,2026-02-19,,2026-02-19 07:35:57,2026-02-19 15:55:57,,80153.37,500,,true,false,false,false,false
PED-000996,153,6,2,3,2026-02-19,2026-02-20,,2026-02-19 20:27:23,2026-02-20 01:37:23,,1552.13,310,,true,false,false,false,false
PED-000997,95,6,4,3,2026-02-19,2026-02-19,,2026-02-19 01:18:45,2026-02-19 04:25:45,,5394.37,187,,true,false,false,false,false
PED-000999,191,6,4,3,2026-02-19,2026-02-20,,2026-02-19 16:52:34,2026-02-20 03:46:34,,11988.29,654,,true,false,false,false,false
PED-001000,10,9,4,3,2026-02-19,2026-02-19,,2026-02-19 19:10:33,2026-02-19 20:11:33,,1336.42,61,,true,false,false,false,false
PED-001002,5,10,3,3,2026-02-20,2026-02-20,,2026-02-20 19:03:01,2026-02-20 23:55:01,,3915.44,292,,true,false,false,false,false
PED-001003,3,6,4,3,2026-02-20,2026-02-20,,2026-02-20 08:43:15,2026-02-20 16:55:15,,12256.34,492,,true,false,false,false,false
PED-001005,10,2,3,3,2026-02-20,2026-02-20,,2026-02-20 06:20:47,2026-02-20 14:27:47,,3945.11,487,,true,false,false,false,false
PED-001006,30,2,1,3,2026-02-20,2026-02-21,,2026-02-20 21:19:55,2026-02-21 01:06:55,,3978.12,227,,true,false,false,false,false
PED-001007,90,10,4,4,2026-02-20,2026-02-20,,2026-02-20 15:17:00,2026-02-20 18:15:00,,19938.64,178,,true,false,false,false,false
PED-001008,17,6,2,3,2026-02-20,2026-02-21,,2026-02-20 21:40:49,2026-02-21 00:14:49,,25894.76,154,,true,false,false,false,false
PED-001009,25,3,1,3,2026-02-20,2026-02-20,,2026-02-20 10:10:40,2026-02-20 11:08:40,,2105.05,58,,true,false,false,false,false
PED-001010,104,2,1,3,2026-02-20,2026-02-20,,2026-02-20 00:49:41,2026-02-20 04:02:41,,5591.32,193,,true,false,false,false,false
PED-001012,77,4,2,3,2026-02-20,2026-02-20,,2026-02-20 07:03:51,2026-02-20 08:30:51,,1268.24,87,,true,false,false,false,false
PED-001013,24,7,3,3,2026-02-20,2026-02-20,,2026-02-20 16:47:38,2026-02-20 19:57:38,,27526.18,190,,true,false,false,false,false
PED-001014,180,9,4,3,2026-02-20,2026-02-20,,2026-02-20 14:21:01,2026-02-20 22:29:01,,2076.31,488,,true,false,false,false,false
PED-001015,89,2,4,3,2026-02-20,2026-02-20,,2026-02-20 00:45:35,2026-02-20 06:44:35,,1777.89,359,,true,false,false,false,false
PED-001016,36,3,3,3,2026-02-20,2026-02-20,,2026-02-20 09:56:40,2026-02-20 16:36:40,,1167.14,400,,true,false,false,false,false
PED-001017,139,1,3,3,2026-02-21,2026-02-21,,2026-02-21 13:33:17,2026-02-21 14:39:17,,443.49,66,,true,false,false,false,false
PED-001018,19,4,3,3,2026-02-21,2026-02-21,,2026-02-21 07:22:35,2026-02-21 08:02:35,,1119.63,40,,true,false,false,false,false
PED-001019,22,1,2,3,2026-02-21,2026-02-21,,2026-02-21 13:12:17,2026-02-21 17:03:17,,6677.91,231,,true,false,false,false,false
PED-001021,171,2,2,3,2026-02-21,2026-02-21,,2026-02-21 10:11:04,2026-02-21 13:07:04,,21157.12,176,,true,false,false,false,false
PED-001022,3,6,1,3,2026-02-21,2026-02-21,,2026-02-21 00:23:49,2026-02-21 01:22:49,,6624.48,59,,true,false,false,false,false
PED-001023,13,8,4,3,2026-02-21,2026-02-22,,2026-02-21 23:45:42,2026-02-22 04:06:42,,15676.99,261,,true,false,false,false,false
PED-001024,159,2,1,3,2026-02-21,2026-02-21,,2026-02-21 15:34:24,2026-02-21 19:51:24,,5605.58,257,,true,false,false,false,false
PED-001025,20,1,1,4,2026-02-21,2026-02-21,,2026-02-21 15:37:59,2026-02-21 17:11:59,,1027.53,94,,true,false,false,false,false
PED-001026,134,1,3,3,2026-02-21,2026-02-21,,2026-02-21 07:11:30,2026-02-21 16:50:30,,2709.31,579,,true,false,false,false,false
PED-001028,52,9,2,3,2026-02-21,2026-02-21,,2026-02-21 06:00:40,2026-02-21 10:07:40,,4727.60,247,,true,false,false,false,false
PED-001030,88,5,4,3,2026-02-21,2026-02-21,,2026-02-21 05:53:03,2026-02-21 07:03:03,,11806.04,70,,true,false,false,false,false
PED-001033,164,2,4,3,2026-02-21,2026-02-21,,2026-02-21 08:29:14,2026-02-21 13:28:14,,12896.52,299,,true,false,false,false,false
PED-001035,99,6,4,3,2026-02-21,2026-02-22,,2026-02-21 21:57:00,2026-02-22 04:27:00,,1332.54,390,,true,false,false,false,false
PED-001038,26,8,2,3,2026-02-22,2026-02-22,,2026-02-22 12:36:11,2026-02-22 14:32:11,,3895.24,116,,true,false,false,false,false
PED-001042,20,2,2,3,2026-02-22,2026-02-22,,2026-02-22 06:57:19,2026-02-22 07:26:19,,3253.71,29,,true,false,false,false,false
PED-001043,156,2,4,3,2026-02-22,2026-02-22,,2026-02-22 02:05:58,2026-02-22 02:31:58,,3287.50,26,,true,false,false,false,false
PED-001046,79,5,4,3,2026-02-22,2026-02-22,,2026-02-22 15:50:01,2026-02-22 20:27:01,,1983.82,277,,true,false,false,false,false
PED-001047,79,2,4,3,2026-02-22,2026-02-22,,2026-02-22 02:07:15,2026-02-22 03:38:15,,1465.75,91,,true,false,false,false,false
PED-001048,13,5,1,3,2026-02-22,2026-02-22,,2026-02-22 04:50:44,2026-02-22 10:44:44,,4652.02,354,,true,false,false,false,false
PED-001050,112,5,2,3,2026-02-22,2026-02-22,,2026-02-22 08:23:31,2026-02-22 11:23:31,,6997.09,180,,true,false,false,false,false
PED-001051,99,7,4,3,2026-02-22,2026-02-23,,2026-02-22 23:26:16,2026-02-23 08:04:16,,6667.94,518,,true,false,false,false,false
PED-001053,101,10,2,3,2026-02-22,2026-02-22,,2026-02-22 20:29:36,2026-02-22 21:39:36,,2950.42,70,,true,false,false,false,false
PED-001054,98,7,2,4,2026-02-23,2026-02-23,,2026-02-23 14:03:14,2026-02-23 20:52:14,,10274.96,409,,true,false,false,false,false
PED-001056,81,10,4,3,2026-02-23,2026-02-23,,2026-02-23 02:10:23,2026-02-23 06:06:23,,430.22,236,,true,false,false,false,false
PED-001058,45,3,1,3,2026-02-23,2026-02-23,,2026-02-23 12:13:55,2026-02-23 12:21:55,,29539.05,8,,true,false,false,false,false
PED-001059,82,6,3,3,2026-02-23,2026-02-24,,2026-02-23 13:57:01,2026-02-24 01:16:01,,8282.83,679,,true,false,false,false,false
PED-001060,44,5,2,3,2026-02-23,2026-02-23,,2026-02-23 00:35:53,2026-02-23 00:59:53,,1848.84,24,,true,false,false,false,false
PED-001061,9,1,2,3,2026-02-23,2026-02-23,,2026-02-23 08:53:31,2026-02-23 11:19:31,,3138.90,146,,true,false,false,false,false
PED-001062,46,2,4,3,2026-02-23,2026-02-23,,2026-02-23 16:08:28,2026-02-23 19:35:28,,23424.10,207,,true,false,false,false,false
PED-001063,131,1,2,3,2026-02-23,2026-02-23,,2026-02-23 22:36:27,2026-02-23 22:42:27,,10109.41,6,,true,false,false,false,false
PED-001064,122,4,3,3,2026-02-23,2026-02-23,,2026-02-23 02:14:46,2026-02-23 03:11:46,,1751.68,57,,true,false,false,false,false
PED-001065,25,8,2,3,2026-02-23,2026-02-23,,2026-02-23 06:39:08,2026-02-23 07:12:08,,2902.52,33,,true,false,false,false,false
PED-001066,140,1,4,3,2026-02-23,2026-02-23,,2026-02-23 14:02:04,2026-02-23 14:58:04,,1038.71,56,,true,false,false,false,false
PED-001069,151,4,2,3,2026-02-23,2026-02-23,,2026-02-23 19:29:07,2026-02-23 22:33:07,,6613.79,184,,true,false,false,false,false
PED-001070,183,9,4,3,2026-02-23,2026-02-23,,2026-02-23 14:04:36,2026-02-23 14:33:36,,2395.86,29,,true,false,false,false,false
PED-001071,129,3,2,3,2026-02-23,2026-02-23,,2026-02-23 01:10:46,2026-02-23 03:55:46,,19770.58,165,,true,false,false,false,false
PED-001072,99,3,4,3,2026-02-23,2026-02-23,,2026-02-23 00:28:15,2026-02-23 01:39:15,,26502.95,71,,true,false,false,false,false
PED-001074,144,4,4,3,2026-02-24,2026-02-25,,2026-02-24 20:05:08,2026-02-25 03:00:08,,19954.40,415,,true,false,false,false,false
PED-001076,108,7,4,3,2026-02-24,2026-02-24,,2026-02-24 08:01:11,2026-02-24 15:14:11,,3505.68,433,,true,false,false,false,false
PED-001077,191,2,4,3,2026-02-24,2026-02-24,,2026-02-24 12:34:20,2026-02-24 12:51:20,,6946.45,17,,true,false,false,false,false
PED-001080,26,8,4,3,2026-02-24,2026-02-25,,2026-02-24 23:36:33,2026-02-25 00:17:33,,6141.36,41,,true,false,false,false,false
PED-001083,11,2,4,4,2026-02-24,2026-02-24,,2026-02-24 12:22:23,2026-02-24 16:16:23,,5914.08,234,,true,false,false,false,false
PED-001084,49,2,2,3,2026-02-24,2026-02-24,,2026-02-24 13:45:18,2026-02-24 16:25:18,,17065.63,160,,true,false,false,false,false
PED-001085,97,5,2,3,2026-02-24,2026-02-24,,2026-02-24 12:12:29,2026-02-24 13:23:29,,8682.67,71,,true,false,false,false,false
PED-001086,1,2,4,3,2026-02-24,2026-02-24,,2026-02-24 05:06:07,2026-02-24 07:27:07,,4837.84,141,,true,false,false,false,false
PED-001087,148,6,2,3,2026-02-24,2026-02-24,,2026-02-24 06:24:21,2026-02-24 07:07:21,,7558.69,43,,true,false,false,false,false
PED-001088,193,3,4,3,2026-02-24,2026-02-24,,2026-02-24 05:18:28,2026-02-24 06:29:28,,2901.14,71,,true,false,false,false,false
PED-001089,45,5,2,3,2026-02-24,2026-02-24,,2026-02-24 03:41:54,2026-02-24 07:57:54,,4100.96,256,,true,false,false,false,false
PED-001090,82,7,2,3,2026-02-25,2026-02-25,,2026-02-25 00:57:17,2026-02-25 01:25:17,,1058.40,28,,true,false,false,false,false
PED-001091,144,1,2,3,2026-02-25,2026-02-26,,2026-02-25 20:49:04,2026-02-26 04:53:04,,1944.06,484,,true,false,false,false,false
PED-001092,106,9,1,3,2026-02-25,2026-02-25,,2026-02-25 08:24:43,2026-02-25 16:19:43,,4522.76,475,,true,false,false,false,false
PED-001093,162,9,2,3,2026-02-25,2026-02-25,,2026-02-25 09:28:15,2026-02-25 13:26:15,,1881.64,238,,true,false,false,false,false
PED-001095,168,6,2,3,2026-02-25,2026-02-25,,2026-02-25 05:06:37,2026-02-25 09:39:37,,9104.68,273,,true,false,false,false,false
PED-001096,3,8,2,3,2026-02-25,2026-02-25,,2026-02-25 21:51:41,2026-02-25 22:53:41,,1519.58,62,,true,false,false,false,false
PED-001097,129,6,4,3,2026-02-25,2026-02-25,,2026-02-25 19:23:20,2026-02-25 19:35:20,,1460.00,12,,true,false,false,false,false
PED-001098,107,5,2,3,2026-02-25,2026-02-25,,2026-02-25 03:47:47,2026-02-25 11:40:47,,5830.47,473,,true,false,false,false,false
PED-001099,80,4,2,4,2026-02-25,2026-02-25,,2026-02-25 14:18:17,2026-02-25 19:26:17,,2327.09,308,,true,false,false,false,false
PED-001101,27,9,3,3,2026-02-25,2026-02-25,,2026-02-25 19:14:05,2026-02-25 23:30:05,,11568.59,256,,true,false,false,false,false
PED-001102,32,5,4,3,2026-02-25,2026-02-25,,2026-02-25 00:36:51,2026-02-25 03:16:51,,4138.15,160,,true,false,false,false,false
PED-001104,147,5,1,3,2026-02-25,2026-02-25,,2026-02-25 03:32:28,2026-02-25 05:43:28,,17722.17,131,,true,false,false,false,false
PED-001106,160,7,2,3,2026-02-25,2026-02-25,,2026-02-25 10:49:25,2026-02-25 12:28:25,,1636.31,99,,true,false,false,false,false
PED-001107,101,9,1,3,2026-02-25,2026-02-25,,2026-02-25 01:27:21,2026-02-25 01:30:21,,3056.34,3,,true,false,false,false,false
PED-001108,195,10,4,3,2026-02-25,2026-02-25,,2026-02-25 03:55:41,2026-02-25 04:29:41,,1920.23,34,,true,false,false,false,false
PED-001109,14,5,2,3,2026-02-25,2026-02-25,,2026-02-25 14:04:52,2026-02-25 19:21:52,,2477.66,317,,true,false,false,false,false
PED-001110,55,6,2,3,2026-02-25,2026-02-26,,2026-02-25 23:53:11,2026-02-26 01:11:11,,2846.73,78,,true,false,false,false,false
PED-001111,141,9,1,3,2026-02-25,2026-02-25,,2026-02-25 01:34:49,2026-02-25 06:39:49,,2377.01,305,,true,false,false,false,false
PED-001113,158,2,2,3,2026-02-26,2026-02-26,,2026-02-26 14:40:21,2026-02-26 14:49:21,,4178.03,9,,true,false,false,false,false
PED-001114,56,8,1,3,2026-02-26,2026-02-27,,2026-02-26 23:29:56,2026-02-27 09:51:56,,2349.58,622,,true,false,false,false,false
PED-001115,22,6,2,4,2026-02-26,2026-02-26,,2026-02-26 06:03:06,2026-02-26 08:26:06,,3351.77,143,,true,false,false,false,false
PED-001116,40,5,2,3,2026-02-26,2026-02-26,,2026-02-26 05:41:10,2026-02-26 07:03:10,,23975.63,82,,true,false,false,false,false
PED-001117,170,8,1,3,2026-02-26,2026-02-26,,2026-02-26 18:24:16,2026-02-26 18:49:16,,18882.48,25,,true,false,false,false,false
PED-001118,158,6,1,3,2026-02-26,2026-02-26,,2026-02-26 02:29:02,2026-02-26 04:05:02,,7293.96,96,,true,false,false,false,false
PED-001119,10,2,4,3,2026-02-26,2026-02-26,,2026-02-26 14:46:59,2026-02-26 16:41:59,,14229.95,115,,true,false,false,false,false
PED-001121,126,2,2,3,2026-02-26,2026-02-27,,2026-02-26 22:20:09,2026-02-27 01:15:09,,2633.92,175,,true,false,false,false,false
PED-001122,142,5,3,3,2026-02-26,2026-02-26,,2026-02-26 16:20:33,2026-02-26 17:06:33,,3004.60,46,,true,false,false,false,false
PED-001125,54,10,2,3,2026-02-26,2026-02-26,,2026-02-26 08:21:17,2026-02-26 10:20:17,,2030.88,119,,true,false,false,false,false
PED-001126,182,7,4,3,2026-02-26,2026-02-26,,2026-02-26 19:07:15,2026-02-26 19:29:15,,1754.36,22,,true,false,false,false,false
PED-001127,91,9,4,4,2026-02-26,2026-02-26,,2026-02-26 05:02:30,2026-02-26 07:23:30,,4671.06,141,,true,false,false,false,false
PED-001128,81,10,2,3,2026-02-26,2026-02-26,,2026-02-26 19:28:39,2026-02-26 23:31:39,,5614.81,243,,true,false,false,false,false
PED-001130,147,5,2,3,2026-02-26,2026-02-27,,2026-02-26 16:00:56,2026-02-27 02:48:56,,11138.42,648,,true,false,false,false,false
PED-001131,178,3,2,3,2026-02-26,2026-02-26,,2026-02-26 03:59:59,2026-02-26 05:59:59,,3294.47,120,,true,false,false,false,false
PED-001132,27,8,2,3,2026-02-26,2026-02-26,,2026-02-26 06:51:58,2026-02-26 07:56:58,,6163.12,65,,true,false,false,false,false
PED-001133,108,2,2,3,2026-02-26,2026-02-26,,2026-02-26 03:04:53,2026-02-26 04:46:53,,5009.93,102,,true,false,false,false,false
PED-001134,191,9,2,3,2026-02-26,2026-02-26,,2026-02-26 17:38:33,2026-02-26 18:48:33,,4569.70,70,,true,false,false,false,false
PED-001135,132,9,2,3,2026-02-26,2026-02-26,,2026-02-26 02:48:17,2026-02-26 04:36:17,,8580.15,108,,true,false,false,false,false
PED-001136,34,10,3,3,2026-02-26,2026-02-26,,2026-02-26 17:20:57,2026-02-26 17:36:57,,8456.09,16,,true,false,false,false,false
PED-001138,86,4,4,3,2026-02-26,2026-02-26,,2026-02-26 01:42:09,2026-02-26 10:09:09,,4149.20,507,,true,false,false,false,false
PED-001139,110,5,3,3,2026-02-27,2026-02-27,,2026-02-27 14:47:16,2026-02-27 16:04:16,,2360.26,77,,true,false,false,false,false
PED-001140,148,1,2,3,2026-02-27,2026-02-27,,2026-02-27 11:29:14,2026-02-27 12:58:14,,5766.88,89,,true,false,false,false,false
PED-001142,3,2,2,3,2026-02-27,2026-02-28,,2026-02-27 22:27:06,2026-02-28 01:03:06,,8260.14,156,,true,false,false,false,false
PED-001145,57,4,4,3,2026-02-27,2026-02-27,,2026-02-27 02:45:46,2026-02-27 04:10:46,,3786.90,85,,true,false,false,false,false
PED-001146,186,10,2,3,2026-02-27,2026-02-27,,2026-02-27 03:41:20,2026-02-27 06:52:20,,1508.40,191,,true,false,false,false,false
PED-001147,18,8,1,3,2026-02-27,2026-02-27,,2026-02-27 13:47:44,2026-02-27 18:35:44,,4486.86,288,,true,false,false,false,false
PED-001149,95,7,2,3,2026-02-27,2026-02-27,,2026-02-27 17:36:08,2026-02-27 19:02:08,,7180.05,86,,true,false,false,false,false
PED-001150,108,6,2,3,2026-02-27,2026-02-27,,2026-02-27 12:52:41,2026-02-27 15:24:41,,8182.24,152,,true,false,false,false,false
PED-001151,8,4,2,3,2026-02-27,2026-02-27,,2026-02-27 14:59:46,2026-02-27 17:02:46,,3913.02,123,,true,false,false,false,false
PED-001152,120,3,2,3,2026-02-27,2026-02-27,,2026-02-27 13:46:10,2026-02-27 19:20:10,,1205.40,334,,true,false,false,false,false
PED-001153,97,4,2,3,2026-02-27,2026-02-28,,2026-02-27 23:43:16,2026-02-28 00:31:16,,2285.07,48,,true,false,false,false,false
PED-001155,33,10,2,4,2026-02-27,2026-02-27,,2026-02-27 04:03:04,2026-02-27 04:15:04,,2981.99,12,,true,false,false,false,false
PED-001156,149,3,3,3,2026-02-27,2026-02-27,,2026-02-27 04:29:20,2026-02-27 06:31:20,,5596.28,122,,true,false,false,false,false
PED-001157,38,2,4,3,2026-02-27,2026-02-27,,2026-02-27 17:20:27,2026-02-27 18:58:27,,3181.45,98,,true,false,false,false,false
PED-001159,144,2,4,3,2026-02-27,2026-02-27,,2026-02-27 00:44:27,2026-02-27 05:51:27,,9006.38,307,,true,false,false,false,false
PED-001160,71,4,4,3,2026-02-27,2026-02-27,,2026-02-27 01:08:39,2026-02-27 01:30:39,,29016.10,22,,true,false,false,false,false
PED-001162,10,5,2,3,2026-02-27,2026-02-27,,2026-02-27 17:10:27,2026-02-27 20:14:27,,923.67,184,,true,false,false,false,false
PED-001163,190,3,4,3,2026-02-27,2026-02-27,,2026-02-27 17:32:40,2026-02-27 19:00:40,,726.85,88,,true,false,false,false,false
PED-001164,11,8,3,3,2026-02-27,2026-02-27,,2026-02-27 05:04:35,2026-02-27 07:26:35,,8994.21,142,,true,false,false,false,false
PED-001165,137,1,3,3,2026-02-27,2026-02-27,,2026-02-27 16:12:58,2026-02-27 16:29:58,,3305.78,17,,true,false,false,false,false
PED-001168,16,8,3,3,2026-02-28,2026-02-28,,2026-02-28 15:51:42,2026-02-28 20:56:42,,13115.06,305,,true,false,false,false,false
PED-001169,74,1,3,3,2026-02-28,2026-02-28,,2026-02-28 00:18:31,2026-02-28 00:19:31,,4459.05,1,,true,false,false,false,false
PED-001170,30,4,2,3,2026-02-28,2026-02-28,,2026-02-28 16:24:01,2026-02-28 16:36:01,,11123.73,12,,true,false,false,false,false
PED-001172,81,4,4,3,2026-02-28,2026-02-28,,2026-02-28 00:30:57,2026-02-28 05:26:57,,6104.79,296,,true,false,false,false,false
PED-001173,198,3,3,3,2026-02-28,2026-02-28,,2026-02-28 00:51:31,2026-02-28 03:00:31,,4002.59,129,,true,false,false,false,false
PED-001176,22,8,1,3,2026-02-28,2026-03-01,,2026-02-28 12:13:07,2026-03-01 01:18:07,,9676.99,785,,true,false,false,false,false
PED-001180,139,5,2,3,2026-02-28,2026-02-28,,2026-02-28 11:41:49,2026-02-28 19:46:49,,6665.05,485,,true,false,false,false,false
PED-001181,45,1,2,3,2026-02-28,2026-02-28,,2026-02-28 11:15:42,2026-02-28 17:51:42,,12636.46,396,,true,false,false,false,false
PED-001185,81,8,4,3,2026-02-28,2026-02-28,,2026-02-28 10:07:45,2026-02-28 14:52:45,,325.47,285,,true,false,false,false,false
PED-001187,100,8,4,3,2026-03-01,2026-03-01,,2026-03-01 15:50:20,2026-03-01 17:24:20,,3852.57,94,,true,false,false,false,false
PED-001188,50,5,2,3,2026-03-01,2026-03-01,,2026-03-01 15:55:41,2026-03-01 16:49:41,,4679.03,54,,true,false,false,false,false
PED-001189,106,5,1,3,2026-03-01,2026-03-01,,2026-03-01 07:26:16,2026-03-01 07:55:16,,11766.98,29,,true,false,false,false,false
PED-001190,75,8,2,3,2026-03-01,2026-03-01,,2026-03-01 22:11:13,2026-03-01 23:23:13,,4209.09,72,,true,false,false,false,false
PED-001191,10,9,1,3,2026-03-01,2026-03-01,,2026-03-01 00:11:10,2026-03-01 00:55:10,,3064.26,44,,true,false,false,false,false
PED-001192,12,4,1,3,2026-03-01,2026-03-01,,2026-03-01 05:21:46,2026-03-01 08:20:46,,2730.19,179,,true,false,false,false,false
PED-001193,31,4,2,3,2026-03-01,2026-03-01,,2026-03-01 19:08:20,2026-03-01 23:13:20,,1522.20,245,,true,false,false,false,false
PED-001195,92,10,2,3,2026-03-01,2026-03-01,,2026-03-01 13:16:05,2026-03-01 16:19:05,,6298.85,183,,true,false,false,false,false
PED-001196,58,3,1,3,2026-03-01,2026-03-01,,2026-03-01 15:46:30,2026-03-01 22:27:30,,19484.18,401,,true,false,false,false,false
PED-001197,25,6,3,4,2026-03-02,2026-03-03,,2026-03-02 19:06:02,2026-03-03 02:48:02,,1323.03,462,,true,false,false,false,false
PED-001200,191,3,4,3,2026-03-02,2026-03-02,,2026-03-02 06:16:50,2026-03-02 06:45:50,,8958.35,29,,true,false,false,false,false
PED-001201,153,9,2,3,2026-03-02,2026-03-03,,2026-03-02 21:05:55,2026-03-03 01:09:55,,29107.46,244,,true,false,false,false,false
PED-001205,71,4,2,3,2026-03-02,2026-03-03,,2026-03-02 21:19:17,2026-03-03 02:47:17,,3413.20,328,,true,false,false,false,false
PED-001206,7,6,4,3,2026-03-02,2026-03-02,,2026-03-02 02:34:33,2026-03-02 07:44:33,,3906.85,310,,true,false,false,false,false
PED-001207,111,2,1,3,2026-03-02,2026-03-02,,2026-03-02 20:40:10,2026-03-02 23:12:10,,4934.74,152,,true,false,false,false,false
PED-001208,51,3,4,3,2026-03-02,2026-03-02,,2026-03-02 08:44:54,2026-03-02 10:34:54,,3486.47,110,,true,false,false,false,false
PED-001210,68,3,4,3,2026-03-02,2026-03-02,,2026-03-02 03:48:18,2026-03-02 15:31:18,,7406.56,703,,true,false,false,false,false
PED-001212,43,2,2,3,2026-03-03,2026-03-03,,2026-03-03 10:57:17,2026-03-03 11:04:17,,3388.77,7,,true,false,false,false,false
PED-001213,159,2,1,3,2026-03-03,2026-03-03,,2026-03-03 06:09:12,2026-03-03 06:44:12,,3016.49,35,,true,false,false,false,false
PED-001214,26,6,1,3,2026-03-03,2026-03-03,,2026-03-03 07:00:09,2026-03-03 07:10:09,,14920.01,10,,true,false,false,false,false
PED-001215,139,10,4,4,2026-03-03,2026-03-03,,2026-03-03 02:10:50,2026-03-03 03:14:50,,4086.94,64,,true,false,false,false,false
PED-001216,130,1,2,3,2026-03-03,2026-03-04,,2026-03-03 23:47:18,2026-03-04 00:04:18,,917.88,17,,true,false,false,false,false
PED-001217,142,3,3,4,2026-03-03,2026-03-03,,2026-03-03 00:55:11,2026-03-03 02:25:11,,6137.47,90,,true,false,false,false,false
PED-001218,108,5,2,3,2026-03-03,2026-03-03,,2026-03-03 15:44:40,2026-03-03 19:47:40,,14206.09,243,,true,false,false,false,false
PED-001219,15,7,2,3,2026-03-03,2026-03-03,,2026-03-03 10:09:48,2026-03-03 16:16:48,,5334.66,367,,true,false,false,false,false
PED-001222,181,5,3,3,2026-03-03,2026-03-03,,2026-03-03 03:49:08,2026-03-03 17:45:08,,5730.55,836,,true,false,false,false,false
PED-001223,79,4,2,3,2026-03-03,2026-03-03,,2026-03-03 17:16:36,2026-03-03 20:05:36,,8814.40,169,,true,false,false,false,false
PED-001224,1,2,1,3,2026-03-03,2026-03-04,,2026-03-03 22:36:51,2026-03-04 01:28:51,,2039.33,172,,true,false,false,false,false
PED-001225,62,6,4,3,2026-03-03,2026-03-04,,2026-03-03 19:03:46,2026-03-04 06:31:46,,779.16,688,,true,false,false,false,false
PED-001226,138,6,2,3,2026-03-03,2026-03-03,,2026-03-03 18:33:41,2026-03-03 19:57:41,,1715.23,84,,true,false,false,false,false
PED-001227,181,2,2,3,2026-03-03,2026-03-03,,2026-03-03 12:10:13,2026-03-03 14:54:13,,6504.74,164,,true,false,false,false,false
PED-001230,103,6,4,3,2026-03-03,2026-03-03,,2026-03-03 06:52:14,2026-03-03 09:48:14,,3021.74,176,,true,false,false,false,false
PED-001231,3,1,2,3,2026-03-03,2026-03-03,,2026-03-03 19:31:53,2026-03-03 20:01:53,,4636.75,30,,true,false,false,false,false
PED-001234,113,6,3,3,2026-03-03,2026-03-03,,2026-03-03 18:07:58,2026-03-03 22:24:58,,1674.00,257,,true,false,false,false,false
PED-001235,47,4,2,3,2026-03-04,2026-03-04,,2026-03-04 08:00:02,2026-03-04 10:09:02,,11768.07,129,,true,false,false,false,false
PED-001236,141,2,3,3,2026-03-04,2026-03-05,,2026-03-04 23:54:57,2026-03-05 02:47:57,,5447.51,173,,true,false,false,false,false
PED-001238,142,8,2,3,2026-03-04,2026-03-04,,2026-03-04 02:04:06,2026-03-04 04:33:06,,4989.48,149,,true,false,false,false,false
PED-001241,1,2,4,3,2026-03-04,2026-03-04,,2026-03-04 20:45:40,2026-03-04 22:46:40,,15226.26,121,,true,false,false,false,false
PED-001244,151,10,3,3,2026-03-04,2026-03-04,,2026-03-04 16:21:01,2026-03-04 18:27:01,,3464.66,126,,true,false,false,false,false
PED-001245,142,10,3,3,2026-03-04,2026-03-04,,2026-03-04 18:03:58,2026-03-04 19:16:58,,1925.60,73,,true,false,false,false,false
PED-001247,46,7,2,3,2026-03-04,2026-03-04,,2026-03-04 08:57:56,2026-03-04 10:50:56,,2961.63,113,,true,false,false,false,false
PED-001248,198,3,4,3,2026-03-04,2026-03-04,,2026-03-04 19:09:49,2026-03-04 21:20:49,,5192.02,131,,true,false,false,false,false
PED-001249,188,8,2,3,2026-03-04,2026-03-04,,2026-03-04 16:37:22,2026-03-04 18:11:22,,8598.95,94,,true,false,false,false,false
PED-001250,199,9,2,4,2026-03-04,2026-03-04,,2026-03-04 13:49:27,2026-03-04 17:44:27,,1495.30,235,,true,false,false,false,false
PED-001251,40,4,2,3,2026-03-04,2026-03-04,,2026-03-04 00:17:11,2026-03-04 03:26:11,,3074.19,189,,true,false,false,false,false
PED-001252,168,10,1,3,2026-03-04,2026-03-04,,2026-03-04 10:52:44,2026-03-04 12:05:44,,8398.83,73,,true,false,false,false,false
PED-001254,146,7,3,3,2026-03-04,2026-03-05,,2026-03-04 22:18:18,2026-03-05 01:17:18,,2328.60,179,,true,false,false,false,false
PED-001256,181,9,4,3,2026-03-04,2026-03-04,,2026-03-04 09:55:08,2026-03-04 13:07:08,,13110.25,192,,true,false,false,false,false
PED-001257,154,4,2,3,2026-03-04,2026-03-04,,2026-03-04 04:32:17,2026-03-04 04:39:17,,7908.99,7,,true,false,false,false,false
PED-001258,117,6,2,3,2026-03-04,2026-03-04,,2026-03-04 03:56:11,2026-03-04 12:31:11,,3387.16,515,,true,false,false,false,false
PED-001259,115,6,1,3,2026-03-04,2026-03-05,,2026-03-04 23:34:38,2026-03-05 02:40:38,,1096.23,186,,true,false,false,false,false
PED-001260,69,8,3,3,2026-03-04,2026-03-04,,2026-03-04 05:24:45,2026-03-04 06:12:45,,31157.73,48,,true,false,false,false,false
PED-001261,138,2,2,3,2026-03-04,2026-03-04,,2026-03-04 13:39:33,2026-03-04 17:16:33,,20598.91,217,,true,false,false,false,false
PED-001262,16,5,3,3,2026-03-05,2026-03-05,,2026-03-05 03:50:26,2026-03-05 05:38:26,,2834.34,108,,true,false,false,false,false
PED-001263,152,8,4,3,2026-03-05,2026-03-05,,2026-03-05 16:26:51,2026-03-05 20:17:51,,6783.19,231,,true,false,false,false,false
PED-001264,125,1,2,3,2026-03-05,2026-03-05,,2026-03-05 05:22:10,2026-03-05 05:39:10,,2753.08,17,,true,false,false,false,false
PED-001266,5,2,4,3,2026-03-05,2026-03-05,,2026-03-05 03:35:36,2026-03-05 03:57:36,,3974.80,22,,true,false,false,false,false
PED-001267,68,6,4,3,2026-03-05,2026-03-05,,2026-03-05 20:20:39,2026-03-05 20:57:39,,4155.78,37,,true,false,false,false,false
PED-001268,48,3,2,4,2026-03-05,2026-03-05,,2026-03-05 06:55:50,2026-03-05 10:14:50,,13894.65,199,,true,false,false,false,false
PED-001270,140,10,2,3,2026-03-05,2026-03-05,,2026-03-05 22:46:10,2026-03-05 23:12:10,,11200.81,26,,true,false,false,false,false
PED-001271,122,3,4,3,2026-03-05,2026-03-05,,2026-03-05 00:31:40,2026-03-05 02:09:40,,10493.44,98,,true,false,false,false,false
PED-001272,12,7,3,3,2026-03-05,2026-03-05,,2026-03-05 00:11:07,2026-03-05 03:01:07,,5511.14,170,,true,false,false,false,false
PED-001273,15,3,2,3,2026-03-05,2026-03-05,,2026-03-05 04:15:07,2026-03-05 05:40:07,,13237.01,85,,true,false,false,false,false
PED-001275,114,8,2,3,2026-03-05,2026-03-05,,2026-03-05 01:39:48,2026-03-05 04:31:48,,3403.99,172,,true,false,false,false,false
PED-001276,187,1,1,3,2026-03-05,2026-03-05,,2026-03-05 01:03:42,2026-03-05 07:52:42,,2778.68,409,,true,false,false,false,false
PED-001277,146,10,2,3,2026-03-05,2026-03-05,,2026-03-05 15:51:22,2026-03-05 21:53:22,,1416.83,362,,true,false,false,false,false
PED-001279,34,9,4,3,2026-03-05,2026-03-05,,2026-03-05 12:30:58,2026-03-05 13:25:58,,4117.12,55,,true,false,false,false,false
PED-001280,138,3,2,3,2026-03-05,2026-03-05,,2026-03-05 09:20:16,2026-03-05 09:22:16,,184101.34,2,,true,false,false,false,false
PED-001281,79,8,2,3,2026-03-05,2026-03-05,,2026-03-05 20:42:44,2026-03-05 21:43:44,,4844.16,61,,true,false,false,false,false
PED-001282,75,9,1,3,2026-03-05,2026-03-05,,2026-03-05 13:48:41,2026-03-05 20:56:41,,1039.14,428,,true,false,false,false,false
PED-001283,110,4,2,3,2026-03-05,2026-03-05,,2026-03-05 19:49:26,2026-03-05 20:54:26,,3089.70,65,,true,false,false,false,false
PED-001284,13,4,2,3,2026-03-05,2026-03-05,,2026-03-05 02:14:14,2026-03-05 03:08:14,,9698.65,54,,true,false,false,false,false
PED-001285,96,4,2,3,2026-03-05,2026-03-05,,2026-03-05 11:40:22,2026-03-05 14:34:22,,15158.47,174,,true,false,false,false,false
PED-001286,166,8,2,3,2026-03-05,2026-03-05,,2026-03-05 02:08:10,2026-03-05 05:53:10,,2068.29,225,,true,false,false,false,false
PED-001287,71,9,1,3,2026-03-05,2026-03-05,,2026-03-05 02:17:29,2026-03-05 04:26:29,,8202.73,129,,true,false,false,false,false
PED-001288,181,2,4,3,2026-03-05,2026-03-05,,2026-03-05 05:02:54,2026-03-05 05:19:54,,3946.66,17,,true,false,false,false,false
PED-001289,180,7,4,3,2026-03-06,2026-03-06,,2026-03-06 17:45:26,2026-03-06 18:36:26,,1965.00,51,,true,false,false,false,false
PED-001290,197,7,3,3,2026-03-06,2026-03-06,,2026-03-06 19:17:38,2026-03-06 22:27:38,,20458.22,190,,true,false,false,false,false
PED-001291,42,10,2,3,2026-03-06,2026-03-06,,2026-03-06 07:21:44,2026-03-06 09:51:44,,1442.52,150,,true,false,false,false,false
PED-001293,35,9,4,3,2026-03-06,2026-03-06,,2026-03-06 09:19:25,2026-03-06 09:28:25,,6057.32,9,,true,false,false,false,false
PED-001294,87,3,4,3,2026-03-06,2026-03-06,,2026-03-06 03:12:48,2026-03-06 05:07:48,,1876.39,115,,true,false,false,false,false
PED-001295,197,10,2,3,2026-03-06,2026-03-06,,2026-03-06 01:43:32,2026-03-06 03:02:32,,13298.32,79,,true,false,false,false,false
PED-001298,166,8,4,3,2026-03-06,2026-03-06,,2026-03-06 22:50:47,2026-03-06 23:01:47,,4287.64,11,,true,false,false,false,false
PED-001299,132,4,2,3,2026-03-06,2026-03-07,,2026-03-06 22:13:53,2026-03-07 02:00:53,,10436.67,227,,true,false,false,false,false
PED-001300,119,5,4,4,2026-03-06,2026-03-06,,2026-03-06 03:32:09,2026-03-06 10:43:09,,3365.19,431,,true,false,false,false,false
PED-001302,62,9,1,3,2026-03-06,2026-03-06,,2026-03-06 06:44:00,2026-03-06 09:22:00,,6055.63,158,,true,false,false,false,false
PED-001303,23,9,3,3,2026-03-06,2026-03-06,,2026-03-06 11:11:56,2026-03-06 14:37:56,,5637.38,206,,true,false,false,false,false
PED-001305,132,3,3,3,2026-03-07,2026-03-07,,2026-03-07 07:34:34,2026-03-07 14:31:34,,5652.36,417,,true,false,false,false,false
PED-001306,105,4,4,3,2026-03-07,2026-03-07,,2026-03-07 08:30:45,2026-03-07 11:16:45,,4716.46,166,,true,false,false,false,false
PED-001307,47,9,1,3,2026-03-07,2026-03-07,,2026-03-07 07:20:50,2026-03-07 08:57:50,,8954.91,97,,true,false,false,false,false
PED-001308,166,9,2,3,2026-03-07,2026-03-07,,2026-03-07 10:56:58,2026-03-07 11:32:58,,2010.98,36,,true,false,false,false,false
PED-001309,142,10,1,3,2026-03-07,2026-03-07,,2026-03-07 09:02:21,2026-03-07 10:15:21,,4180.26,73,,true,false,false,false,false
PED-001310,32,3,2,3,2026-03-07,2026-03-07,,2026-03-07 12:57:28,2026-03-07 21:08:28,,4134.95,491,,true,false,false,false,false
PED-001312,190,2,4,3,2026-03-07,2026-03-07,,2026-03-07 21:08:45,2026-03-07 22:11:45,,8182.62,63,,true,false,false,false,false
PED-001314,124,2,3,3,2026-03-07,2026-03-07,,2026-03-07 00:13:56,2026-03-07 01:04:56,,2845.66,51,,true,false,false,false,false
PED-001316,40,8,1,3,2026-03-07,2026-03-07,,2026-03-07 05:56:03,2026-03-07 06:14:03,,3973.23,18,,true,false,false,false,false
PED-001318,69,6,2,3,2026-03-07,2026-03-07,,2026-03-07 03:27:28,2026-03-07 12:57:28,,4507.24,570,,true,false,false,false,false
PED-001319,130,10,4,3,2026-03-07,2026-03-08,,2026-03-07 20:38:39,2026-03-08 05:39:39,,954.29,541,,true,false,false,false,false
PED-001320,60,10,1,3,2026-03-07,2026-03-07,,2026-03-07 13:42:46,2026-03-07 16:53:46,,3639.42,191,,true,false,false,false,false
PED-001321,74,5,2,3,2026-03-07,2026-03-08,,2026-03-07 21:31:25,2026-03-08 08:21:25,,24794.40,650,,true,false,false,false,false
PED-001323,125,9,3,3,2026-03-08,2026-03-08,,2026-03-08 12:08:37,2026-03-08 13:36:37,,7380.20,88,,true,false,false,false,false
PED-001324,73,2,2,3,2026-03-08,2026-03-08,,2026-03-08 10:55:09,2026-03-08 19:42:09,,3218.51,527,,true,false,false,false,false
PED-001325,92,9,4,4,2026-03-08,2026-03-08,,2026-03-08 05:40:44,2026-03-08 05:40:44,,4058.00,0,,true,false,false,false,false
PED-001326,108,10,4,4,2026-03-08,2026-03-08,,2026-03-08 07:38:12,2026-03-08 09:59:12,,4011.21,141,,true,false,false,false,false
PED-001327,150,6,3,3,2026-03-08,2026-03-08,,2026-03-08 04:49:47,2026-03-08 05:33:47,,9832.53,44,,true,false,false,false,false
PED-001328,24,7,2,3,2026-03-08,2026-03-08,,2026-03-08 20:49:51,2026-03-08 21:09:51,,9599.94,20,,true,false,false,false,false
PED-001330,61,8,2,3,2026-03-08,2026-03-08,,2026-03-08 04:19:32,2026-03-08 04:34:32,,4186.50,15,,true,false,false,false,false
PED-001331,128,9,3,3,2026-03-08,2026-03-08,,2026-03-08 06:07:54,2026-03-08 06:09:54,,4680.71,2,,true,false,false,false,false
PED-001332,57,9,2,3,2026-03-08,2026-03-08,,2026-03-08 01:42:37,2026-03-08 01:53:37,,5961.09,11,,true,false,false,false,false
PED-001333,50,1,2,3,2026-03-08,2026-03-08,,2026-03-08 05:14:20,2026-03-08 08:27:20,,11840.54,193,,true,false,false,false,false
PED-001335,86,5,2,3,2026-03-08,2026-03-08,,2026-03-08 05:11:00,2026-03-08 13:56:00,,12824.22,525,,true,false,false,false,false
PED-001336,92,6,3,3,2026-03-08,2026-03-08,,2026-03-08 09:06:21,2026-03-08 15:06:21,,2951.89,360,,true,false,false,false,false
PED-001337,26,2,3,3,2026-03-08,2026-03-08,,2026-03-08 07:03:01,2026-03-08 08:56:01,,9353.04,113,,true,false,false,false,false
PED-001338,122,10,4,3,2026-03-08,2026-03-08,,2026-03-08 00:51:10,2026-03-08 01:40:10,,6425.58,49,,true,false,false,false,false
PED-001340,8,1,1,3,2026-03-08,2026-03-08,,2026-03-08 03:59:50,2026-03-08 04:07:50,,5304.47,8,,true,false,false,false,false
PED-001341,56,9,2,3,2026-03-08,2026-03-08,,2026-03-08 13:59:16,2026-03-08 14:01:16,,31213.32,2,,true,false,false,false,false
PED-001342,8,6,2,4,2026-03-08,2026-03-08,,2026-03-08 11:56:16,2026-03-08 12:37:16,,18753.83,41,,true,false,false,false,false
PED-001344,8,1,2,3,2026-03-08,2026-03-08,,2026-03-08 09:15:30,2026-03-08 11:30:30,,1710.32,135,,true,false,false,false,false
PED-001345,26,9,1,3,2026-03-08,2026-03-08,,2026-03-08 06:58:41,2026-03-08 07:41:41,,4929.32,43,,true,false,false,false,false
PED-001347,133,2,2,3,2026-03-09,2026-03-09,,2026-03-09 18:06:05,2026-03-09 18:07:05,,6377.55,1,,true,false,false,false,false
PED-001348,156,10,4,3,2026-03-09,2026-03-10,,2026-03-09 17:32:57,2026-03-10 03:29:57,,6460.91,597,,true,false,false,false,false
PED-001350,120,6,2,3,2026-03-09,2026-03-09,,2026-03-09 21:04:55,2026-03-09 21:18:55,,6133.75,14,,true,false,false,false,false
PED-001351,197,6,4,3,2026-03-09,2026-03-09,,2026-03-09 19:32:04,2026-03-09 22:33:04,,4373.88,181,,true,false,false,false,false
PED-001352,136,1,2,3,2026-03-09,2026-03-09,,2026-03-09 14:57:43,2026-03-09 15:51:43,,2195.29,54,,true,false,false,false,false
PED-001353,32,9,1,3,2026-03-09,2026-03-09,,2026-03-09 12:08:59,2026-03-09 23:07:59,,836.41,659,,true,false,false,false,false
PED-001354,66,6,1,3,2026-03-09,2026-03-09,,2026-03-09 03:12:28,2026-03-09 05:13:28,,22161.03,121,,true,false,false,false,false
PED-001356,36,2,4,3,2026-03-09,2026-03-09,,2026-03-09 09:02:06,2026-03-09 13:36:06,,2341.38,274,,true,false,false,false,false
PED-001357,158,7,2,3,2026-03-09,2026-03-09,,2026-03-09 17:44:08,2026-03-09 17:49:08,,5621.75,5,,true,false,false,false,false
PED-001358,190,4,1,3,2026-03-09,2026-03-10,,2026-03-09 22:15:26,2026-03-10 12:50:26,,1821.68,875,,true,false,false,false,false
PED-001362,130,2,2,3,2026-03-09,2026-03-09,,2026-03-09 15:52:15,2026-03-09 16:41:15,,1692.18,49,,true,false,false,false,false
PED-001363,120,7,4,3,2026-03-09,2026-03-09,,2026-03-09 22:30:47,2026-03-09 23:47:47,,2732.73,77,,true,false,false,false,false
PED-001365,37,5,2,3,2026-03-09,2026-03-09,,2026-03-09 06:34:30,2026-03-09 10:17:30,,4367.77,223,,true,false,false,false,false
PED-001366,171,3,2,3,2026-03-09,2026-03-09,,2026-03-09 00:17:25,2026-03-09 02:25:25,,1616.30,128,,true,false,false,false,false
PED-001367,130,1,4,3,2026-03-09,2026-03-09,,2026-03-09 00:35:06,2026-03-09 00:46:06,,3528.67,11,,true,false,false,false,false
PED-001368,176,4,2,3,2026-03-09,2026-03-09,,2026-03-09 03:59:00,2026-03-09 05:58:00,,3958.22,119,,true,false,false,false,false
PED-001370,156,1,4,4,2026-03-09,2026-03-09,,2026-03-09 02:52:27,2026-03-09 07:13:27,,8801.31,261,,true,false,false,false,false
PED-001371,24,10,1,3,2026-03-09,2026-03-09,,2026-03-09 07:02:28,2026-03-09 10:40:28,,4799.93,218,,true,false,false,false,false
PED-001372,157,5,2,3,2026-03-09,2026-03-09,,2026-03-09 13:29:29,2026-03-09 15:11:29,,2095.35,102,,true,false,false,false,false
PED-001373,74,6,2,3,2026-03-10,2026-03-10,,2026-03-10 17:09:04,2026-03-10 18:49:04,,14505.38,100,,true,false,false,false,false
PED-001374,44,8,2,3,2026-03-10,2026-03-10,,2026-03-10 06:24:48,2026-03-10 08:20:48,,3200.22,116,,true,false,false,false,false
PED-001375,89,10,2,3,2026-03-10,2026-03-10,,2026-03-10 21:37:34,2026-03-10 23:01:34,,14181.81,84,,true,false,false,false,false
PED-001376,57,10,3,3,2026-03-10,2026-03-10,,2026-03-10 06:02:23,2026-03-10 12:25:23,,5168.88,383,,true,false,false,false,false
PED-001377,88,3,1,3,2026-03-10,2026-03-10,,2026-03-10 12:45:09,2026-03-10 12:48:09,,15992.01,3,,true,false,false,false,false
PED-001379,60,8,2,3,2026-03-10,2026-03-10,,2026-03-10 11:54:19,2026-03-10 12:08:19,,18783.49,14,,true,false,false,false,false
PED-001380,131,5,3,4,2026-03-10,2026-03-10,,2026-03-10 11:26:12,2026-03-10 12:36:12,,2433.57,70,,true,false,false,false,false
PED-001381,74,8,2,3,2026-03-10,2026-03-10,,2026-03-10 15:18:31,2026-03-10 22:39:31,,4904.42,441,,true,false,false,false,false
PED-001382,79,2,2,3,2026-03-10,2026-03-10,,2026-03-10 22:33:05,2026-03-10 23:30:05,,3599.84,57,,true,false,false,false,false
PED-001383,126,1,2,3,2026-03-10,2026-03-11,,2026-03-10 20:18:34,2026-03-11 23:10:34,,6287.16,1612,,true,false,false,false,false
PED-001384,57,2,4,3,2026-03-10,2026-03-10,,2026-03-10 20:32:50,2026-03-10 22:21:50,,1278.12,109,,true,false,false,false,false
PED-001385,74,1,2,3,2026-03-10,2026-03-10,,2026-03-10 01:41:51,2026-03-10 02:55:51,,4636.72,74,,true,false,false,false,false
PED-001387,142,4,2,3,2026-03-10,2026-03-10,,2026-03-10 17:26:57,2026-03-10 17:26:57,,12229.06,0,,true,false,false,false,false
PED-001388,178,2,4,3,2026-03-10,2026-03-10,,2026-03-10 20:53:20,2026-03-10 23:15:20,,3589.24,142,,true,false,false,false,false
PED-001389,164,3,1,3,2026-03-10,2026-03-10,,2026-03-10 05:12:12,2026-03-10 08:47:12,,2503.75,215,,true,false,false,false,false
PED-001391,184,10,1,3,2026-03-10,2026-03-10,,2026-03-10 05:07:21,2026-03-10 07:59:21,,4208.60,172,,true,false,false,false,false
PED-001393,122,5,2,3,2026-03-10,2026-03-10,,2026-03-10 21:00:55,2026-03-10 22:33:55,,1089.36,93,,true,false,false,false,false
PED-001397,72,3,4,3,2026-03-11,2026-03-11,,2026-03-11 13:16:24,2026-03-11 16:00:24,,3063.23,164,,true,false,false,false,false
PED-001398,136,8,2,3,2026-03-11,2026-03-11,,2026-03-11 17:08:15,2026-03-11 19:56:15,,19441.67,168,,true,false,false,false,false
PED-001399,94,7,1,3,2026-03-11,2026-03-11,,2026-03-11 13:35:47,2026-03-11 14:55:47,,10984.83,80,,true,false,false,false,false
PED-001400,164,7,2,3,2026-03-11,2026-03-11,,2026-03-11 20:28:38,2026-03-11 21:25:38,,4406.81,57,,true,false,false,false,false
PED-001401,120,9,4,3,2026-03-11,2026-03-11,,2026-03-11 17:44:34,2026-03-11 19:55:34,,4608.55,131,,true,false,false,false,false
PED-001402,97,5,4,3,2026-03-11,2026-03-11,,2026-03-11 02:48:27,2026-03-11 09:00:27,,23922.48,372,,true,false,false,false,false
PED-001403,77,10,1,3,2026-03-11,2026-03-11,,2026-03-11 13:46:07,2026-03-11 22:15:07,,15404.16,509,,true,false,false,false,false
PED-001404,32,5,4,3,2026-03-11,2026-03-11,,2026-03-11 00:17:07,2026-03-11 03:22:07,,1361.22,185,,true,false,false,false,false
PED-001406,130,5,3,4,2026-03-11,2026-03-11,,2026-03-11 23:36:32,2026-03-11 23:47:32,,12780.07,11,,true,false,false,false,false
PED-001407,100,10,2,3,2026-03-11,2026-03-11,,2026-03-11 01:01:15,2026-03-11 04:17:15,,10988.69,196,,true,false,false,false,false
PED-001409,74,8,2,3,2026-03-11,2026-03-11,,2026-03-11 01:15:23,2026-03-11 10:01:23,,21002.06,526,,true,false,false,false,false
PED-001411,66,3,4,3,2026-03-11,2026-03-11,,2026-03-11 01:10:48,2026-03-11 02:59:48,,661.73,109,,true,false,false,false,false
PED-001412,25,8,4,3,2026-03-11,2026-03-11,,2026-03-11 00:12:06,2026-03-11 03:01:06,,10682.45,169,,true,false,false,false,false
PED-001413,181,5,2,3,2026-03-11,2026-03-11,,2026-03-11 17:19:06,2026-03-11 17:49:06,,1545.86,30,,true,false,false,false,false
PED-001414,20,9,4,3,2026-03-11,2026-03-11,,2026-03-11 02:42:14,2026-03-11 06:15:14,,3634.26,213,,true,false,false,false,false
PED-001416,52,10,4,3,2026-03-11,2026-03-11,,2026-03-11 09:13:31,2026-03-11 10:06:31,,804.13,53,,true,false,false,false,false
PED-001417,33,7,4,3,2026-03-11,2026-03-11,,2026-03-11 05:14:59,2026-03-11 07:37:59,,15605.61,143,,true,false,false,false,false
PED-001421,138,10,2,4,2026-03-12,2026-03-12,,2026-03-12 00:22:50,2026-03-12 02:24:50,,502.56,122,,true,false,false,false,false
PED-001423,73,10,4,3,2026-03-12,2026-03-12,,2026-03-12 15:23:09,2026-03-12 17:58:09,,5806.67,155,,true,false,false,false,false
PED-001424,51,10,3,3,2026-03-12,2026-03-12,,2026-03-12 02:38:44,2026-03-12 02:46:44,,7015.72,8,,true,false,false,false,false
PED-001425,49,2,4,3,2026-03-12,2026-03-12,,2026-03-12 04:31:36,2026-03-12 10:56:36,,9777.68,385,,true,false,false,false,false
PED-001426,181,10,1,3,2026-03-12,2026-03-12,,2026-03-12 13:59:06,2026-03-12 21:21:06,,14911.65,442,,true,false,false,false,false
PED-001427,31,9,3,3,2026-03-12,2026-03-12,,2026-03-12 14:31:11,2026-03-12 20:37:11,,7168.05,366,,true,false,false,false,false
PED-001429,172,10,3,4,2026-03-12,2026-03-12,,2026-03-12 17:24:29,2026-03-12 17:47:29,,10969.23,23,,true,false,false,false,false
PED-001433,131,1,2,4,2026-03-12,2026-03-12,,2026-03-12 02:01:28,2026-03-12 03:48:28,,3809.32,107,,true,false,false,false,false
PED-001434,94,10,2,3,2026-03-12,2026-03-12,,2026-03-12 07:01:40,2026-03-12 07:02:40,,1194.84,1,,true,false,false,false,false
PED-001435,51,3,2,3,2026-03-12,2026-03-12,,2026-03-12 13:29:51,2026-03-12 14:34:51,,3874.42,65,,true,false,false,false,false
PED-001436,20,7,3,3,2026-03-12,2026-03-12,,2026-03-12 18:34:59,2026-03-12 21:21:59,,5670.45,167,,true,false,false,false,false
PED-001437,105,6,2,4,2026-03-12,2026-03-12,,2026-03-12 03:26:11,2026-03-12 05:20:11,,8024.14,114,,true,false,false,false,false
PED-001438,132,1,4,3,2026-03-12,2026-03-12,,2026-03-12 12:19:16,2026-03-12 16:20:16,,277.06,241,,true,false,false,false,false
PED-001439,1,9,4,3,2026-03-12,2026-03-12,,2026-03-12 10:04:48,2026-03-12 10:44:48,,1945.25,40,,true,false,false,false,false
PED-001440,140,6,4,4,2026-03-12,2026-03-12,,2026-03-12 08:27:03,2026-03-12 08:55:03,,2362.30,28,,true,false,false,false,false
PED-001442,56,5,3,3,2026-03-12,2026-03-12,,2026-03-12 04:03:56,2026-03-12 04:38:56,,6850.20,35,,true,false,false,false,false
PED-001443,164,8,4,3,2026-03-12,2026-03-12,,2026-03-12 00:38:55,2026-03-12 10:36:55,,5357.36,598,,true,false,false,false,false
PED-001444,115,10,3,3,2026-03-12,2026-03-12,,2026-03-12 00:56:01,2026-03-12 06:30:01,,22277.32,334,,true,false,false,false,false
PED-001445,84,3,2,3,2026-03-12,2026-03-12,,2026-03-12 13:20:19,2026-03-12 19:01:19,,21913.69,341,,true,false,false,false,false
PED-001448,157,6,1,3,2026-03-12,2026-03-12,,2026-03-12 03:00:15,2026-03-12 11:11:15,,3267.27,491,,true,false,false,false,false
PED-001449,123,8,4,3,2026-03-12,2026-03-12,,2026-03-12 04:29:35,2026-03-12 12:26:35,,3859.45,477,,true,false,false,false,false
PED-001450,50,7,1,3,2026-03-12,2026-03-12,,2026-03-12 17:09:36,2026-03-12 19:14:36,,3761.43,125,,true,false,false,false,false
PED-001452,121,3,2,3,2026-03-12,2026-03-12,,2026-03-12 10:23:48,2026-03-12 12:20:48,,3799.28,117,,true,false,false,false,false
PED-001454,151,2,4,3,2026-03-13,2026-03-13,,2026-03-13 18:16:28,2026-03-13 19:32:28,,5624.26,76,,true,false,false,false,false
PED-001455,143,7,4,3,2026-03-13,2026-03-13,,2026-03-13 13:16:16,2026-03-13 15:31:16,,2456.26,135,,true,false,false,false,false
PED-001456,51,2,4,3,2026-03-13,2026-03-13,,2026-03-13 03:27:19,2026-03-13 06:15:19,,29053.97,168,,true,false,false,false,false
PED-001457,118,8,4,3,2026-03-13,2026-03-13,,2026-03-13 11:09:09,2026-03-13 11:44:09,,5740.99,35,,true,false,false,false,false
PED-001458,48,4,2,3,2026-03-13,2026-03-13,,2026-03-13 09:15:29,2026-03-13 18:20:29,,3986.70,545,,true,false,false,false,false
PED-001459,4,8,4,4,2026-03-13,2026-03-13,,2026-03-13 19:55:29,2026-03-13 20:20:29,,9009.15,25,,true,false,false,false,false
PED-001462,181,10,2,3,2026-03-13,2026-03-13,,2026-03-13 14:27:30,2026-03-13 18:31:30,,4599.24,244,,true,false,false,false,false
PED-001463,16,3,3,3,2026-03-13,2026-03-13,,2026-03-13 10:16:50,2026-03-13 11:17:50,,2062.80,61,,true,false,false,false,false
PED-001464,42,3,2,3,2026-03-13,2026-03-14,,2026-03-13 18:25:39,2026-03-14 01:34:39,,17517.82,429,,true,false,false,false,false
PED-001467,184,3,3,3,2026-03-13,2026-03-13,,2026-03-13 12:37:45,2026-03-13 14:08:45,,2103.29,91,,true,false,false,false,false
PED-001468,17,1,4,3,2026-03-13,2026-03-13,,2026-03-13 20:32:07,2026-03-13 20:53:07,,3390.27,21,,true,false,false,false,false
PED-001470,18,3,2,3,2026-03-13,2026-03-13,,2026-03-13 01:57:31,2026-03-13 07:21:31,,10073.15,324,,true,false,false,false,false
PED-001471,135,3,2,3,2026-03-13,2026-03-13,,2026-03-13 20:56:54,2026-03-13 21:44:54,,6774.28,48,,true,false,false,false,false
PED-001472,21,2,2,3,2026-03-13,2026-03-13,,2026-03-13 10:27:03,2026-03-13 14:15:03,,10746.87,228,,true,false,false,false,false
PED-001473,136,1,2,3,2026-03-13,2026-03-13,,2026-03-13 01:39:04,2026-03-13 06:31:04,,5697.65,292,,true,false,false,false,false
PED-001474,163,1,4,4,2026-03-13,2026-03-13,,2026-03-13 12:48:42,2026-03-13 13:06:42,,3826.25,18,,true,false,false,false,false
PED-001475,11,8,2,3,2026-03-13,2026-03-13,,2026-03-13 00:15:05,2026-03-13 03:28:05,,3317.30,193,,true,false,false,false,false
PED-001476,13,7,4,3,2026-03-13,2026-03-13,,2026-03-13 14:28:31,2026-03-13 20:07:31,,70486.86,339,,true,false,false,false,false
PED-001477,155,4,1,3,2026-03-13,2026-03-13,,2026-03-13 12:21:25,2026-03-13 13:22:25,,15538.17,61,,true,false,false,false,false
PED-001478,97,10,2,3,2026-03-13,2026-03-13,,2026-03-13 18:03:09,2026-03-13 18:47:09,,2672.77,44,,true,false,false,false,false
PED-001479,139,5,1,3,2026-03-13,2026-03-13,,2026-03-13 19:27:49,2026-03-13 20:06:49,,6285.63,39,,true,false,false,false,false
PED-001480,189,7,3,3,2026-03-13,2026-03-13,,2026-03-13 19:52:47,2026-03-13 21:35:47,,4627.13,103,,true,false,false,false,false
PED-001481,15,8,2,3,2026-03-13,2026-03-13,,2026-03-13 21:06:15,2026-03-13 21:09:15,,2067.03,3,,true,false,false,false,false
PED-001483,133,10,1,3,2026-03-13,2026-03-14,,2026-03-13 17:57:26,2026-03-14 00:52:26,,19272.65,415,,true,false,false,false,false
PED-001484,162,6,2,3,2026-03-14,2026-03-14,,2026-03-14 16:31:56,2026-03-14 19:22:56,,4119.01,171,,true,false,false,false,false
PED-001486,92,4,4,3,2026-03-14,2026-03-14,,2026-03-14 21:29:41,2026-03-14 21:59:41,,2481.79,30,,true,false,false,false,false
PED-001487,187,4,2,3,2026-03-14,2026-03-14,,2026-03-14 21:20:52,2026-03-14 21:27:52,,2036.39,7,,true,false,false,false,false
PED-001490,119,3,3,3,2026-03-14,2026-03-14,,2026-03-14 05:26:34,2026-03-14 06:33:34,,7437.36,67,,true,false,false,false,false
PED-001491,58,9,2,3,2026-03-14,2026-03-14,,2026-03-14 11:02:59,2026-03-14 20:57:59,,8417.03,595,,true,false,false,false,false
PED-001492,90,1,3,3,2026-03-14,2026-03-14,,2026-03-14 21:44:00,2026-03-14 22:01:00,,1352.38,17,,true,false,false,false,false
PED-001493,85,10,2,3,2026-03-14,2026-03-14,,2026-03-14 10:03:57,2026-03-14 11:36:57,,1930.50,93,,true,false,false,false,false
PED-001498,161,10,3,3,2026-03-15,2026-03-15,,2026-03-15 01:27:15,2026-03-15 08:19:15,,1891.98,412,,true,false,false,false,false
PED-001499,199,6,4,3,2026-03-15,2026-03-15,,2026-03-15 06:35:51,2026-03-15 09:30:51,,3802.72,175,,true,false,false,false,false
PED-001500,132,1,4,3,2026-03-15,2026-03-15,,2026-03-15 00:07:07,2026-03-15 03:11:07,,3776.17,184,,true,false,false,false,false
PED-001502,179,8,3,3,2026-03-15,2026-03-15,,2026-03-15 05:49:09,2026-03-15 09:37:09,,11545.42,228,,true,false,false,false,false
PED-001504,59,1,2,3,2026-03-15,2026-03-15,,2026-03-15 20:37:51,2026-03-15 21:51:51,,4423.25,74,,true,false,false,false,false
PED-001505,75,2,2,3,2026-03-15,2026-03-15,,2026-03-15 01:24:32,2026-03-15 01:40:32,,2780.52,16,,true,false,false,false,false
PED-001506,132,10,4,3,2026-03-15,2026-03-15,,2026-03-15 01:59:22,2026-03-15 02:11:22,,8426.86,12,,true,false,false,false,false
PED-001507,104,4,2,3,2026-03-15,2026-03-15,,2026-03-15 07:37:31,2026-03-15 08:14:31,,4329.18,37,,true,false,false,false,false
PED-001509,4,7,2,3,2026-03-15,2026-03-16,,2026-03-15 20:00:04,2026-03-16 06:20:04,,3933.93,620,,true,false,false,false,false
PED-001510,147,1,2,3,2026-03-15,2026-03-16,,2026-03-15 22:38:43,2026-03-16 06:15:43,,8760.66,457,,true,false,false,false,false
PED-001514,182,3,4,3,2026-03-16,2026-03-16,,2026-03-16 22:28:46,2026-03-16 22:37:46,,1057.12,9,,true,false,false,false,false
PED-001515,143,9,4,3,2026-03-16,2026-03-16,,2026-03-16 20:10:59,2026-03-16 22:34:59,,11617.30,144,,true,false,false,false,false
PED-001517,111,2,2,3,2026-03-16,2026-03-16,,2026-03-16 11:09:23,2026-03-16 11:41:23,,8585.83,32,,true,false,false,false,false
PED-001518,73,5,2,3,2026-03-16,2026-03-16,,2026-03-16 11:35:22,2026-03-16 15:32:22,,7514.28,237,,true,false,false,false,false
PED-001519,101,7,2,3,2026-03-16,2026-03-16,,2026-03-16 11:20:36,2026-03-16 11:43:36,,9497.32,23,,true,false,false,false,false
PED-001520,1,2,2,3,2026-03-16,2026-03-16,,2026-03-16 14:00:58,2026-03-16 14:24:58,,3091.10,24,,true,false,false,false,false
PED-001523,70,7,2,3,2026-03-16,2026-03-16,,2026-03-16 12:34:27,2026-03-16 18:25:27,,21105.97,351,,true,false,false,false,false
PED-001524,115,4,1,3,2026-03-16,2026-03-16,,2026-03-16 14:23:43,2026-03-16 20:29:43,,3236.01,366,,true,false,false,false,false
PED-001525,139,4,4,3,2026-03-17,2026-03-18,,2026-03-17 16:04:09,2026-03-18 04:47:09,,3003.70,763,,true,false,false,false,false
PED-001526,142,6,2,3,2026-03-17,2026-03-17,,2026-03-17 02:14:41,2026-03-17 08:38:41,,1064.72,384,,true,false,false,false,false
PED-001527,179,10,2,3,2026-03-17,2026-03-18,,2026-03-17 23:59:42,2026-03-18 04:53:42,,1434.33,294,,true,false,false,false,false
PED-001528,179,5,2,3,2026-03-17,2026-03-18,,2026-03-17 23:55:40,2026-03-18 00:45:40,,1057.57,50,,true,false,false,false,false
PED-001529,133,2,4,4,2026-03-17,2026-03-17,,2026-03-17 15:26:00,2026-03-17 21:43:00,,8589.68,377,,true,false,false,false,false
PED-001530,41,10,4,3,2026-03-17,2026-03-17,,2026-03-17 05:07:10,2026-03-17 09:36:10,,23085.51,269,,true,false,false,false,false
PED-001532,8,3,2,3,2026-03-17,2026-03-17,,2026-03-17 14:50:54,2026-03-17 15:23:54,,10485.55,33,,true,false,false,false,false
PED-001533,137,6,4,3,2026-03-17,2026-03-17,,2026-03-17 15:38:29,2026-03-17 17:58:29,,7433.63,140,,true,false,false,false,false
PED-001534,91,10,2,3,2026-03-17,2026-03-17,,2026-03-17 04:37:32,2026-03-17 07:30:32,,14875.97,173,,true,false,false,false,false
PED-001535,36,3,2,3,2026-03-17,2026-03-17,,2026-03-17 02:42:48,2026-03-17 06:34:48,,4357.38,232,,true,false,false,false,false
PED-001536,23,10,2,3,2026-03-17,2026-03-17,,2026-03-17 20:50:55,2026-03-17 21:34:55,,13545.28,44,,true,false,false,false,false
PED-001537,198,4,2,3,2026-03-17,2026-03-17,,2026-03-17 08:22:33,2026-03-17 08:27:33,,4900.63,5,,true,false,false,false,false
PED-001539,72,5,2,3,2026-03-17,2026-03-17,,2026-03-17 13:23:51,2026-03-17 14:00:51,,12441.73,37,,true,false,false,false,false
PED-001540,143,5,2,3,2026-03-17,2026-03-17,,2026-03-17 00:31:00,2026-03-17 13:48:00,,501.33,797,,true,false,false,false,false
PED-001541,37,1,2,3,2026-03-17,2026-03-17,,2026-03-17 11:16:07,2026-03-17 13:27:07,,4042.47,131,,true,false,false,false,false
PED-001542,21,10,4,3,2026-03-17,2026-03-17,,2026-03-17 10:53:42,2026-03-17 14:53:42,,4063.83,240,,true,false,false,false,false
PED-001543,63,10,2,3,2026-03-17,2026-03-17,,2026-03-17 13:17:19,2026-03-17 14:15:19,,12120.08,58,,true,false,false,false,false
PED-001544,131,6,2,3,2026-03-17,2026-03-17,,2026-03-17 14:07:50,2026-03-17 16:39:50,,4113.76,152,,true,false,false,false,false
PED-001546,132,2,4,3,2026-03-18,2026-03-18,,2026-03-18 16:54:36,2026-03-18 18:43:36,,6030.84,109,,true,false,false,false,false
PED-001548,35,1,2,4,2026-03-18,2026-03-18,,2026-03-18 11:47:00,2026-03-18 13:52:00,,1871.02,125,,true,false,false,false,false
PED-001551,63,3,2,3,2026-03-18,2026-03-18,,2026-03-18 06:31:48,2026-03-18 09:06:48,,2732.87,155,,true,false,false,false,false
PED-001552,143,7,1,3,2026-03-18,2026-03-18,,2026-03-18 12:40:55,2026-03-18 16:25:55,,7988.52,225,,true,false,false,false,false
PED-001553,140,6,2,3,2026-03-18,2026-03-19,,2026-03-18 23:33:35,2026-03-19 01:14:35,,6726.65,101,,true,false,false,false,false
PED-001554,127,7,4,3,2026-03-18,2026-03-18,,2026-03-18 17:19:28,2026-03-18 18:35:28,,7411.15,76,,true,false,false,false,false
PED-001555,195,8,2,3,2026-03-18,2026-03-18,,2026-03-18 07:16:57,2026-03-18 09:04:57,,8720.55,108,,true,false,false,false,false
PED-001556,190,3,1,3,2026-03-18,2026-03-18,,2026-03-18 10:07:34,2026-03-18 13:46:34,,6051.74,219,,true,false,false,false,false
PED-001557,3,5,2,3,2026-03-18,2026-03-18,,2026-03-18 06:49:11,2026-03-18 10:01:11,,2191.49,192,,true,false,false,false,false
PED-001558,45,3,4,4,2026-03-18,2026-03-18,,2026-03-18 15:33:51,2026-03-18 16:18:51,,1203.89,45,,true,false,false,false,false
PED-001559,25,7,2,3,2026-03-18,2026-03-18,,2026-03-18 01:11:26,2026-03-18 06:09:26,,2800.34,298,,true,false,false,false,false
PED-001561,166,6,1,3,2026-03-18,2026-03-18,,2026-03-18 06:19:53,2026-03-18 06:22:53,,4503.84,3,,true,false,false,false,false
PED-001562,84,7,4,3,2026-03-18,2026-03-18,,2026-03-18 21:15:15,2026-03-18 21:32:15,,2622.98,17,,true,false,false,false,false
PED-001563,69,9,3,3,2026-03-18,2026-03-18,,2026-03-18 00:21:42,2026-03-18 01:39:42,,3117.15,78,,true,false,false,false,false
PED-001564,108,5,1,3,2026-03-19,2026-03-19,,2026-03-19 10:00:29,2026-03-19 11:54:29,,3572.57,114,,true,false,false,false,false
PED-001566,138,2,2,4,2026-03-19,2026-03-19,,2026-03-19 09:39:44,2026-03-19 09:44:44,,4109.25,5,,true,false,false,false,false
PED-001568,70,6,2,3,2026-03-19,2026-03-19,,2026-03-19 20:31:14,2026-03-19 23:38:14,,4234.71,187,,true,false,false,false,false
PED-001569,1,6,3,3,2026-03-19,2026-03-19,,2026-03-19 12:53:40,2026-03-19 16:32:40,,45041.01,219,,true,false,false,false,false
PED-001571,103,10,2,3,2026-03-19,2026-03-20,,2026-03-19 21:31:00,2026-03-20 00:53:00,,12499.22,202,,true,false,false,false,false
PED-001572,114,6,2,3,2026-03-19,2026-03-19,,2026-03-19 23:46:46,2026-03-19 23:46:46,,4373.19,0,,true,false,false,false,false
PED-001573,161,2,4,3,2026-03-19,2026-03-19,,2026-03-19 06:40:29,2026-03-19 10:36:29,,4916.24,236,,true,false,false,false,false
PED-001575,67,1,2,3,2026-03-19,2026-03-19,,2026-03-19 14:35:04,2026-03-19 16:51:04,,21122.53,136,,true,false,false,false,false
PED-001576,81,10,2,3,2026-03-19,2026-03-19,,2026-03-19 21:12:24,2026-03-19 23:48:24,,1970.73,156,,true,false,false,false,false
PED-001577,10,1,2,3,2026-03-19,2026-03-19,,2026-03-19 08:38:41,2026-03-19 09:58:41,,1189.95,80,,true,false,false,false,false
PED-001581,159,6,2,3,2026-03-19,2026-03-19,,2026-03-19 00:32:01,2026-03-19 00:55:01,,7820.22,23,,true,false,false,false,false
PED-001582,27,8,3,3,2026-03-19,2026-03-19,,2026-03-19 17:13:09,2026-03-19 18:05:09,,1909.32,52,,true,false,false,false,false
PED-001583,88,9,2,3,2026-03-19,2026-03-19,,2026-03-19 03:04:49,2026-03-19 09:30:49,,33763.82,386,,true,false,false,false,false
PED-001586,49,8,1,3,2026-03-20,2026-03-20,,2026-03-20 10:18:45,2026-03-20 18:00:45,,7795.43,462,,true,false,false,false,false
PED-001587,25,8,4,3,2026-03-20,2026-03-20,,2026-03-20 09:39:08,2026-03-20 14:54:08,,2488.66,315,,true,false,false,false,false
PED-001588,70,7,2,3,2026-03-20,2026-03-20,,2026-03-20 04:20:02,2026-03-20 12:37:02,,1016.37,497,,true,false,false,false,false
PED-001589,117,3,2,3,2026-03-20,2026-03-20,,2026-03-20 09:35:25,2026-03-20 10:28:25,,24665.30,53,,true,false,false,false,false
PED-001590,78,1,2,3,2026-03-20,2026-03-20,,2026-03-20 12:31:08,2026-03-20 16:16:08,,2139.14,225,,true,false,false,false,false
PED-001594,113,2,2,3,2026-03-20,2026-03-20,,2026-03-20 00:42:41,2026-03-20 03:53:41,,1862.73,191,,true,false,false,false,false
PED-001595,142,9,4,3,2026-03-20,2026-03-20,,2026-03-20 05:33:07,2026-03-20 07:24:07,,37211.81,111,,true,false,false,false,false
PED-001596,159,2,2,3,2026-03-20,2026-03-20,,2026-03-20 12:46:23,2026-03-20 15:56:23,,10097.69,190,,true,false,false,false,false
PED-001597,49,9,3,3,2026-03-20,2026-03-20,,2026-03-20 00:36:44,2026-03-20 00:39:44,,7917.43,3,,true,false,false,false,false
PED-001598,137,10,4,3,2026-03-20,2026-03-20,,2026-03-20 21:22:46,2026-03-20 21:27:46,,4634.22,5,,true,false,false,false,false
PED-001599,121,1,1,3,2026-03-20,2026-03-20,,2026-03-20 19:25:58,2026-03-20 22:28:58,,5415.31,183,,true,false,false,false,false
PED-001600,130,7,4,3,2026-03-20,2026-03-21,,2026-03-20 22:24:59,2026-03-21 00:15:59,,12308.75,111,,true,false,false,false,false
PED-001602,135,2,4,3,2026-03-21,2026-03-21,,2026-03-21 15:20:34,2026-03-21 17:18:34,,10350.97,118,,true,false,false,false,false
PED-001603,62,6,4,3,2026-03-21,2026-03-21,,2026-03-21 11:30:04,2026-03-21 14:47:04,,3607.29,197,,true,false,false,false,false
PED-001605,23,7,2,3,2026-03-21,2026-03-21,,2026-03-21 15:51:51,2026-03-21 19:46:51,,4482.23,235,,true,false,false,false,false
PED-001606,99,9,4,3,2026-03-21,2026-03-21,,2026-03-21 10:06:33,2026-03-21 13:46:33,,4578.93,220,,true,false,false,false,false
PED-001608,8,5,2,3,2026-03-21,2026-03-21,,2026-03-21 01:19:05,2026-03-21 04:43:05,,2195.68,204,,true,false,false,false,false
PED-001609,159,1,2,3,2026-03-21,2026-03-21,,2026-03-21 22:02:20,2026-03-21 23:45:20,,3937.35,103,,true,false,false,false,false
PED-001610,126,5,1,3,2026-03-21,2026-03-21,,2026-03-21 02:33:00,2026-03-21 03:39:00,,6812.60,66,,true,false,false,false,false
PED-001611,77,8,2,3,2026-03-21,2026-03-21,,2026-03-21 16:57:50,2026-03-21 22:41:50,,29036.09,344,,true,false,false,false,false
PED-001612,167,9,2,3,2026-03-21,2026-03-21,,2026-03-21 07:36:00,2026-03-21 10:19:00,,1581.37,163,,true,false,false,false,false
PED-001613,195,1,4,4,2026-03-21,2026-03-21,,2026-03-21 21:33:56,2026-03-21 22:16:56,,6248.60,43,,true,false,false,false,false
PED-001614,14,10,4,3,2026-03-21,2026-03-21,,2026-03-21 09:33:12,2026-03-21 10:29:12,,4096.47,56,,true,false,false,false,false
PED-001616,155,3,3,3,2026-03-21,2026-03-21,,2026-03-21 19:29:24,2026-03-21 21:37:24,,12197.38,128,,true,false,false,false,false
PED-001622,14,3,4,3,2026-03-21,2026-03-21,,2026-03-21 17:22:50,2026-03-21 18:27:50,,15795.40,65,,true,false,false,false,false
PED-001623,104,10,2,3,2026-03-21,2026-03-21,,2026-03-21 09:32:48,2026-03-21 14:51:48,,10284.40,319,,true,false,false,false,false
PED-001625,185,4,4,3,2026-03-21,2026-03-21,,2026-03-21 19:37:58,2026-03-21 22:58:58,,2870.92,201,,true,false,false,false,false
PED-001627,39,4,1,3,2026-03-22,2026-03-23,,2026-03-22 22:02:41,2026-03-23 05:18:41,,15169.27,436,,true,false,false,false,false
PED-001628,114,9,2,3,2026-03-22,2026-03-22,,2026-03-22 06:36:30,2026-03-22 23:49:30,,13990.07,1033,,true,false,false,false,false
PED-001629,85,9,2,3,2026-03-22,2026-03-22,,2026-03-22 14:59:20,2026-03-22 20:20:20,,10383.94,321,,true,false,false,false,false
PED-001630,87,1,1,3,2026-03-22,2026-03-22,,2026-03-22 17:43:20,2026-03-22 18:53:20,,7109.67,70,,true,false,false,false,false
PED-001631,162,8,3,3,2026-03-22,2026-03-22,,2026-03-22 03:25:29,2026-03-22 03:34:29,,4177.06,9,,true,false,false,false,false
PED-001632,15,9,1,3,2026-03-22,2026-03-23,,2026-03-22 23:41:29,2026-03-23 01:33:29,,947.89,112,,true,false,false,false,false
PED-001633,187,10,1,3,2026-03-22,2026-03-22,,2026-03-22 05:19:25,2026-03-22 08:06:25,,12393.86,167,,true,false,false,false,false
PED-001635,156,2,2,3,2026-03-22,2026-03-22,,2026-03-22 12:15:48,2026-03-22 19:31:48,,7046.41,436,,true,false,false,false,false
PED-001636,48,9,3,4,2026-03-22,2026-03-22,,2026-03-22 16:47:04,2026-03-22 20:09:04,,2041.14,202,,true,false,false,false,false
PED-001637,127,4,4,3,2026-03-22,2026-03-22,,2026-03-22 07:40:48,2026-03-22 14:56:48,,3274.39,436,,true,false,false,false,false
PED-001638,140,1,3,3,2026-03-22,2026-03-22,,2026-03-22 10:35:04,2026-03-22 11:17:04,,4114.70,42,,true,false,false,false,false
PED-001639,164,10,3,3,2026-03-22,2026-03-23,,2026-03-22 21:01:51,2026-03-23 03:49:51,,5228.73,408,,true,false,false,false,false
PED-001643,21,6,4,3,2026-03-22,2026-03-22,,2026-03-22 10:12:38,2026-03-22 13:41:38,,8410.53,209,,true,false,false,false,false
PED-001645,167,9,1,3,2026-03-22,2026-03-22,,2026-03-22 02:51:34,2026-03-22 05:08:34,,12313.73,137,,true,false,false,false,false
PED-001647,23,9,3,3,2026-03-22,2026-03-23,,2026-03-22 16:50:08,2026-03-23 01:51:08,,2410.76,541,,true,false,false,false,false
PED-001649,111,7,4,3,2026-03-22,2026-03-22,,2026-03-22 06:43:59,2026-03-22 15:18:59,,11299.17,515,,true,false,false,false,false
PED-001650,123,8,1,3,2026-03-22,2026-03-22,,2026-03-22 10:50:29,2026-03-22 11:21:29,,7473.35,31,,true,false,false,false,false
PED-001651,56,2,1,4,2026-03-22,2026-03-22,,2026-03-22 02:48:44,2026-03-22 03:06:44,,6404.91,18,,true,false,false,false,false
PED-001652,180,3,3,3,2026-03-23,2026-03-23,,2026-03-23 10:34:31,2026-03-23 14:47:31,,3019.79,253,,true,false,false,false,false
PED-001653,73,1,1,3,2026-03-23,2026-03-23,,2026-03-23 13:42:23,2026-03-23 18:01:23,,23286.26,259,,true,false,false,false,false
PED-001655,85,4,1,3,2026-03-23,2026-03-23,,2026-03-23 12:17:34,2026-03-23 18:51:34,,4204.75,394,,true,false,false,false,false
PED-001656,94,5,2,3,2026-03-23,2026-03-23,,2026-03-23 01:02:09,2026-03-23 06:38:09,,8961.01,336,,true,false,false,false,false
PED-001657,43,9,3,3,2026-03-23,2026-03-23,,2026-03-23 17:16:58,2026-03-23 20:21:58,,7669.43,185,,true,false,false,false,false
PED-001658,160,8,2,4,2026-03-23,2026-03-23,,2026-03-23 01:04:06,2026-03-23 07:31:06,,1696.63,387,,true,false,false,false,false
PED-001659,178,5,2,3,2026-03-23,2026-03-23,,2026-03-23 10:42:50,2026-03-23 12:17:50,,8983.09,95,,true,false,false,false,false
PED-001660,50,10,4,3,2026-03-23,2026-03-23,,2026-03-23 09:30:58,2026-03-23 11:59:58,,23205.42,149,,true,false,false,false,false
PED-001661,188,4,1,3,2026-03-23,2026-03-23,,2026-03-23 12:16:23,2026-03-23 12:41:23,,4258.70,25,,true,false,false,false,false
PED-001662,62,2,3,3,2026-03-23,2026-03-23,,2026-03-23 23:03:09,2026-03-23 23:20:09,,4049.77,17,,true,false,false,false,false
PED-001663,59,4,2,3,2026-03-23,2026-03-23,,2026-03-23 09:30:13,2026-03-23 11:20:13,,8028.44,110,,true,false,false,false,false
PED-001664,141,6,3,3,2026-03-23,2026-03-23,,2026-03-23 13:25:01,2026-03-23 17:16:01,,5813.24,231,,true,false,false,false,false
PED-001665,192,1,1,3,2026-03-23,2026-03-23,,2026-03-23 15:02:14,2026-03-23 15:33:14,,2970.68,31,,true,false,false,false,false
PED-001666,106,7,2,3,2026-03-23,2026-03-23,,2026-03-23 04:13:51,2026-03-23 07:37:51,,3511.60,204,,true,false,false,false,false
PED-001667,66,9,1,4,2026-03-23,2026-03-24,,2026-03-23 22:22:47,2026-03-24 02:15:47,,5441.26,233,,true,false,false,false,false
PED-001669,142,8,2,4,2026-03-23,2026-03-23,,2026-03-23 10:04:43,2026-03-23 19:21:43,,7671.17,557,,true,false,false,false,false
PED-001670,180,2,4,3,2026-03-24,2026-03-24,,2026-03-24 10:38:20,2026-03-24 12:15:20,,8446.85,97,,true,false,false,false,false
PED-001671,153,8,4,3,2026-03-24,2026-03-24,,2026-03-24 05:49:58,2026-03-24 08:16:58,,11799.51,147,,true,false,false,false,false
PED-001672,140,6,4,3,2026-03-24,2026-03-24,,2026-03-24 07:54:57,2026-03-24 08:11:57,,3678.61,17,,true,false,false,false,false
PED-001673,100,9,2,3,2026-03-24,2026-03-24,,2026-03-24 13:04:56,2026-03-24 14:45:56,,2914.56,101,,true,false,false,false,false
PED-001675,49,2,1,3,2026-03-24,2026-03-24,,2026-03-24 01:45:07,2026-03-24 04:05:07,,4988.31,140,,true,false,false,false,false
PED-001676,5,9,4,3,2026-03-24,2026-03-24,,2026-03-24 01:57:02,2026-03-24 06:22:02,,15193.41,265,,true,false,false,false,false
PED-001677,14,7,2,3,2026-03-24,2026-03-24,,2026-03-24 22:16:34,2026-03-24 23:27:34,,5206.52,71,,true,false,false,false,false
PED-001678,132,1,1,3,2026-03-24,2026-03-24,,2026-03-24 14:36:36,2026-03-24 16:50:36,,17280.07,134,,true,false,false,false,false
PED-001679,1,3,3,3,2026-03-24,2026-03-25,,2026-03-24 22:06:01,2026-03-25 03:41:01,,11619.02,335,,true,false,false,false,false
PED-001680,112,8,1,3,2026-03-24,2026-03-24,,2026-03-24 20:22:50,2026-03-24 22:28:50,,13274.78,126,,true,false,false,false,false
PED-001682,132,2,2,3,2026-03-24,2026-03-24,,2026-03-24 02:26:26,2026-03-24 05:45:26,,29367.33,199,,true,false,false,false,false
PED-001684,73,4,4,3,2026-03-24,2026-03-24,,2026-03-24 14:41:25,2026-03-24 23:56:25,,19255.24,555,,true,false,false,false,false
PED-001685,198,3,3,3,2026-03-24,2026-03-24,,2026-03-24 00:02:53,2026-03-24 01:01:53,,2769.60,59,,true,false,false,false,false
PED-001686,103,7,3,3,2026-03-24,2026-03-24,,2026-03-24 22:42:47,2026-03-24 23:35:47,,2677.71,53,,true,false,false,false,false
PED-001688,107,9,4,3,2026-03-24,2026-03-25,,2026-03-24 23:53:58,2026-03-25 00:36:58,,6875.76,43,,true,false,false,false,false
PED-001689,45,5,2,3,2026-03-24,2026-03-24,,2026-03-24 01:39:26,2026-03-24 04:49:26,,5828.51,190,,true,false,false,false,false
PED-001690,113,3,2,3,2026-03-24,2026-03-24,,2026-03-24 10:30:32,2026-03-24 13:11:32,,4365.10,161,,true,false,false,false,false
PED-001691,161,4,2,4,2026-03-25,2026-03-25,,2026-03-25 00:56:42,2026-03-25 08:34:42,,4012.02,458,,true,false,false,false,false
PED-001692,130,4,3,3,2026-03-25,2026-03-26,,2026-03-25 17:16:53,2026-03-26 00:31:53,,1465.50,435,,true,false,false,false,false
PED-001693,196,4,4,3,2026-03-25,2026-03-25,,2026-03-25 00:53:47,2026-03-25 01:20:47,,21902.17,27,,true,false,false,false,false
PED-001694,187,2,2,3,2026-03-25,2026-03-25,,2026-03-25 16:20:56,2026-03-25 19:46:56,,5453.38,206,,true,false,false,false,false
PED-001695,99,10,2,3,2026-03-25,2026-03-26,,2026-03-25 19:14:10,2026-03-26 02:17:10,,8972.57,423,,true,false,false,false,false
PED-001696,183,5,2,3,2026-03-25,2026-03-25,,2026-03-25 05:32:06,2026-03-25 07:29:06,,11371.44,117,,true,false,false,false,false
PED-001699,175,9,2,3,2026-03-25,2026-03-25,,2026-03-25 15:57:59,2026-03-25 16:29:59,,5244.24,32,,true,false,false,false,false
PED-001700,17,5,1,3,2026-03-25,2026-03-25,,2026-03-25 09:41:02,2026-03-25 15:58:02,,13557.06,377,,true,false,false,false,false
PED-001701,180,2,2,3,2026-03-25,2026-03-25,,2026-03-25 06:21:09,2026-03-25 07:45:09,,3893.81,84,,true,false,false,false,false
PED-001702,66,9,2,3,2026-03-25,2026-03-25,,2026-03-25 06:54:41,2026-03-25 10:29:41,,34295.22,215,,true,false,false,false,false
PED-001703,132,5,2,3,2026-03-25,2026-03-25,,2026-03-25 10:11:30,2026-03-25 18:20:30,,6097.94,489,,true,false,false,false,false
PED-001705,136,2,3,3,2026-03-25,2026-03-25,,2026-03-25 12:02:20,2026-03-25 13:55:20,,2139.16,113,,true,false,false,false,false
PED-001706,87,1,1,3,2026-03-25,2026-03-25,,2026-03-25 11:29:31,2026-03-25 11:52:31,,7191.70,23,,true,false,false,false,false
PED-001708,104,10,4,3,2026-03-25,2026-03-25,,2026-03-25 03:50:43,2026-03-25 04:34:43,,12547.39,44,,true,false,false,false,false
PED-001709,134,8,4,3,2026-03-26,2026-03-26,,2026-03-26 06:53:16,2026-03-26 07:01:16,,6125.42,8,,true,false,false,false,false
PED-001713,59,4,3,3,2026-03-26,2026-03-26,,2026-03-26 16:39:07,2026-03-26 18:40:07,,1703.61,121,,true,false,false,false,false
PED-001714,22,1,2,3,2026-03-26,2026-03-26,,2026-03-26 02:10:19,2026-03-26 02:51:19,,3028.48,41,,true,false,false,false,false
PED-001716,38,1,3,3,2026-03-26,2026-03-26,,2026-03-26 00:19:26,2026-03-26 02:14:26,,4970.61,115,,true,false,false,false,false
PED-001717,177,6,3,3,2026-03-26,2026-03-26,,2026-03-26 07:15:10,2026-03-26 07:16:10,,2340.17,1,,true,false,false,false,false
PED-001719,120,2,4,3,2026-03-26,2026-03-27,,2026-03-26 21:27:40,2026-03-27 07:05:40,,14745.18,578,,true,false,false,false,false
PED-001720,189,1,4,3,2026-03-26,2026-03-26,,2026-03-26 20:08:47,2026-03-26 21:32:47,,24290.52,84,,true,false,false,false,false
PED-001721,119,6,2,3,2026-03-26,2026-03-26,,2026-03-26 12:50:46,2026-03-26 18:04:46,,7043.69,314,,true,false,false,false,false
PED-001722,148,8,2,3,2026-03-26,2026-03-26,,2026-03-26 03:41:40,2026-03-26 04:42:40,,3107.98,61,,true,false,false,false,false
PED-001723,130,8,2,3,2026-03-26,2026-03-26,,2026-03-26 20:24:21,2026-03-26 22:58:21,,1375.61,154,,true,false,false,false,false
PED-001724,32,7,4,4,2026-03-26,2026-03-26,,2026-03-26 23:19:59,2026-03-26 23:46:59,,3973.29,27,,true,false,false,false,false
PED-001726,59,8,2,3,2026-03-26,2026-03-26,,2026-03-26 08:56:13,2026-03-26 11:00:13,,21241.29,124,,true,false,false,false,false
PED-001728,148,4,1,3,2026-03-26,2026-03-27,,2026-03-26 23:24:34,2026-03-27 03:20:34,,12512.87,236,,true,false,false,false,false
PED-001729,93,10,2,3,2026-03-26,2026-03-26,,2026-03-26 02:44:56,2026-03-26 08:40:56,,4856.60,356,,true,false,false,false,false
PED-001730,49,9,2,3,2026-03-26,2026-03-26,,2026-03-26 20:29:50,2026-03-26 23:26:50,,6332.00,177,,true,false,false,false,false
PED-001731,54,9,2,3,2026-03-26,2026-03-26,,2026-03-26 16:23:09,2026-03-26 21:20:09,,7901.80,297,,true,false,false,false,false
PED-001732,113,4,4,3,2026-03-26,2026-03-26,,2026-03-26 17:00:36,2026-03-26 18:24:36,,6271.26,84,,true,false,false,false,false
PED-001733,13,1,2,3,2026-03-26,2026-03-26,,2026-03-26 05:23:00,2026-03-26 06:24:00,,6517.11,61,,true,false,false,false,false
PED-001734,121,7,2,3,2026-03-26,2026-03-26,,2026-03-26 18:46:26,2026-03-26 18:52:26,,4198.18,6,,true,false,false,false,false
PED-001736,111,9,2,3,2026-03-26,2026-03-26,,2026-03-26 21:55:24,2026-03-26 23:30:24,,18591.43,95,,true,false,false,false,false
PED-001739,118,6,3,3,2026-03-27,2026-03-27,,2026-03-27 11:40:03,2026-03-27 15:10:03,,5976.49,210,,true,false,false,false,false
PED-001740,139,7,2,3,2026-03-27,2026-03-27,,2026-03-27 10:39:22,2026-03-27 10:43:22,,15804.69,4,,true,false,false,false,false
PED-001743,8,8,3,3,2026-03-27,2026-03-27,,2026-03-27 22:08:30,2026-03-27 22:16:30,,3454.24,8,,true,false,false,false,false
PED-001744,66,9,4,3,2026-03-27,2026-03-27,,2026-03-27 12:42:57,2026-03-27 13:39:57,,6694.44,57,,true,false,false,false,false
PED-001745,194,8,4,4,2026-03-27,2026-03-27,,2026-03-27 06:30:37,2026-03-27 09:37:37,,17826.71,187,,true,false,false,false,false
PED-001746,104,9,2,3,2026-03-27,2026-03-27,,2026-03-27 14:05:59,2026-03-27 14:49:59,,4635.58,44,,true,false,false,false,false
PED-001747,62,6,2,3,2026-03-27,2026-03-27,,2026-03-27 07:53:59,2026-03-27 10:17:59,,19172.55,144,,true,false,false,false,false
PED-001748,35,3,2,3,2026-03-27,2026-03-27,,2026-03-27 16:18:00,2026-03-27 17:14:00,,8610.84,56,,true,false,false,false,false
PED-001749,61,7,3,3,2026-03-27,2026-03-28,,2026-03-27 19:34:44,2026-03-28 03:38:44,,2271.49,484,,true,false,false,false,false
PED-001750,67,6,4,3,2026-03-27,2026-03-27,,2026-03-27 01:22:20,2026-03-27 07:43:20,,2187.00,381,,true,false,false,false,false
PED-001751,91,7,1,3,2026-03-27,2026-03-27,,2026-03-27 07:53:47,2026-03-27 08:34:47,,3950.70,41,,true,false,false,false,false
PED-001753,35,7,3,3,2026-03-27,2026-03-27,,2026-03-27 10:42:11,2026-03-27 12:30:11,,7096.22,108,,true,false,false,false,false
PED-001754,32,9,4,4,2026-03-27,2026-03-28,,2026-03-27 22:22:56,2026-03-28 02:16:56,,1420.94,234,,true,false,false,false,false
PED-001757,32,8,2,4,2026-03-27,2026-03-27,,2026-03-27 12:58:04,2026-03-27 15:11:04,,2156.72,133,,true,false,false,false,false
PED-001759,170,2,4,3,2026-03-27,2026-03-27,,2026-03-27 06:03:52,2026-03-27 10:09:52,,1293.49,246,,true,false,false,false,false
PED-001760,158,6,2,3,2026-03-27,2026-03-27,,2026-03-27 01:23:57,2026-03-27 01:43:57,,2240.97,20,,true,false,false,false,false
PED-001762,180,1,1,4,2026-03-27,2026-03-27,,2026-03-27 07:52:03,2026-03-27 08:29:03,,3948.16,37,,true,false,false,false,false
PED-001763,147,9,2,3,2026-03-27,2026-03-27,,2026-03-27 02:24:56,2026-03-27 06:44:56,,5363.65,260,,true,false,false,false,false
PED-001764,17,4,1,4,2026-03-28,2026-03-28,,2026-03-28 04:37:44,2026-03-28 05:01:44,,6476.53,24,,true,false,false,false,false
PED-001766,104,8,4,3,2026-03-28,2026-03-28,,2026-03-28 13:19:45,2026-03-28 15:33:45,,24146.83,134,,true,false,false,false,false
PED-001767,6,4,2,3,2026-03-28,2026-03-29,,2026-03-28 23:48:10,2026-03-29 00:04:10,,34570.74,16,,true,false,false,false,false
PED-001769,178,5,4,3,2026-03-28,2026-03-28,,2026-03-28 10:40:09,2026-03-28 12:14:09,,2992.98,94,,true,false,false,false,false
PED-001770,54,9,2,3,2026-03-28,2026-03-28,,2026-03-28 07:14:15,2026-03-28 07:29:15,,3768.92,15,,true,false,false,false,false
PED-001771,11,3,2,3,2026-03-28,2026-03-28,,2026-03-28 11:55:10,2026-03-28 14:08:10,,7930.38,133,,true,false,false,false,false
PED-001772,155,1,3,3,2026-03-28,2026-03-28,,2026-03-28 15:17:08,2026-03-28 21:07:08,,14783.96,350,,true,false,false,false,false
PED-001776,27,8,4,3,2026-03-28,2026-03-28,,2026-03-28 18:54:19,2026-03-28 23:41:19,,16347.73,287,,true,false,false,false,false
PED-001777,193,2,2,3,2026-03-28,2026-03-28,,2026-03-28 10:26:52,2026-03-28 11:40:52,,12363.54,74,,true,false,false,false,false
PED-001778,31,2,1,3,2026-03-28,2026-03-28,,2026-03-28 22:19:36,2026-03-28 22:51:36,,2810.90,32,,true,false,false,false,false
PED-001779,199,9,1,3,2026-03-28,2026-03-28,,2026-03-28 17:31:59,2026-03-28 19:54:59,,10084.71,143,,true,false,false,false,false
PED-001780,133,3,1,3,2026-03-28,2026-03-28,,2026-03-28 04:40:10,2026-03-28 05:50:10,,2972.15,70,,true,false,false,false,false
PED-001781,195,9,1,3,2026-03-28,2026-03-28,,2026-03-28 06:19:09,2026-03-28 13:11:09,,1474.41,412,,true,false,false,false,false
PED-001782,181,6,2,3,2026-03-28,2026-03-28,,2026-03-28 13:53:48,2026-03-28 15:17:48,,1604.84,84,,true,false,false,false,false
PED-001783,18,9,2,3,2026-03-28,2026-03-28,,2026-03-28 15:06:56,2026-03-28 18:50:56,,5292.08,224,,true,false,false,false,false
PED-001784,79,6,3,4,2026-03-29,2026-03-29,,2026-03-29 21:41:57,2026-03-29 23:17:57,,2034.88,96,,true,false,false,false,false
PED-001785,172,1,2,3,2026-03-29,2026-03-29,,2026-03-29 08:48:09,2026-03-29 09:37:09,,5377.04,49,,true,false,false,false,false
PED-001786,70,5,2,3,2026-03-29,2026-03-30,,2026-03-29 21:45:38,2026-03-30 15:55:38,,3794.94,1090,,true,false,false,false,false
PED-001787,65,8,1,3,2026-03-29,2026-03-30,,2026-03-29 22:34:56,2026-03-30 01:11:56,,3104.70,157,,true,false,false,false,false
PED-001788,103,8,4,3,2026-03-29,2026-03-29,,2026-03-29 14:20:47,2026-03-29 20:23:47,,1301.42,363,,true,false,false,false,false
PED-001790,70,9,4,3,2026-03-29,2026-03-29,,2026-03-29 02:21:30,2026-03-29 09:18:30,,2804.69,417,,true,false,false,false,false
PED-001791,43,4,2,3,2026-03-29,2026-03-29,,2026-03-29 09:41:20,2026-03-29 12:16:20,,7370.01,155,,true,false,false,false,false
PED-001794,128,10,3,3,2026-03-29,2026-03-30,,2026-03-29 19:24:58,2026-03-30 00:10:58,,1945.69,286,,true,false,false,false,false
PED-001795,102,10,2,3,2026-03-29,2026-03-29,,2026-03-29 09:48:56,2026-03-29 13:07:56,,1105.17,199,,true,false,false,false,false
PED-001797,41,4,2,3,2026-03-29,2026-03-29,,2026-03-29 08:11:53,2026-03-29 10:36:53,,5475.91,145,,true,false,false,false,false
PED-001799,42,2,1,3,2026-03-29,2026-03-29,,2026-03-29 21:34:22,2026-03-29 23:24:22,,938.58,110,,true,false,false,false,false
PED-001800,131,7,2,3,2026-03-29,2026-03-29,,2026-03-29 01:00:10,2026-03-29 01:21:10,,4381.92,21,,true,false,false,false,false
PED-001803,91,2,4,3,2026-03-29,2026-03-29,,2026-03-29 00:43:20,2026-03-29 01:24:20,,14666.28,41,,true,false,false,false,false
PED-001804,24,10,2,3,2026-03-29,2026-03-29,,2026-03-29 11:24:46,2026-03-29 18:45:46,,13937.70,441,,true,false,false,false,false
PED-001805,116,3,1,3,2026-03-29,2026-03-30,,2026-03-29 21:33:27,2026-03-30 07:08:27,,1610.76,575,,true,false,false,false,false
PED-001808,70,8,4,3,2026-03-29,2026-03-30,,2026-03-29 17:23:47,2026-03-30 00:39:47,,2410.13,436,,true,false,false,false,false
PED-001809,188,2,2,4,2026-03-29,2026-03-29,,2026-03-29 05:06:42,2026-03-29 06:20:42,,10601.02,74,,true,false,false,false,false
PED-001810,69,10,2,3,2026-03-30,2026-03-30,,2026-03-30 00:14:31,2026-03-30 04:47:31,,20583.92,273,,true,false,false,false,false
PED-001811,190,6,2,4,2026-03-30,2026-03-30,,2026-03-30 11:41:51,2026-03-30 12:45:51,,4746.30,64,,true,false,false,false,false
PED-001812,127,2,4,3,2026-03-30,2026-03-30,,2026-03-30 00:47:20,2026-03-30 00:53:20,,3065.58,6,,true,false,false,false,false
PED-001813,36,10,2,3,2026-03-30,2026-03-30,,2026-03-30 01:58:30,2026-03-30 11:51:30,,15626.15,593,,true,false,false,false,false
PED-001814,153,10,4,3,2026-03-30,2026-03-31,,2026-03-30 23:24:12,2026-03-31 01:27:12,,15238.05,123,,true,false,false,false,false
PED-001815,104,10,1,3,2026-03-30,2026-03-30,,2026-03-30 19:51:07,2026-03-30 20:46:07,,8283.95,55,,true,false,false,false,false
PED-001818,37,10,4,3,2026-03-30,2026-03-30,,2026-03-30 05:46:44,2026-03-30 12:26:44,,7546.90,400,,true,false,false,false,false
PED-001819,54,1,2,3,2026-03-30,2026-03-30,,2026-03-30 15:01:36,2026-03-30 19:07:36,,2838.09,246,,true,false,false,false,false
PED-001820,107,2,3,3,2026-03-30,2026-03-30,,2026-03-30 21:12:34,2026-03-30 23:41:34,,5824.17,149,,true,false,false,false,false
PED-001821,26,9,1,3,2026-03-30,2026-03-30,,2026-03-30 12:32:14,2026-03-30 12:54:14,,5903.10,22,,true,false,false,false,false
PED-001822,110,5,3,3,2026-03-30,2026-03-30,,2026-03-30 04:57:50,2026-03-30 05:37:50,,1113.99,40,,true,false,false,false,false
PED-001823,71,2,3,3,2026-03-30,2026-03-31,,2026-03-30 19:11:17,2026-03-31 00:35:17,,206100.10,324,,true,false,false,false,false
PED-001824,1,7,2,3,2026-03-30,2026-03-30,,2026-03-30 20:00:45,2026-03-30 22:26:45,,1653.21,146,,true,false,false,false,false
PED-001825,119,5,1,3,2026-03-30,2026-03-30,,2026-03-30 12:12:29,2026-03-30 13:36:29,,2687.43,84,,true,false,false,false,false
PED-001826,22,2,3,3,2026-03-30,2026-03-30,,2026-03-30 10:25:42,2026-03-30 20:20:42,,1534.14,595,,true,false,false,false,false
PED-001827,7,1,4,3,2026-03-30,2026-03-30,,2026-03-30 02:57:37,2026-03-30 09:46:37,,6411.96,409,,true,false,false,false,false
PED-001829,124,9,4,3,2026-03-30,2026-03-31,,2026-03-30 16:50:01,2026-03-31 02:36:01,,3749.38,586,,true,false,false,false,false
PED-001832,151,3,2,3,2026-03-30,2026-03-31,,2026-03-30 20:05:35,2026-03-31 02:02:35,,369.69,357,,true,false,false,false,false
PED-001834,129,10,4,3,2026-03-30,2026-03-30,,2026-03-30 09:48:10,2026-03-30 18:37:10,,6228.00,529,,true,false,false,false,false
PED-001835,48,3,2,3,2026-03-30,2026-03-31,,2026-03-30 20:50:01,2026-03-31 01:48:01,,1939.49,298,,true,false,false,false,false
PED-001836,88,7,4,3,2026-03-30,2026-03-30,,2026-03-30 07:12:35,2026-03-30 09:33:35,,3740.60,141,,true,false,false,false,false
PED-001838,50,10,2,3,2026-03-30,2026-03-30,,2026-03-30 04:41:49,2026-03-30 07:59:49,,11417.86,198,,true,false,false,false,false
PED-001839,155,7,1,3,2026-03-30,2026-03-30,,2026-03-30 09:48:46,2026-03-30 11:52:46,,2960.79,124,,true,false,false,false,false
PED-001840,94,3,2,3,2026-03-30,2026-03-30,,2026-03-30 15:32:46,2026-03-30 15:41:46,,26145.04,9,,true,false,false,false,false
PED-001841,61,2,2,3,2026-03-31,2026-03-31,,2026-03-31 16:06:25,2026-03-31 17:45:25,,21135.05,99,,true,false,false,false,false
PED-001844,16,9,1,3,2026-03-31,2026-04-01,,2026-03-31 22:02:32,2026-04-01 00:31:32,,875.64,149,,true,false,false,false,false
PED-001848,132,6,2,3,2026-03-31,2026-03-31,,2026-03-31 22:24:15,2026-03-31 22:27:15,,20195.72,3,,true,false,false,false,false
PED-001849,126,3,4,3,2026-03-31,2026-03-31,,2026-03-31 17:56:39,2026-03-31 20:57:39,,1138.26,181,,true,false,false,false,false
PED-001850,145,7,2,3,2026-03-31,2026-03-31,,2026-03-31 03:16:52,2026-03-31 05:06:52,,11034.85,110,,true,false,false,false,false
PED-001851,141,1,1,3,2026-03-31,2026-03-31,,2026-03-31 08:10:03,2026-03-31 08:58:03,,2398.11,48,,true,false,false,false,false
PED-001852,18,5,4,3,2026-03-31,2026-03-31,,2026-03-31 17:56:42,2026-03-31 18:16:42,,2424.67,20,,true,false,false,false,false
PED-001854,66,2,2,3,2026-03-31,2026-03-31,,2026-03-31 11:40:44,2026-03-31 19:20:44,,16299.22,460,,true,false,false,false,false
PED-001855,32,7,3,3,2026-03-31,2026-03-31,,2026-03-31 13:29:15,2026-03-31 18:21:15,,18331.54,292,,true,false,false,false,false
PED-001856,26,1,4,3,2026-03-31,2026-03-31,,2026-03-31 20:00:25,2026-03-31 23:14:25,,1491.30,194,,true,false,false,false,false
PED-001857,154,3,3,3,2026-03-31,2026-04-01,,2026-03-31 11:53:57,2026-04-01 08:20:57,,1855.74,1227,,true,false,false,false,false
PED-001858,59,7,2,3,2026-03-31,2026-03-31,,2026-03-31 16:51:27,2026-03-31 19:22:27,,8943.62,151,,true,false,false,false,false
PED-001859,122,9,2,3,2026-03-31,2026-03-31,,2026-03-31 08:27:11,2026-03-31 16:35:11,,4624.54,488,,true,false,false,false,false
PED-001860,140,9,2,3,2026-03-31,2026-04-01,,2026-03-31 23:20:03,2026-04-01 02:15:03,,1364.39,175,,true,false,false,false,false
PED-001861,34,5,2,3,2026-03-31,2026-03-31,,2026-03-31 06:49:47,2026-03-31 08:48:47,,10480.53,119,,true,false,false,false,false
PED-001862,79,5,2,3,2026-03-31,2026-04-01,,2026-03-31 23:35:27,2026-04-01 01:09:27,,1153.98,94,,true,false,false,false,false
PED-001864,66,8,2,3,2026-03-31,2026-03-31,,2026-03-31 03:32:54,2026-03-31 04:20:54,,1340.19,48,,true,false,false,false,false
PED-001868,21,1,3,3,2026-04-01,2026-04-01,,2026-04-01 13:07:34,2026-04-01 14:18:34,,7447.12,71,,true,false,false,false,false
PED-001869,35,10,2,3,2026-04-01,2026-04-01,,2026-04-01 00:57:48,2026-04-01 04:26:48,,1367.53,209,,true,false,false,false,false
PED-001871,191,8,4,3,2026-04-01,2026-04-01,,2026-04-01 07:52:44,2026-04-01 10:09:44,,32696.69,137,,true,false,false,false,false
PED-001872,162,9,3,3,2026-04-01,2026-04-01,,2026-04-01 09:46:13,2026-04-01 10:16:13,,3128.43,30,,true,false,false,false,false
PED-001873,30,8,4,3,2026-04-01,2026-04-01,,2026-04-01 00:09:27,2026-04-01 00:20:27,,6548.22,11,,true,false,false,false,false
PED-001874,30,8,2,3,2026-04-01,2026-04-01,,2026-04-01 11:39:42,2026-04-01 12:17:42,,1172.52,38,,true,false,false,false,false
PED-001876,66,8,3,3,2026-04-01,2026-04-01,,2026-04-01 08:13:52,2026-04-01 12:43:52,,6253.70,270,,true,false,false,false,false
PED-001877,15,7,1,3,2026-04-01,2026-04-01,,2026-04-01 09:15:43,2026-04-01 09:36:43,,3360.50,21,,true,false,false,false,false
PED-001879,102,10,1,3,2026-04-01,2026-04-01,,2026-04-01 03:28:50,2026-04-01 03:33:50,,7875.94,5,,true,false,false,false,false
PED-001880,184,8,4,3,2026-04-01,2026-04-01,,2026-04-01 15:28:42,2026-04-01 15:47:42,,2742.29,19,,true,false,false,false,false
PED-001883,26,2,4,3,2026-04-01,2026-04-01,,2026-04-01 07:47:06,2026-04-01 07:49:06,,6651.98,2,,true,false,false,false,false
PED-001884,63,1,2,3,2026-04-01,2026-04-01,,2026-04-01 22:44:38,2026-04-01 22:44:38,,7204.04,0,,true,false,false,false,false
PED-001885,21,9,4,3,2026-04-01,2026-04-01,,2026-04-01 16:27:28,2026-04-01 20:43:28,,989.62,256,,true,false,false,false,false
PED-001886,28,1,2,3,2026-04-02,2026-04-02,,2026-04-02 07:47:49,2026-04-02 11:17:49,,1535.20,210,,true,false,false,false,false
PED-001887,9,9,3,3,2026-04-02,2026-04-02,,2026-04-02 09:31:50,2026-04-02 16:42:50,,3362.24,431,,true,false,false,false,false
PED-001888,155,3,2,3,2026-04-02,2026-04-03,,2026-04-02 16:02:03,2026-04-03 04:40:03,,5188.57,758,,true,false,false,false,false
PED-001889,132,5,4,3,2026-04-02,2026-04-02,,2026-04-02 16:13:09,2026-04-02 16:31:09,,2783.28,18,,true,false,false,false,false
PED-001890,91,3,2,3,2026-04-02,2026-04-02,,2026-04-02 11:48:38,2026-04-02 13:13:38,,1766.74,85,,true,false,false,false,false
PED-001891,132,9,4,3,2026-04-02,2026-04-02,,2026-04-02 14:24:18,2026-04-02 17:12:18,,4829.70,168,,true,false,false,false,false
PED-001892,74,3,4,3,2026-04-02,2026-04-02,,2026-04-02 08:37:31,2026-04-02 13:17:31,,7987.42,280,,true,false,false,false,false
PED-001893,21,2,4,3,2026-04-02,2026-04-02,,2026-04-02 18:17:56,2026-04-02 19:55:56,,753.55,98,,true,false,false,false,false
PED-001894,113,5,2,3,2026-04-02,2026-04-03,,2026-04-02 20:25:10,2026-04-03 02:15:10,,8224.79,350,,true,false,false,false,false
PED-001895,19,8,4,3,2026-04-02,2026-04-02,,2026-04-02 06:55:57,2026-04-02 10:35:57,,11972.50,220,,true,false,false,false,false
PED-001898,86,4,4,3,2026-04-02,2026-04-02,,2026-04-02 17:27:45,2026-04-02 18:28:45,,2118.53,61,,true,false,false,false,false
PED-001899,35,6,3,3,2026-04-02,2026-04-02,,2026-04-02 00:13:08,2026-04-02 00:55:08,,706.65,42,,true,false,false,false,false
PED-001900,47,3,3,3,2026-04-02,2026-04-02,,2026-04-02 14:31:36,2026-04-02 18:07:36,,2203.33,216,,true,false,false,false,false
PED-001901,16,7,2,3,2026-04-02,2026-04-02,,2026-04-02 18:05:19,2026-04-02 20:12:19,,3984.64,127,,true,false,false,false,false
PED-001902,65,10,2,3,2026-04-02,2026-04-02,,2026-04-02 07:14:11,2026-04-02 14:48:11,,2984.29,454,,true,false,false,false,false
PED-001904,45,2,1,3,2026-04-03,2026-04-03,,2026-04-03 08:28:50,2026-04-03 08:42:50,,8099.65,14,,true,false,false,false,false
PED-001906,130,5,3,3,2026-04-03,2026-04-03,,2026-04-03 07:03:17,2026-04-03 07:12:17,,1051.40,9,,true,false,false,false,false
PED-001908,60,3,3,3,2026-04-03,2026-04-03,,2026-04-03 22:25:33,2026-04-03 23:06:33,,5106.69,41,,true,false,false,false,false
PED-001909,178,9,2,3,2026-04-03,2026-04-04,,2026-04-03 23:16:17,2026-04-04 06:09:17,,2412.78,413,,true,false,false,false,false
PED-001910,143,9,2,3,2026-04-03,2026-04-03,,2026-04-03 14:23:18,2026-04-03 18:50:18,,2010.41,267,,true,false,false,false,false
PED-001911,129,1,2,3,2026-04-03,2026-04-04,,2026-04-03 22:45:42,2026-04-04 08:32:42,,3409.86,587,,true,false,false,false,false
PED-001912,163,6,4,3,2026-04-03,2026-04-03,,2026-04-03 19:11:37,2026-04-03 23:22:37,,3944.50,251,,true,false,false,false,false
PED-001913,176,6,1,3,2026-04-03,2026-04-03,,2026-04-03 10:21:31,2026-04-03 11:49:31,,3062.91,88,,true,false,false,false,false
PED-001917,194,1,4,3,2026-04-04,2026-04-04,,2026-04-04 18:51:14,2026-04-04 21:28:14,,8558.69,157,,true,false,false,false,false
PED-001921,148,3,4,4,2026-04-04,2026-04-04,,2026-04-04 02:51:54,2026-04-04 05:31:54,,4212.42,160,,true,false,false,false,false
PED-001922,102,6,3,3,2026-04-04,2026-04-04,,2026-04-04 03:39:52,2026-04-04 06:26:52,,2418.97,167,,true,false,false,false,false
PED-001923,102,8,2,3,2026-04-04,2026-04-04,,2026-04-04 05:56:11,2026-04-04 07:20:11,,12845.32,84,,true,false,false,false,false
PED-001924,111,2,2,3,2026-04-04,2026-04-05,,2026-04-04 23:11:11,2026-04-05 05:24:11,,2121.51,373,,true,false,false,false,false
PED-001926,95,8,2,3,2026-04-04,2026-04-04,,2026-04-04 17:47:59,2026-04-04 18:28:59,,2873.33,41,,true,false,false,false,false
PED-001928,152,5,4,3,2026-04-04,2026-04-04,,2026-04-04 04:32:28,2026-04-04 06:32:28,,10303.99,120,,true,false,false,false,false
PED-001929,126,7,2,3,2026-04-04,2026-04-04,,2026-04-04 05:12:31,2026-04-04 07:21:31,,3520.53,129,,true,false,false,false,false
PED-001930,52,3,2,3,2026-04-04,2026-04-04,,2026-04-04 11:14:57,2026-04-04 14:28:57,,3790.04,194,,true,false,false,false,false
PED-001931,85,5,1,3,2026-04-04,2026-04-04,,2026-04-04 11:56:22,2026-04-04 12:54:22,,15452.70,58,,true,false,false,false,false
PED-001933,56,6,4,3,2026-04-04,2026-04-04,,2026-04-04 02:34:15,2026-04-04 05:17:15,,6900.93,163,,true,false,false,false,false
PED-001935,129,5,2,3,2026-04-04,2026-04-04,,2026-04-04 02:08:43,2026-04-04 09:57:43,,11117.85,469,,true,false,false,false,false
PED-001939,141,5,1,3,2026-04-05,2026-04-05,,2026-04-05 03:44:58,2026-04-05 03:49:58,,3545.54,5,,true,false,false,false,false
PED-001940,154,10,4,3,2026-04-05,2026-04-06,,2026-04-05 23:02:15,2026-04-06 03:17:15,,27875.39,255,,true,false,false,false,false
PED-001941,148,3,4,3,2026-04-05,2026-04-05,,2026-04-05 07:15:31,2026-04-05 08:29:31,,6139.95,74,,true,false,false,false,false
PED-001942,2,10,3,3,2026-04-05,2026-04-05,,2026-04-05 15:34:13,2026-04-05 18:06:13,,1368.74,152,,true,false,false,false,false
PED-001943,57,2,4,3,2026-04-05,2026-04-05,,2026-04-05 17:19:19,2026-04-05 22:38:19,,1690.52,319,,true,false,false,false,false
PED-001944,27,4,2,3,2026-04-05,2026-04-05,,2026-04-05 17:08:27,2026-04-05 18:51:27,,6961.29,103,,true,false,false,false,false
PED-001945,147,7,4,3,2026-04-05,2026-04-05,,2026-04-05 08:28:31,2026-04-05 11:45:31,,5624.84,197,,true,false,false,false,false
PED-001946,40,6,3,3,2026-04-05,2026-04-05,,2026-04-05 09:28:51,2026-04-05 14:06:51,,2130.71,278,,true,false,false,false,false
PED-001948,19,3,2,3,2026-04-05,2026-04-05,,2026-04-05 12:19:31,2026-04-05 12:29:31,,3056.09,10,,true,false,false,false,false
PED-001949,29,6,4,3,2026-04-05,2026-04-05,,2026-04-05 19:47:05,2026-04-05 19:52:05,,939.95,5,,true,false,false,false,false
PED-001950,61,9,1,3,2026-04-05,2026-04-05,,2026-04-05 02:55:42,2026-04-05 04:47:42,,3324.67,112,,true,false,false,false,false
PED-001952,140,10,1,3,2026-04-05,2026-04-05,,2026-04-05 08:01:30,2026-04-05 08:51:30,,2636.75,50,,true,false,false,false,false
PED-001953,51,5,1,3,2026-04-05,2026-04-05,,2026-04-05 10:04:28,2026-04-05 13:26:28,,1042.62,202,,true,false,false,false,false
PED-001954,105,6,4,3,2026-04-05,2026-04-05,,2026-04-05 11:33:02,2026-04-05 13:09:02,,5345.60,96,,true,false,false,false,false
PED-001955,195,5,2,4,2026-04-05,2026-04-05,,2026-04-05 07:24:11,2026-04-05 07:26:11,,4003.21,2,,true,false,false,false,false
PED-001956,187,7,3,4,2026-04-05,2026-04-06,,2026-04-05 22:25:41,2026-04-06 00:28:41,,8272.59,123,,true,false,false,false,false
PED-001958,117,5,1,3,2026-04-06,2026-04-06,,2026-04-06 09:54:00,2026-04-06 11:26:00,,5665.31,92,,true,false,false,false,false
PED-001959,183,1,3,3,2026-04-06,2026-04-06,,2026-04-06 19:31:15,2026-04-06 21:01:15,,2122.04,90,,true,false,false,false,false
PED-001962,66,9,1,3,2026-04-06,2026-04-06,,2026-04-06 19:20:01,2026-04-06 19:23:01,,14647.14,3,,true,false,false,false,false
PED-001963,94,7,4,4,2026-04-06,2026-04-06,,2026-04-06 09:33:40,2026-04-06 10:01:40,,4311.40,28,,true,false,false,false,false
PED-001965,143,10,4,3,2026-04-06,2026-04-06,,2026-04-06 09:23:39,2026-04-06 10:45:39,,4616.78,82,,true,false,false,false,false
PED-001966,1,10,2,3,2026-04-06,2026-04-06,,2026-04-06 15:53:46,2026-04-06 22:55:46,,3284.43,422,,true,false,false,false,false
PED-001967,187,8,3,3,2026-04-06,2026-04-06,,2026-04-06 06:26:39,2026-04-06 10:31:39,,11111.68,245,,true,false,false,false,false
PED-001968,185,7,2,3,2026-04-06,2026-04-06,,2026-04-06 12:43:39,2026-04-06 17:43:39,,5604.91,300,,true,false,false,false,false
PED-001969,42,6,1,3,2026-04-06,2026-04-06,,2026-04-06 19:57:03,2026-04-06 20:33:03,,4029.69,36,,true,false,false,false,false
PED-001970,56,3,1,4,2026-04-06,2026-04-06,,2026-04-06 21:25:54,2026-04-06 22:09:54,,10040.27,44,,true,false,false,false,false
PED-001971,27,8,1,3,2026-04-07,2026-04-07,,2026-04-07 12:35:36,2026-04-07 19:42:36,,17451.03,427,,true,false,false,false,false
PED-001972,187,2,2,3,2026-04-07,2026-04-07,,2026-04-07 17:43:53,2026-04-07 18:00:53,,5785.50,17,,true,false,false,false,false
PED-001973,45,2,3,3,2026-04-07,2026-04-08,,2026-04-07 17:56:38,2026-04-08 00:49:38,,22257.70,413,,true,false,false,false,false
PED-001974,143,2,2,3,2026-04-07,2026-04-07,,2026-04-07 11:22:19,2026-04-07 13:37:19,,2660.01,135,,true,false,false,false,false
PED-001975,16,7,2,3,2026-04-07,2026-04-08,,2026-04-07 23:46:09,2026-04-08 00:06:09,,4366.17,20,,true,false,false,false,false
PED-001976,123,2,4,3,2026-04-07,2026-04-07,,2026-04-07 04:25:24,2026-04-07 05:04:24,,5222.17,39,,true,false,false,false,false
PED-001977,24,6,4,4,2026-04-07,2026-04-07,,2026-04-07 02:10:05,2026-04-07 02:57:05,,6109.13,47,,true,false,false,false,false
PED-001979,174,8,2,3,2026-04-07,2026-04-07,,2026-04-07 12:58:23,2026-04-07 14:36:23,,14500.76,98,,true,false,false,false,false
PED-001981,119,10,1,3,2026-04-07,2026-04-07,,2026-04-07 18:16:55,2026-04-07 22:43:55,,4242.92,267,,true,false,false,false,false
PED-001982,158,2,1,3,2026-04-07,2026-04-07,,2026-04-07 02:26:03,2026-04-07 07:45:03,,68273.64,319,,true,false,false,false,false
PED-001983,5,7,3,3,2026-04-07,2026-04-07,,2026-04-07 18:48:39,2026-04-07 21:10:39,,6300.50,142,,true,false,false,false,false
PED-001985,36,4,2,3,2026-04-07,2026-04-07,,2026-04-07 14:18:38,2026-04-07 19:28:38,,5847.67,310,,true,false,false,false,false
PED-001986,120,3,2,3,2026-04-07,2026-04-07,,2026-04-07 17:18:36,2026-04-07 18:04:36,,5329.38,46,,true,false,false,false,false
PED-001988,90,5,2,3,2026-04-07,2026-04-07,,2026-04-07 08:19:25,2026-04-07 12:47:25,,4020.02,268,,true,false,false,false,false
PED-001989,53,4,4,3,2026-04-07,2026-04-07,,2026-04-07 01:52:44,2026-04-07 03:50:44,,2773.28,118,,true,false,false,false,false
PED-001990,61,5,2,3,2026-04-07,2026-04-08,,2026-04-07 23:04:22,2026-04-08 02:14:22,,1762.49,190,,true,false,false,false,false
PED-001991,159,9,3,3,2026-04-07,2026-04-07,,2026-04-07 09:02:26,2026-04-07 12:32:26,,2092.07,210,,true,false,false,false,false
PED-001992,13,10,4,3,2026-04-08,2026-04-08,,2026-04-08 15:45:10,2026-04-08 18:12:10,,36726.72,147,,true,false,false,false,false
PED-001993,100,4,1,3,2026-04-08,2026-04-08,,2026-04-08 02:06:04,2026-04-08 10:25:04,,6547.01,499,,true,false,false,false,false
PED-001995,44,5,4,3,2026-04-08,2026-04-09,,2026-04-08 23:53:49,2026-04-09 05:25:49,,3508.47,332,,true,false,false,false,false
PED-001997,141,4,2,3,2026-04-08,2026-04-08,,2026-04-08 20:32:09,2026-04-08 20:57:09,,1552.51,25,,true,false,false,false,false
PED-001998,152,9,2,3,2026-04-08,2026-04-08,,2026-04-08 07:25:23,2026-04-08 10:06:23,,12347.74,161,,true,false,false,false,false
PED-001999,36,9,4,3,2026-04-08,2026-04-08,,2026-04-08 19:44:24,2026-04-08 20:08:24,,31602.33,24,,true,false,false,false,false
PED-002001,95,8,2,3,2026-04-08,2026-04-08,,2026-04-08 19:57:40,2026-04-08 20:53:40,,12059.06,56,,true,false,false,false,false
PED-002002,1,5,2,3,2026-04-08,2026-04-08,,2026-04-08 21:21:26,2026-04-08 22:14:26,,26421.94,53,,true,false,false,false,false
PED-002005,167,8,4,3,2026-04-08,2026-04-08,,2026-04-08 10:51:10,2026-04-08 11:12:10,,17355.75,21,,true,false,false,false,false
PED-002006,81,5,2,3,2026-04-08,2026-04-08,,2026-04-08 00:45:53,2026-04-08 05:47:53,,956.23,302,,true,false,false,false,false
PED-002008,133,1,1,3,2026-04-08,2026-04-08,,2026-04-08 00:36:36,2026-04-08 02:10:36,,2542.44,94,,true,false,false,false,false
PED-002010,57,10,1,3,2026-04-08,2026-04-08,,2026-04-08 17:22:42,2026-04-08 18:50:42,,18468.69,88,,true,false,false,false,false
PED-002011,166,9,1,3,2026-04-08,2026-04-08,,2026-04-08 01:28:53,2026-04-08 06:51:53,,11000.38,323,,true,false,false,false,false
PED-002012,12,8,4,3,2026-04-08,2026-04-08,,2026-04-08 10:50:06,2026-04-08 13:19:06,,4587.14,149,,true,false,false,false,false
PED-002013,144,10,2,3,2026-04-08,2026-04-08,,2026-04-08 12:45:32,2026-04-08 14:32:32,,7269.95,107,,true,false,false,false,false
PED-002015,168,9,2,3,2026-04-08,2026-04-08,,2026-04-08 18:00:32,2026-04-08 18:19:32,,2893.16,19,,true,false,false,false,false
PED-002016,78,3,4,3,2026-04-08,2026-04-08,,2026-04-08 02:51:18,2026-04-08 04:32:18,,5279.72,101,,true,false,false,false,false
PED-002017,25,3,2,3,2026-04-08,2026-04-08,,2026-04-08 19:45:37,2026-04-08 22:56:37,,1205.68,191,,true,false,false,false,false
PED-002018,22,10,2,3,2026-04-08,2026-04-08,,2026-04-08 11:08:33,2026-04-08 11:56:33,,3852.50,48,,true,false,false,false,false
PED-002019,81,4,1,4,2026-04-09,2026-04-09,,2026-04-09 15:25:38,2026-04-09 23:16:38,,4685.70,471,,true,false,false,false,false
PED-002020,156,3,2,3,2026-04-09,2026-04-09,,2026-04-09 10:43:33,2026-04-09 13:00:33,,5754.61,137,,true,false,false,false,false
PED-002021,178,8,3,4,2026-04-09,2026-04-09,,2026-04-09 05:31:22,2026-04-09 08:07:22,,14026.21,156,,true,false,false,false,false
PED-002022,126,1,2,3,2026-04-09,2026-04-09,,2026-04-09 01:23:50,2026-04-09 03:34:50,,9407.58,131,,true,false,false,false,false
PED-002024,71,4,4,3,2026-04-09,2026-04-09,,2026-04-09 06:56:44,2026-04-09 08:43:44,,4699.53,107,,true,false,false,false,false
PED-002025,120,3,4,3,2026-04-09,2026-04-10,,2026-04-09 23:33:08,2026-04-10 01:29:08,,2076.73,116,,true,false,false,false,false
PED-002027,175,3,2,3,2026-04-09,2026-04-09,,2026-04-09 05:40:16,2026-04-09 06:17:16,,2585.40,37,,true,false,false,false,false
PED-002028,52,1,2,3,2026-04-09,2026-04-09,,2026-04-09 10:45:20,2026-04-09 12:08:20,,2864.48,83,,true,false,false,false,false
PED-002029,146,9,2,3,2026-04-09,2026-04-09,,2026-04-09 08:01:47,2026-04-09 14:45:47,,4159.25,404,,true,false,false,false,false
PED-002030,117,9,2,3,2026-04-09,2026-04-10,,2026-04-09 17:54:24,2026-04-10 06:04:24,,8510.16,730,,true,false,false,false,false
PED-002031,117,2,4,3,2026-04-09,2026-04-09,,2026-04-09 14:37:16,2026-04-09 15:40:16,,2906.24,63,,true,false,false,false,false
PED-002034,63,7,4,3,2026-04-09,2026-04-09,,2026-04-09 16:00:32,2026-04-09 16:14:32,,1528.90,14,,true,false,false,false,false
PED-002035,28,6,3,3,2026-04-10,2026-04-10,,2026-04-10 17:34:20,2026-04-10 22:23:20,,10804.45,289,,true,false,false,false,false
PED-002036,93,1,2,3,2026-04-10,2026-04-10,,2026-04-10 13:28:40,2026-04-10 13:31:40,,325.05,3,,true,false,false,false,false
PED-002037,68,1,3,3,2026-04-10,2026-04-10,,2026-04-10 04:09:38,2026-04-10 05:04:38,,2461.26,55,,true,false,false,false,false
PED-002038,61,2,4,3,2026-04-10,2026-04-10,,2026-04-10 02:21:26,2026-04-10 08:08:26,,9165.65,347,,true,false,false,false,false
PED-002040,200,3,2,3,2026-04-10,2026-04-10,,2026-04-10 19:35:04,2026-04-10 19:35:04,,11680.62,0,,true,false,false,false,false
PED-002042,3,3,1,3,2026-04-10,2026-04-10,,2026-04-10 20:50:10,2026-04-10 21:34:10,,5884.87,44,,true,false,false,false,false
PED-002043,179,9,2,3,2026-04-10,2026-04-11,,2026-04-10 19:11:54,2026-04-11 05:22:54,,5763.45,611,,true,false,false,false,false
PED-002045,156,7,2,3,2026-04-10,2026-04-10,,2026-04-10 14:25:54,2026-04-10 14:27:54,,8035.70,2,,true,false,false,false,false
PED-002048,53,2,3,3,2026-04-10,2026-04-10,,2026-04-10 03:13:42,2026-04-10 03:34:42,,5093.83,21,,true,false,false,false,false
PED-000002,26,,4,1,2026-01-01,,2026-01-02,2026-01-01 12:19:02,,2026-01-02 05:37:02,10844.99,,1038,false,true,false,false,false
PED-000004,152,,2,1,2026-01-01,,2026-01-01,2026-01-01 03:57:55,,2026-01-01 10:30:55,14769.02,,393,false,true,false,false,false
PED-000007,134,,2,1,2026-01-01,,2026-01-02,2026-01-01 13:32:52,,2026-01-02 03:04:52,8013.15,,812,false,true,false,false,false
PED-000010,134,,4,1,2026-01-01,,2026-01-02,2026-01-01 10:33:02,,2026-01-02 07:36:02,1080.76,,1263,false,true,false,true,false
PED-000013,157,,4,1,2026-01-01,,2026-01-01,2026-01-01 12:07:13,,2026-01-01 13:32:13,3720.41,,85,false,true,false,false,false
PED-000018,62,,4,1,2026-01-01,,2026-01-02,2026-01-01 17:19:07,,2026-01-02 14:54:07,2879.19,,1295,false,true,false,false,false
PED-000022,17,,4,1,2026-01-02,,2026-01-02,2026-01-02 01:33:32,,2026-01-02 06:10:32,67675.28,,277,false,true,false,false,false
PED-000025,146,,1,1,2026-01-02,,2026-01-03,2026-01-02 17:31:37,,2026-01-03 03:20:37,11902.05,,589,false,true,false,false,false
PED-000026,8,,4,1,2026-01-02,,2026-01-02,2026-01-02 05:40:29,,2026-01-02 09:14:29,33377.01,,214,false,true,false,false,false
PED-000028,9,,2,1,2026-01-02,,2026-01-03,2026-01-02 12:47:44,,2026-01-03 02:57:44,1555.97,,850,false,true,false,false,false
PED-000030,19,,1,1,2026-01-02,,2026-01-03,2026-01-02 21:16:15,,2026-01-03 07:42:15,5795.93,,626,false,true,false,false,false
PED-000035,61,,4,2,2026-01-02,,,2026-01-02 23:21:17,,,7976.89,,,false,false,true,false,false
PED-000037,194,,4,1,2026-01-02,,2026-01-02,2026-01-02 00:09:22,,2026-01-02 04:08:22,2280.34,,239,false,true,false,false,false
PED-000038,157,,2,1,2026-01-02,,2026-01-02,2026-01-02 15:13:23,,2026-01-02 21:40:23,14548.86,,387,false,true,false,false,false
PED-000039,47,,4,1,2026-01-02,,2026-01-03,2026-01-02 11:06:43,,2026-01-03 08:09:43,1889.05,,1263,false,true,false,false,false
PED-000042,165,,2,1,2026-01-02,,2026-01-02,2026-01-02 04:36:54,,2026-01-02 07:37:54,3941.24,,181,false,true,false,false,false
PED-000044,79,,2,1,2026-01-03,,2026-01-04,2026-01-03 19:16:27,,2026-01-04 00:43:27,5155.61,,327,false,true,false,false,false
PED-000046,75,,4,1,2026-01-03,,2026-01-03,2026-01-03 00:10:11,,2026-01-03 00:40:11,1805.93,,30,false,true,false,true,false
PED-000047,185,,2,1,2026-01-03,,2026-01-04,2026-01-03 09:41:53,,2026-01-04 08:16:53,11324.17,,1355,false,true,false,true,false
PED-000048,161,,1,1,2026-01-03,,2026-01-03,2026-01-03 07:41:48,,2026-01-03 09:36:48,5152.41,,115,false,true,false,false,false
PED-000051,76,,4,1,2026-01-03,,2026-01-03,2026-01-03 10:24:48,,2026-01-03 14:27:48,3637.27,,243,false,true,false,false,false
PED-000052,97,,2,1,2026-01-03,,2026-01-04,2026-01-03 20:30:02,,2026-01-04 17:56:02,7296.70,,1286,false,true,false,false,false
PED-000057,94,,4,1,2026-01-03,,2026-01-03,2026-01-03 11:25:20,,2026-01-03 20:52:20,5243.95,,567,false,true,false,true,false
PED-000059,155,,4,1,2026-01-03,,2026-01-05,2026-01-03 22:07:08,,2026-01-05 00:12:08,12856.75,,1565,false,true,false,false,false
PED-000061,146,,4,1,2026-01-04,,2026-01-04,2026-01-04 03:04:12,,2026-01-04 07:55:12,2344.85,,291,false,true,false,true,false
PED-000062,76,,3,2,2026-01-04,,,2026-01-04 03:21:29,,,10626.59,,,false,false,true,false,false
PED-000066,134,,4,1,2026-01-04,,2026-01-04,2026-01-04 00:34:30,,2026-01-04 01:09:30,9741.20,,35,false,true,false,false,false
PED-000068,2,,2,1,2026-01-04,,2026-01-04,2026-01-04 00:07:52,,2026-01-04 03:40:52,817.50,,213,false,true,false,false,false
PED-000069,170,,2,1,2026-01-04,,2026-01-05,2026-01-04 06:54:25,,2026-01-05 05:04:25,9647.85,,1330,false,true,false,false,false
PED-000080,105,,1,1,2026-01-05,,2026-01-06,2026-01-05 17:36:05,,2026-01-06 00:00:05,7239.24,,384,false,true,false,false,false
PED-000082,63,,1,1,2026-01-05,,2026-01-07,2026-01-05 17:32:19,,2026-01-07 10:05:19,3633.51,,2433,false,true,false,false,false
PED-000089,128,,4,1,2026-01-05,,2026-01-05,2026-01-05 20:29:56,,2026-01-05 21:27:56,3912.61,,58,false,true,false,false,false
PED-000090,74,,4,1,2026-01-05,,2026-01-06,2026-01-05 17:23:55,,2026-01-06 06:34:55,8923.11,,791,false,true,false,false,false
PED-000091,154,,3,1,2026-01-05,,2026-01-06,2026-01-05 12:45:08,,2026-01-06 01:48:08,4544.24,,783,false,true,false,true,false
PED-000093,68,,2,1,2026-01-05,,2026-01-05,2026-01-05 00:12:18,,2026-01-05 07:58:18,4256.99,,466,false,true,false,false,false
PED-000095,125,,4,1,2026-01-05,,2026-01-06,2026-01-05 19:15:58,,2026-01-06 14:28:58,3915.64,,1153,false,true,false,false,false
PED-000099,159,,2,1,2026-01-06,,2026-01-07,2026-01-06 01:46:36,,2026-01-07 05:14:36,2793.84,,1648,false,true,false,false,false
PED-000101,155,,3,1,2026-01-06,,2026-01-06,2026-01-06 15:46:07,,2026-01-06 15:47:07,1549.41,,1,false,true,false,false,false
PED-000103,180,,4,1,2026-01-06,,2026-01-06,2026-01-06 16:47:44,,2026-01-06 20:59:44,1926.52,,252,false,true,false,false,false
PED-000105,17,,2,1,2026-01-06,,2026-01-07,2026-01-06 16:18:13,,2026-01-07 01:38:13,1280.54,,560,false,true,false,false,false
PED-000109,66,,3,1,2026-01-06,,2026-01-06,2026-01-06 13:27:04,,2026-01-06 19:30:04,3070.37,,363,false,true,false,false,false
PED-000126,199,,4,1,2026-01-07,,2026-01-08,2026-01-07 13:16:50,,2026-01-08 04:38:50,4965.66,,922,false,true,false,true,false
PED-000129,111,,2,1,2026-01-07,,2026-01-07,2026-01-07 04:26:45,,2026-01-07 15:43:45,6914.33,,677,false,true,false,false,false
PED-000133,104,,1,1,2026-01-07,,2026-01-07,2026-01-07 09:54:43,,2026-01-07 13:09:43,443.39,,195,false,true,false,false,false
PED-000134,21,,3,1,2026-01-07,,2026-01-07,2026-01-07 10:39:54,,2026-01-07 14:15:54,2495.88,,216,false,true,false,false,false
PED-000138,33,,4,2,2026-01-07,,,2026-01-07 07:58:27,,,859.83,,,false,false,true,false,false
PED-000141,23,,2,1,2026-01-07,,2026-01-08,2026-01-07 21:12:24,,2026-01-08 19:20:24,4028.42,,1328,false,true,false,false,false
PED-000142,181,,3,2,2026-01-07,,,2026-01-07 18:32:39,,,1808.05,,,false,false,true,false,false
PED-000144,34,,2,1,2026-01-07,,2026-01-07,2026-01-07 12:30:14,,2026-01-07 16:23:14,3712.38,,233,false,true,false,true,false
PED-000147,50,,1,1,2026-01-07,,2026-01-07,2026-01-07 04:26:44,,2026-01-07 12:15:44,13929.40,,469,false,true,false,true,false
PED-000152,38,,3,1,2026-01-08,,2026-01-09,2026-01-08 15:51:02,,2026-01-09 03:57:02,6936.81,,726,false,true,false,false,false
PED-000154,151,,1,1,2026-01-08,,2026-01-08,2026-01-08 01:17:53,,2026-01-08 12:15:53,21061.18,,658,false,true,false,false,false
PED-000156,31,,4,1,2026-01-08,,2026-01-08,2026-01-08 10:25:02,,2026-01-08 15:16:02,6007.78,,291,false,true,false,false,false
PED-000158,170,,2,1,2026-01-08,,2026-01-09,2026-01-08 23:40:06,,2026-01-09 03:29:06,1388.75,,229,false,true,false,false,false
PED-000166,138,,2,1,2026-01-08,,2026-01-09,2026-01-08 10:34:08,,2026-01-09 04:05:08,3056.04,,1051,false,true,false,true,false
PED-000168,49,,3,1,2026-01-09,,2026-01-10,2026-01-09 19:25:10,,2026-01-10 04:48:10,8009.11,,563,false,true,false,false,false
PED-000171,34,,2,1,2026-01-09,,2026-01-10,2026-01-09 13:42:12,,2026-01-10 06:25:12,1872.88,,1003,false,true,false,false,false
PED-000177,135,,2,1,2026-01-09,,2026-01-09,2026-01-09 08:50:58,,2026-01-09 20:40:58,9234.03,,710,false,true,false,false,false
PED-000178,84,,2,1,2026-01-09,,2026-01-10,2026-01-09 22:28:32,,2026-01-10 01:57:32,18744.55,,209,false,true,false,false,false
PED-000180,11,,2,1,2026-01-09,,2026-01-09,2026-01-09 12:14:26,,2026-01-09 13:31:26,2502.81,,77,false,true,false,false,false
PED-000182,164,,2,1,2026-01-09,,2026-01-09,2026-01-09 10:54:54,,2026-01-09 15:25:54,4236.77,,271,false,true,false,false,false
PED-000192,85,,2,1,2026-01-10,,2026-01-10,2026-01-10 02:30:41,,2026-01-10 15:24:41,4482.08,,774,false,true,false,false,false
PED-000195,151,,1,2,2026-01-10,,,2026-01-10 23:06:10,,,7114.46,,,false,false,true,false,false
PED-000198,65,,2,1,2026-01-10,,2026-01-11,2026-01-10 15:42:36,,2026-01-11 05:23:36,19864.55,,821,false,true,false,false,false
PED-000202,113,,1,1,2026-01-10,,2026-01-11,2026-01-10 18:43:54,,2026-01-11 12:09:54,4429.54,,1046,false,true,false,false,false
PED-000203,120,,4,1,2026-01-10,,2026-01-10,2026-01-10 04:21:18,,2026-01-10 10:45:18,19599.69,,384,false,true,false,false,false
PED-000212,20,,3,1,2026-01-11,,2026-01-12,2026-01-11 04:27:27,,2026-01-12 00:17:27,6267.21,,1190,false,true,false,false,false
PED-000217,63,,2,2,2026-01-11,,,2026-01-11 06:55:50,,,6899.84,,,false,false,true,false,false
PED-000221,16,,1,1,2026-01-11,,2026-01-12,2026-01-11 17:22:20,,2026-01-12 00:21:20,2155.46,,419,false,true,false,false,false
PED-000222,8,,2,2,2026-01-11,,,2026-01-11 02:04:56,,,912.24,,,false,false,true,false,false
PED-000230,180,,4,1,2026-01-12,,2026-01-12,2026-01-12 11:51:54,,2026-01-12 15:47:54,3666.56,,236,false,true,false,false,false
PED-000231,157,,2,1,2026-01-12,,2026-01-13,2026-01-12 17:56:33,,2026-01-13 06:14:33,4434.68,,738,false,true,false,false,false
PED-000233,86,,1,1,2026-01-12,,2026-01-13,2026-01-12 14:22:39,,2026-01-13 14:11:39,5096.10,,1429,false,true,false,false,false
PED-000244,159,,1,1,2026-01-12,,2026-01-12,2026-01-12 04:43:21,,2026-01-12 18:55:21,2127.63,,852,false,true,false,false,false
PED-000247,137,,2,1,2026-01-12,,2026-01-12,2026-01-12 00:04:32,,2026-01-12 03:47:32,9841.66,,223,false,true,false,false,false
PED-000248,183,,2,1,2026-01-12,,2026-01-13,2026-01-12 22:06:43,,2026-01-13 03:19:43,2356.85,,313,false,true,false,false,false
PED-000251,8,,2,1,2026-01-12,,2026-01-12,2026-01-12 21:11:27,,2026-01-12 22:23:27,4282.43,,72,false,true,false,false,false
PED-000254,81,,3,1,2026-01-12,,2026-01-13,2026-01-12 15:39:44,,2026-01-13 09:26:44,20332.82,,1067,false,true,false,true,false
PED-000258,43,,3,1,2026-01-13,,2026-01-13,2026-01-13 03:51:31,,2026-01-13 04:55:31,13613.91,,64,false,true,false,false,false
PED-000260,188,,1,1,2026-01-13,,2026-01-13,2026-01-13 03:48:59,,2026-01-13 07:14:59,11806.87,,206,false,true,false,false,false
PED-000262,117,,2,1,2026-01-13,,2026-01-13,2026-01-13 12:07:24,,2026-01-13 12:52:24,2631.41,,45,false,true,false,false,false
PED-000265,83,,3,1,2026-01-13,,2026-01-13,2026-01-13 14:20:13,,2026-01-13 23:17:13,6334.46,,537,false,true,false,false,false
PED-000266,196,,3,1,2026-01-13,,2026-01-13,2026-01-13 14:38:29,,2026-01-13 20:03:29,7368.86,,325,false,true,false,false,false
PED-000268,100,,2,1,2026-01-13,,2026-01-13,2026-01-13 14:31:49,,2026-01-13 14:49:49,8744.61,,18,false,true,false,true,false
PED-000269,80,,3,1,2026-01-13,,2026-01-13,2026-01-13 20:11:22,,2026-01-13 22:32:22,3037.13,,141,false,true,false,false,false
PED-000273,116,,2,1,2026-01-13,,2026-01-14,2026-01-13 23:18:44,,2026-01-14 06:27:44,1975.52,,429,false,true,false,true,false
PED-000275,27,,1,1,2026-01-14,,2026-01-14,2026-01-14 00:43:21,,2026-01-14 18:05:21,3052.31,,1042,false,true,false,false,false
PED-000276,177,,4,1,2026-01-14,,2026-01-15,2026-01-14 09:49:26,,2026-01-15 02:43:26,4052.39,,1014,false,true,false,false,false
PED-000277,70,,4,1,2026-01-14,,2026-01-14,2026-01-14 16:54:34,,2026-01-14 19:40:34,4143.93,,166,false,true,false,true,false
PED-000282,89,,1,1,2026-01-14,,2026-01-14,2026-01-14 07:56:08,,2026-01-14 19:19:08,3273.95,,683,false,true,false,false,false
PED-000284,15,,4,1,2026-01-14,,2026-01-14,2026-01-14 02:52:48,,2026-01-14 11:14:48,548.54,,502,false,true,false,false,false
PED-000288,182,,4,1,2026-01-14,,2026-01-14,2026-01-14 05:59:59,,2026-01-14 14:01:59,5093.52,,482,false,true,false,false,false
PED-000289,51,,2,2,2026-01-14,,,2026-01-14 08:23:42,,,3242.45,,,false,false,true,true,false
PED-000290,106,,4,1,2026-01-14,,2026-01-14,2026-01-14 02:37:28,,2026-01-14 09:15:28,737.36,,398,false,true,false,false,false
PED-000294,171,,2,1,2026-01-15,,2026-01-15,2026-01-15 12:46:39,,2026-01-15 21:48:39,785.28,,542,false,true,false,false,false
PED-000298,31,,2,1,2026-01-15,,2026-01-15,2026-01-15 16:21:38,,2026-01-15 20:56:38,2964.23,,275,false,true,false,false,false
PED-000303,186,,2,2,2026-01-15,,,2026-01-15 14:36:21,,,8580.05,,,false,false,true,false,false
PED-000306,148,,2,1,2026-01-15,,2026-01-15,2026-01-15 15:54:14,,2026-01-15 21:05:14,12384.68,,311,false,true,false,false,false
PED-000307,102,,2,1,2026-01-15,,2026-01-15,2026-01-15 17:20:44,,2026-01-15 18:02:44,2907.93,,42,false,true,false,false,false
PED-000308,35,,2,1,2026-01-15,,2026-01-16,2026-01-15 23:16:47,,2026-01-16 01:59:47,3417.85,,163,false,true,false,false,false
PED-000309,44,,3,1,2026-01-15,,2026-01-15,2026-01-15 02:20:59,,2026-01-15 03:49:59,4769.68,,89,false,true,false,false,false
PED-000318,158,,4,2,2026-01-16,,,2026-01-16 18:28:19,,,3048.06,,,false,false,true,false,false
PED-000327,150,,2,1,2026-01-16,,2026-01-18,2026-01-16 16:16:58,,2026-01-18 01:31:58,8306.53,,1995,false,true,false,false,false
PED-000329,36,,4,1,2026-01-16,,2026-01-16,2026-01-16 18:45:58,,2026-01-16 20:51:58,4773.79,,126,false,true,false,false,false
PED-000333,169,,3,1,2026-01-17,,2026-01-18,2026-01-17 17:36:07,,2026-01-18 09:05:07,10269.03,,929,false,true,false,false,false
PED-000335,19,,4,1,2026-01-17,,2026-01-17,2026-01-17 00:52:16,,2026-01-17 12:12:16,9844.68,,680,false,true,false,false,false
PED-000337,54,,2,1,2026-01-17,,2026-01-17,2026-01-17 11:06:08,,2026-01-17 11:23:08,3892.13,,17,false,true,false,false,false
PED-000347,132,,2,1,2026-01-17,,2026-01-18,2026-01-17 14:07:20,,2026-01-18 17:50:20,1993.93,,1663,false,true,false,false,false
PED-000356,62,,2,1,2026-01-18,,2026-01-18,2026-01-18 05:09:06,,2026-01-18 06:14:06,2811.67,,65,false,true,false,false,false
PED-000357,1,,1,1,2026-01-18,,2026-01-19,2026-01-18 21:34:36,,2026-01-19 05:40:36,1933.48,,486,false,true,false,false,false
PED-000365,47,,4,1,2026-01-18,,2026-01-19,2026-01-18 17:38:22,,2026-01-19 03:26:22,6852.87,,588,false,true,false,false,false
PED-000366,101,,3,1,2026-01-18,,2026-01-18,2026-01-18 00:40:20,,2026-01-18 00:43:20,6218.47,,3,false,true,false,false,false
PED-000369,121,,2,1,2026-01-19,,2026-01-19,2026-01-19 05:05:15,,2026-01-19 16:19:15,12084.83,,674,false,true,false,false,false
PED-000370,31,,2,1,2026-01-19,,2026-01-20,2026-01-19 10:28:51,,2026-01-20 21:41:51,3157.74,,2113,false,true,false,false,false
PED-000373,159,,1,1,2026-01-19,,2026-01-19,2026-01-19 05:18:50,,2026-01-19 11:38:50,5871.12,,380,false,true,false,false,false
PED-000374,112,,2,1,2026-01-19,,2026-01-20,2026-01-19 12:38:30,,2026-01-20 02:55:30,14593.60,,857,false,true,false,false,false
PED-000377,14,,4,1,2026-01-20,,2026-01-21,2026-01-20 02:32:41,,2026-01-21 08:25:41,5107.00,,1793,false,true,false,false,false
PED-000383,119,,2,1,2026-01-20,,2026-01-21,2026-01-20 23:03:33,,2026-01-21 17:44:33,8557.91,,1121,false,true,false,false,false
PED-000385,47,,2,1,2026-01-21,,2026-01-22,2026-01-21 23:39:24,,2026-01-22 03:56:24,12392.21,,257,false,true,false,false,false
PED-000387,105,,4,1,2026-01-21,,2026-01-22,2026-01-21 15:34:14,,2026-01-22 08:58:14,9563.64,,1044,false,true,false,false,false
PED-000388,7,,4,1,2026-01-21,,2026-01-21,2026-01-21 04:44:55,,2026-01-21 09:13:55,9818.95,,269,false,true,false,false,false
PED-000390,24,,2,1,2026-01-21,,2026-01-22,2026-01-21 20:55:51,,2026-01-22 02:29:51,1582.13,,334,false,true,false,false,false
PED-000392,183,,2,1,2026-01-21,,2026-01-22,2026-01-21 07:00:12,,2026-01-22 18:56:12,6600.97,,2156,false,true,false,false,false
PED-000395,50,,4,2,2026-01-21,,,2026-01-21 19:55:44,,,4904.83,,,false,false,true,false,false
PED-000399,200,,2,1,2026-01-21,,2026-01-21,2026-01-21 01:55:45,,2026-01-21 12:10:45,2899.04,,615,false,true,false,false,false
PED-000400,110,,4,1,2026-01-21,,2026-01-21,2026-01-21 08:53:00,,2026-01-21 18:17:00,4049.22,,564,false,true,false,false,false
PED-000402,34,,4,1,2026-01-22,,2026-01-23,2026-01-22 04:54:37,,2026-01-23 06:07:37,8006.23,,1513,false,true,false,false,false
PED-000403,131,,2,1,2026-01-22,,2026-01-22,2026-01-22 18:43:30,,2026-01-22 23:56:30,2246.30,,313,false,true,false,false,false
PED-000407,165,,3,2,2026-01-22,,,2026-01-22 13:23:32,,,5122.78,,,false,false,true,false,false
PED-000410,42,,1,1,2026-01-22,,2026-01-23,2026-01-22 14:45:49,,2026-01-23 01:11:49,2014.25,,626,false,true,false,false,false
PED-000411,115,,3,1,2026-01-22,,2026-01-23,2026-01-22 23:48:26,,2026-01-23 22:39:26,12027.07,,1371,false,true,false,false,false
PED-000413,163,,1,1,2026-01-22,,2026-01-22,2026-01-22 05:37:04,,2026-01-22 07:25:04,2343.89,,108,false,true,false,false,false
PED-000414,114,,2,1,2026-01-22,,2026-01-23,2026-01-22 09:49:07,,2026-01-23 00:17:07,3012.71,,868,false,true,false,false,false
PED-000415,79,,2,1,2026-01-22,,2026-01-23,2026-01-22 21:53:57,,2026-01-23 10:29:57,2191.31,,756,false,true,false,false,false
PED-000417,117,,4,1,2026-01-22,,2026-01-22,2026-01-22 07:25:22,,2026-01-22 10:37:22,11354.17,,192,false,true,false,false,false
PED-000420,198,,3,1,2026-01-22,,2026-01-22,2026-01-22 05:38:36,,2026-01-22 06:05:36,9126.31,,27,false,true,false,false,false
PED-000425,157,,2,1,2026-01-22,,2026-01-22,2026-01-22 20:13:49,,2026-01-22 20:14:49,3430.31,,1,false,true,false,false,false
PED-000429,17,,3,1,2026-01-23,,2026-01-23,2026-01-23 02:36:01,,2026-01-23 10:30:01,3536.37,,474,false,true,false,false,false
PED-000430,135,,4,1,2026-01-23,,2026-01-23,2026-01-23 12:36:57,,2026-01-23 14:22:57,7001.69,,106,false,true,false,false,false
PED-000435,16,,1,1,2026-01-23,,2026-01-24,2026-01-23 17:01:48,,2026-01-24 05:26:48,1522.73,,745,false,true,false,false,false
PED-000436,126,,2,1,2026-01-23,,2026-01-23,2026-01-23 12:40:00,,2026-01-23 14:09:00,2100.69,,89,false,true,false,false,false
PED-000443,118,,2,1,2026-01-23,,2026-01-23,2026-01-23 08:53:39,,2026-01-23 12:39:39,6948.57,,226,false,true,false,false,false
PED-000450,123,,3,2,2026-01-23,,,2026-01-23 15:29:27,,,2156.62,,,false,false,true,false,false
PED-000451,125,,2,1,2026-01-23,,2026-01-24,2026-01-23 20:50:37,,2026-01-24 01:09:37,4461.41,,259,false,true,false,false,false
PED-000452,200,,2,2,2026-01-23,,,2026-01-23 10:15:38,,,4225.59,,,false,false,true,false,false
PED-000459,31,,1,1,2026-01-24,,2026-01-25,2026-01-24 22:19:16,,2026-01-25 11:42:16,5583.05,,803,false,true,false,false,false
PED-000463,131,,1,1,2026-01-24,,2026-01-24,2026-01-24 04:39:44,,2026-01-24 20:38:44,26879.83,,959,false,true,false,false,false
PED-000465,33,,4,1,2026-01-24,,2026-01-25,2026-01-24 22:21:28,,2026-01-25 02:01:28,2751.74,,220,false,true,false,false,false
PED-000467,166,,4,1,2026-01-24,,2026-01-24,2026-01-24 14:51:38,,2026-01-24 16:32:38,417.56,,101,false,true,false,false,false
PED-000473,185,,1,1,2026-01-25,,2026-01-26,2026-01-25 05:39:41,,2026-01-26 05:10:41,6543.31,,1411,false,true,false,false,false
PED-000479,45,,2,1,2026-01-25,,2026-01-25,2026-01-25 05:43:45,,2026-01-25 13:55:45,3576.29,,492,false,true,false,false,false
PED-000487,20,,2,1,2026-01-25,,2026-01-26,2026-01-25 12:57:18,,2026-01-26 19:02:18,14194.44,,1805,false,true,false,false,false
PED-000491,184,,2,2,2026-01-25,,,2026-01-25 18:47:06,,,1727.52,,,false,false,true,false,false
PED-000497,112,,2,1,2026-01-25,,2026-01-25,2026-01-25 06:09:48,,2026-01-25 10:40:48,6114.26,,271,false,true,false,false,false
PED-000499,20,,2,1,2026-01-26,,2026-01-27,2026-01-26 23:32:42,,2026-01-27 11:49:42,12824.55,,737,false,true,false,false,false
PED-000503,57,,2,1,2026-01-26,,2026-01-26,2026-01-26 05:48:00,,2026-01-26 19:29:00,2750.74,,821,false,true,false,false,false
PED-000523,3,,3,2,2026-01-26,,,2026-01-26 14:40:52,,,31433.18,,,false,false,true,false,false
PED-000529,158,,2,1,2026-01-27,,2026-01-27,2026-01-27 01:32:13,,2026-01-27 10:06:13,22444.43,,514,false,true,false,false,false
PED-000531,165,,4,2,2026-01-27,,,2026-01-27 10:16:14,,,3602.41,,,false,false,true,false,false
PED-000533,38,,2,1,2026-01-27,,2026-01-28,2026-01-27 18:16:42,,2026-01-28 06:24:42,1550.50,,728,false,true,false,false,false
PED-000534,136,,1,1,2026-01-27,,2026-01-27,2026-01-27 00:29:47,,2026-01-27 18:47:47,3906.32,,1098,false,true,false,false,false
PED-000536,188,,3,1,2026-01-27,,2026-01-27,2026-01-27 07:05:38,,2026-01-27 23:11:38,6022.60,,966,false,true,false,false,false
PED-000537,158,,2,1,2026-01-27,,2026-01-27,2026-01-27 11:18:41,,2026-01-27 22:49:41,7212.07,,691,false,true,false,false,false
PED-000542,172,,4,1,2026-01-27,,2026-01-28,2026-01-27 22:57:54,,2026-01-28 04:26:54,5521.85,,329,false,true,false,false,false
PED-000544,144,,4,1,2026-01-27,,2026-01-28,2026-01-27 23:14:28,,2026-01-28 10:57:28,61883.12,,703,false,true,false,false,false
PED-000553,37,,3,1,2026-01-27,,2026-01-27,2026-01-27 21:19:07,,2026-01-27 22:43:07,15979.08,,84,false,true,false,false,false
PED-000555,78,,1,1,2026-01-27,,2026-01-27,2026-01-27 14:21:17,,2026-01-27 14:41:17,4733.32,,20,false,true,false,false,false
PED-000556,154,,1,1,2026-01-27,,2026-01-27,2026-01-27 01:05:23,,2026-01-27 12:02:23,3947.45,,657,false,true,false,false,false
PED-000558,18,,2,1,2026-01-28,,2026-01-28,2026-01-28 11:16:18,,2026-01-28 18:53:18,12940.93,,457,false,true,false,false,false
PED-000564,84,,4,1,2026-01-28,,2026-01-28,2026-01-28 18:34:07,,2026-01-28 22:03:07,1692.20,,209,false,true,false,false,false
PED-000568,12,,2,1,2026-01-28,,2026-01-28,2026-01-28 12:51:19,,2026-01-28 20:06:19,6672.02,,435,false,true,false,false,false
PED-000570,123,,2,1,2026-01-28,,2026-01-30,2026-01-28 20:17:08,,2026-01-30 15:39:08,2393.01,,2602,false,true,false,false,false
PED-000575,67,,4,1,2026-01-28,,2026-01-29,2026-01-28 15:51:32,,2026-01-29 16:45:32,2793.86,,1494,false,true,false,false,false
PED-000576,152,,3,1,2026-01-28,,2026-01-28,2026-01-28 04:24:41,,2026-01-28 14:10:41,5123.94,,586,false,true,false,false,false
PED-000588,113,,4,1,2026-01-29,,2026-01-29,2026-01-29 02:24:36,,2026-01-29 10:40:36,3825.99,,496,false,true,false,false,false
PED-000590,134,,4,1,2026-01-29,,2026-01-29,2026-01-29 10:52:12,,2026-01-29 17:21:12,9198.27,,389,false,true,false,false,false
PED-000593,109,,2,1,2026-01-29,,2026-01-29,2026-01-29 08:49:19,,2026-01-29 23:59:19,1177.63,,910,false,true,false,false,false
PED-000601,84,,1,1,2026-01-29,,2026-01-30,2026-01-29 19:35:08,,2026-01-30 20:15:08,3507.61,,1480,false,true,false,false,false
PED-000602,195,,2,1,2026-01-29,,2026-01-30,2026-01-29 06:49:21,,2026-01-30 01:03:21,1103.63,,1094,false,true,false,false,false
PED-000605,107,,2,1,2026-01-29,,2026-01-29,2026-01-29 05:38:37,,2026-01-29 11:53:37,3356.10,,375,false,true,false,false,false
PED-000606,164,,4,1,2026-01-30,,2026-01-30,2026-01-30 16:37:19,,2026-01-30 19:00:19,11648.42,,143,false,true,false,false,false
PED-000611,39,,4,1,2026-01-30,,2026-01-30,2026-01-30 19:40:36,,2026-01-30 21:36:36,3592.01,,116,false,true,false,false,false
PED-000613,14,,4,1,2026-01-30,,2026-01-30,2026-01-30 02:41:03,,2026-01-30 06:10:03,1838.49,,209,false,true,false,false,false
PED-000620,37,,1,1,2026-01-30,,2026-01-30,2026-01-30 03:10:04,,2026-01-30 04:30:04,1277.94,,80,false,true,false,false,false
PED-000626,89,,1,1,2026-01-30,,2026-01-31,2026-01-30 21:29:12,,2026-01-31 07:29:12,4740.58,,600,false,true,false,false,false
PED-000627,52,,2,1,2026-01-30,,2026-01-31,2026-01-30 12:33:21,,2026-01-31 10:17:21,5030.96,,1304,false,true,false,false,false
PED-000628,134,,4,1,2026-01-30,,2026-01-31,2026-01-30 04:20:28,,2026-01-31 06:58:28,2330.91,,1598,false,true,false,false,false
PED-000629,59,,3,1,2026-01-30,,2026-01-30,2026-01-30 04:26:11,,2026-01-30 11:31:11,3961.89,,425,false,true,false,false,false
PED-000636,20,,1,1,2026-01-31,,2026-01-31,2026-01-31 16:12:28,,2026-01-31 19:28:28,23168.45,,196,false,true,false,false,false
PED-000641,101,,3,1,2026-01-31,,2026-01-31,2026-01-31 02:59:49,,2026-01-31 11:59:49,2066.54,,540,false,true,false,false,false
PED-000646,142,,3,1,2026-01-31,,2026-01-31,2026-01-31 04:48:30,,2026-01-31 12:29:30,3188.08,,461,false,true,false,false,false
PED-000647,123,,3,1,2026-01-31,,2026-01-31,2026-01-31 08:17:46,,2026-01-31 21:26:46,5271.50,,789,false,true,false,false,false
PED-000648,26,,4,1,2026-01-31,,2026-02-01,2026-01-31 18:31:47,,2026-02-01 19:48:47,1048.77,,1517,false,true,false,false,false
PED-000657,102,,1,1,2026-02-01,,2026-02-01,2026-02-01 11:04:15,,2026-02-01 11:24:15,4426.75,,20,false,true,false,false,false
PED-000659,15,,2,2,2026-02-01,,,2026-02-01 16:13:18,,,1482.55,,,false,false,true,false,false
PED-000660,192,,3,1,2026-02-01,,2026-02-03,2026-02-01 13:54:42,,2026-02-03 03:30:42,6462.27,,2256,false,true,false,false,false
PED-000661,103,,2,1,2026-02-01,,2026-02-02,2026-02-01 16:57:23,,2026-02-02 15:26:23,12776.55,,1349,false,true,false,false,false
PED-000662,200,,4,1,2026-02-01,,2026-02-01,2026-02-01 12:10:10,,2026-02-01 20:04:10,2510.97,,474,false,true,false,false,false
PED-000668,105,,1,1,2026-02-01,,2026-02-01,2026-02-01 00:36:59,,2026-02-01 00:39:59,4360.02,,3,false,true,false,false,false
PED-000669,124,,3,1,2026-02-01,,2026-02-01,2026-02-01 10:40:01,,2026-02-01 17:00:01,7552.77,,380,false,true,false,false,false
PED-000673,25,,4,1,2026-02-01,,2026-02-01,2026-02-01 00:25:44,,2026-02-01 07:09:44,2290.05,,404,false,true,false,false,false
PED-000674,154,,3,1,2026-02-01,,2026-02-02,2026-02-01 23:48:49,,2026-02-02 04:01:49,5965.87,,253,false,true,false,false,false
PED-000675,14,,4,1,2026-02-01,,2026-02-02,2026-02-01 23:59:43,,2026-02-02 11:26:43,3327.30,,687,false,true,false,false,false
PED-000676,191,,2,1,2026-02-01,,2026-02-02,2026-02-01 20:36:36,,2026-02-02 04:08:36,1028.98,,452,false,true,false,false,false
PED-000682,32,,1,1,2026-02-02,,2026-02-02,2026-02-02 08:00:23,,2026-02-02 08:08:23,2714.74,,8,false,true,false,false,false
PED-000683,55,,4,1,2026-02-02,,2026-02-02,2026-02-02 14:19:47,,2026-02-02 16:13:47,2565.42,,114,false,true,false,false,false
PED-000687,6,,2,1,2026-02-02,,2026-02-03,2026-02-02 06:52:34,,2026-02-03 00:50:34,7516.14,,1078,false,true,false,false,false
PED-000692,85,,2,2,2026-02-02,,,2026-02-02 17:31:18,,,3284.34,,,false,false,true,false,false
PED-000693,31,,2,2,2026-02-02,,,2026-02-02 20:45:39,,,2873.44,,,false,false,true,false,false
PED-000701,17,,2,1,2026-02-03,,2026-02-03,2026-02-03 17:36:23,,2026-02-03 19:58:23,6838.67,,142,false,true,false,false,false
PED-000710,16,,4,1,2026-02-03,,2026-02-04,2026-02-03 14:10:02,,2026-02-04 07:03:02,6197.65,,1013,false,true,false,false,false
PED-000711,135,,1,1,2026-02-03,,2026-02-04,2026-02-03 16:11:20,,2026-02-04 11:49:20,4732.80,,1178,false,true,false,false,false
PED-000712,177,,2,1,2026-02-03,,2026-02-03,2026-02-03 04:25:26,,2026-02-03 09:57:26,22570.29,,332,false,true,false,false,false
PED-000720,8,,2,1,2026-02-03,,2026-02-03,2026-02-03 10:24:57,,2026-02-03 12:45:57,1815.43,,141,false,true,false,false,false
PED-000721,63,,4,1,2026-02-03,,2026-02-03,2026-02-03 18:01:09,,2026-02-03 19:33:09,2058.81,,92,false,true,false,false,false
PED-000722,25,,2,1,2026-02-03,,2026-02-03,2026-02-03 16:20:41,,2026-02-03 18:41:41,15041.18,,141,false,true,false,false,false
PED-000736,185,,4,2,2026-02-04,,,2026-02-04 19:33:08,,,2850.06,,,false,false,true,false,false
PED-000737,187,,4,1,2026-02-04,,2026-02-05,2026-02-04 21:58:59,,2026-02-05 04:52:59,4731.16,,414,false,true,false,false,false
PED-000743,37,,2,1,2026-02-04,,2026-02-04,2026-02-04 05:35:46,,2026-02-04 08:30:46,1833.80,,175,false,true,false,false,false
PED-000760,163,,1,1,2026-02-05,,2026-02-05,2026-02-05 01:33:24,,2026-02-05 07:37:24,7376.53,,364,false,true,false,false,false
PED-000761,78,,2,1,2026-02-05,,2026-02-06,2026-02-05 23:45:30,,2026-02-06 01:07:30,8009.70,,82,false,true,false,false,false
PED-000762,69,,2,1,2026-02-05,,2026-02-05,2026-02-05 04:33:40,,2026-02-05 08:59:40,29122.83,,266,false,true,false,false,false
PED-000764,145,,4,1,2026-02-05,,2026-02-05,2026-02-05 21:03:17,,2026-02-05 21:25:17,8287.97,,22,false,true,false,false,false
PED-000765,120,,3,1,2026-02-05,,2026-02-05,2026-02-05 05:52:59,,2026-02-05 18:48:59,2900.88,,776,false,true,false,false,false
PED-000770,94,,2,1,2026-02-06,,2026-02-07,2026-02-06 01:26:08,,2026-02-07 11:26:08,2753.50,,2040,false,true,false,false,false
PED-000772,184,,2,1,2026-02-06,,2026-02-06,2026-02-06 04:51:31,,2026-02-06 16:36:31,5356.82,,705,false,true,false,false,false
PED-000778,119,,2,1,2026-02-06,,2026-02-06,2026-02-06 17:31:52,,2026-02-06 18:21:52,4512.65,,50,false,true,false,false,false
PED-000779,105,,4,1,2026-02-06,,2026-02-06,2026-02-06 18:45:15,,2026-02-06 20:32:15,14431.02,,107,false,true,false,false,false
PED-000788,112,,4,1,2026-02-07,,2026-02-08,2026-02-07 00:32:33,,2026-02-08 01:42:33,5615.92,,1510,false,true,false,false,false
PED-000791,24,,3,1,2026-02-07,,2026-02-07,2026-02-07 01:59:45,,2026-02-07 03:42:45,12961.40,,103,false,true,false,false,false
PED-000793,88,,2,2,2026-02-07,,,2026-02-07 15:28:17,,,7202.73,,,false,false,true,false,false
PED-000795,125,,4,1,2026-02-08,,2026-02-09,2026-02-08 17:07:08,,2026-02-09 00:09:08,2442.86,,422,false,true,false,false,false
PED-000796,167,,3,1,2026-02-08,,2026-02-08,2026-02-08 07:44:09,,2026-02-08 18:04:09,463.24,,620,false,true,false,false,false
PED-000799,26,,2,1,2026-02-08,,2026-02-09,2026-02-08 12:01:52,,2026-02-09 09:34:52,6894.41,,1293,false,true,false,false,false
PED-000800,150,,2,1,2026-02-08,,2026-02-09,2026-02-08 07:08:59,,2026-02-09 05:57:59,1981.50,,1369,false,true,false,false,false
PED-000809,39,,2,1,2026-02-08,,2026-02-08,2026-02-08 08:33:42,,2026-02-08 16:52:42,3491.51,,499,false,true,false,false,false
PED-000815,99,,3,1,2026-02-08,,2026-02-08,2026-02-08 03:22:00,,2026-02-08 13:28:00,4924.28,,606,false,true,false,false,false
PED-000816,77,,1,1,2026-02-08,,2026-02-08,2026-02-08 09:52:43,,2026-02-08 19:19:43,16628.45,,567,false,true,false,false,false
PED-000826,117,,2,1,2026-02-09,,2026-02-10,2026-02-09 17:00:32,,2026-02-10 01:04:32,11305.90,,484,false,true,false,false,false
PED-000827,134,,2,1,2026-02-09,,2026-02-09,2026-02-09 03:03:25,,2026-02-09 12:05:25,6963.56,,542,false,true,false,false,false
PED-000829,129,,2,1,2026-02-09,,2026-02-10,2026-02-09 09:58:13,,2026-02-10 09:00:13,6649.26,,1382,false,true,false,false,false
PED-000830,191,,2,1,2026-02-09,,2026-02-09,2026-02-09 10:15:12,,2026-02-09 20:37:12,9994.10,,622,false,true,false,false,false
PED-000836,71,,2,1,2026-02-10,,2026-02-10,2026-02-10 12:08:49,,2026-02-10 17:30:49,2007.56,,322,false,true,false,false,false
PED-000837,155,,2,1,2026-02-10,,2026-02-10,2026-02-10 02:37:51,,2026-02-10 05:07:51,2467.52,,150,false,true,false,false,false
PED-000841,19,,1,1,2026-02-10,,2026-02-10,2026-02-10 06:23:20,,2026-02-10 12:07:20,1938.61,,344,false,true,false,false,false
PED-000842,26,,1,1,2026-02-10,,2026-02-10,2026-02-10 01:46:27,,2026-02-10 17:34:27,9731.60,,948,false,true,false,false,false
PED-000845,138,,2,1,2026-02-11,,2026-02-11,2026-02-11 15:22:58,,2026-02-11 16:18:58,10058.26,,56,false,true,false,false,false
PED-000849,177,,2,1,2026-02-11,,2026-02-11,2026-02-11 18:35:12,,2026-02-11 20:31:12,5562.83,,116,false,true,false,false,false
PED-000850,133,,2,1,2026-02-11,,2026-02-12,2026-02-11 21:59:31,,2026-02-12 02:31:31,2995.86,,272,false,true,false,false,false
PED-000856,169,,4,1,2026-02-11,,2026-02-14,2026-02-11 11:24:59,,2026-02-14 04:49:59,9493.33,,3925,false,true,false,false,false
PED-000863,197,,4,1,2026-02-11,,2026-02-11,2026-02-11 02:34:36,,2026-02-11 11:09:36,1162.06,,515,false,true,false,false,false
PED-000864,77,,2,1,2026-02-11,,2026-02-12,2026-02-11 13:03:26,,2026-02-12 03:25:26,2245.51,,862,false,true,false,false,false
PED-000866,2,,4,1,2026-02-11,,2026-02-11,2026-02-11 13:47:36,,2026-02-11 15:22:36,4332.64,,95,false,true,false,false,false
PED-000880,110,,2,1,2026-02-12,,2026-02-12,2026-02-12 06:02:47,,2026-02-12 20:13:47,2918.21,,851,false,true,false,false,false
PED-000881,59,,2,1,2026-02-12,,2026-02-12,2026-02-12 00:08:28,,2026-02-12 00:57:28,7351.64,,49,false,true,false,false,false
PED-000882,165,,2,1,2026-02-12,,2026-02-12,2026-02-12 08:18:13,,2026-02-12 08:51:13,1649.78,,33,false,true,false,false,false
PED-000888,144,,4,1,2026-02-12,,2026-02-13,2026-02-12 05:42:51,,2026-02-13 01:03:51,5384.39,,1161,false,true,false,false,false
PED-000890,8,,2,1,2026-02-12,,2026-02-12,2026-02-12 05:32:31,,2026-02-12 07:52:31,4480.80,,140,false,true,false,false,false
PED-000895,93,,3,1,2026-02-13,,2026-02-13,2026-02-13 04:23:56,,2026-02-13 07:05:56,2295.32,,162,false,true,false,false,false
PED-000896,163,,1,1,2026-02-13,,2026-02-15,2026-02-13 23:18:47,,2026-02-15 02:23:47,9891.35,,1625,false,true,false,false,false
PED-000898,80,,2,1,2026-02-13,,2026-02-14,2026-02-13 13:42:22,,2026-02-14 04:59:22,12110.51,,917,false,true,false,false,false
PED-000905,21,,1,1,2026-02-14,,2026-02-14,2026-02-14 16:58:24,,2026-02-14 17:18:24,49676.63,,20,false,true,false,false,false
PED-000907,121,,2,1,2026-02-14,,2026-02-14,2026-02-14 11:17:04,,2026-02-14 20:59:04,5859.12,,582,false,true,false,false,false
PED-000910,57,,2,1,2026-02-14,,2026-02-15,2026-02-14 23:35:09,,2026-02-15 15:15:09,7852.98,,940,false,true,false,false,false
PED-000916,59,,4,1,2026-02-14,,2026-02-14,2026-02-14 05:49:09,,2026-02-14 11:17:09,4673.47,,328,false,true,false,false,false
PED-000917,113,,2,1,2026-02-14,,2026-02-14,2026-02-14 07:27:45,,2026-02-14 10:34:45,16937.30,,187,false,true,false,false,false
PED-000925,134,,4,1,2026-02-15,,2026-02-15,2026-02-15 00:19:12,,2026-02-15 03:45:12,7568.57,,206,false,true,false,false,false
PED-000929,100,,4,1,2026-02-15,,2026-02-15,2026-02-15 03:27:33,,2026-02-15 08:01:33,16191.85,,274,false,true,false,false,false
PED-000932,27,,3,1,2026-02-15,,2026-02-15,2026-02-15 17:35:00,,2026-02-15 18:14:00,9939.44,,39,false,true,false,false,false
PED-000936,101,,2,1,2026-02-16,,2026-02-16,2026-02-16 10:26:25,,2026-02-16 11:33:25,9367.19,,67,false,true,false,false,false
PED-000944,168,,2,2,2026-02-16,,,2026-02-16 06:28:47,,,1390.72,,,false,false,true,false,false
PED-000946,153,,2,1,2026-02-16,,2026-02-16,2026-02-16 01:46:17,,2026-02-16 01:46:17,4696.15,,0,false,true,false,false,false
PED-000951,184,,1,1,2026-02-16,,2026-02-16,2026-02-16 17:36:07,,2026-02-16 22:56:07,8028.22,,320,false,true,false,false,false
PED-000957,53,,4,1,2026-02-17,,2026-02-17,2026-02-17 03:07:06,,2026-02-17 08:08:06,1465.17,,301,false,true,false,false,false
PED-000960,7,,1,1,2026-02-17,,2026-02-18,2026-02-17 22:11:10,,2026-02-18 05:24:10,5652.87,,433,false,true,false,false,false
PED-000963,63,,4,1,2026-02-17,,2026-02-17,2026-02-17 03:43:14,,2026-02-17 16:28:14,1333.66,,765,false,true,false,false,false
PED-000971,54,,2,1,2026-02-17,,2026-02-18,2026-02-17 16:42:32,,2026-02-18 09:48:32,10967.68,,1026,false,true,false,false,false
PED-000972,101,,3,1,2026-02-17,,2026-02-18,2026-02-17 18:43:42,,2026-02-18 03:15:42,752.84,,512,false,true,false,false,false
PED-000979,86,,2,1,2026-02-18,,2026-02-19,2026-02-18 06:21:49,,2026-02-19 20:11:49,3487.57,,2270,false,true,false,false,false
PED-000981,99,,4,1,2026-02-18,,2026-02-19,2026-02-18 12:03:24,,2026-02-19 05:31:24,4028.72,,1048,false,true,false,false,false
PED-000985,57,,2,1,2026-02-18,,2026-02-18,2026-02-18 20:14:20,,2026-02-18 22:43:20,3790.69,,149,false,true,false,false,false
PED-000988,27,,4,1,2026-02-18,,2026-02-18,2026-02-18 04:44:51,,2026-02-18 10:28:51,4268.92,,344,false,true,false,false,false
PED-000992,69,,4,1,2026-02-19,,2026-02-19,2026-02-19 02:50:02,,2026-02-19 03:55:02,7550.79,,65,false,true,false,false,false
PED-000995,116,,4,1,2026-02-19,,2026-02-19,2026-02-19 05:52:31,,2026-02-19 20:29:31,8160.49,,877,false,true,false,false,false
PED-000998,103,,1,1,2026-02-19,,2026-02-20,2026-02-19 19:24:33,,2026-02-20 11:10:33,2968.12,,946,false,true,false,false,false
PED-001001,85,,2,1,2026-02-19,,2026-02-19,2026-02-19 06:14:39,,2026-02-19 09:10:39,28384.09,,176,false,true,false,false,false
PED-001004,95,,2,1,2026-02-20,,2026-02-20,2026-02-20 06:04:04,,2026-02-20 14:27:04,941.87,,503,false,true,false,false,false
PED-001011,170,,2,1,2026-02-20,,2026-02-20,2026-02-20 01:41:44,,2026-02-20 03:06:44,9461.08,,85,false,true,false,false,false
PED-001020,45,,2,1,2026-02-21,,2026-02-21,2026-02-21 02:38:07,,2026-02-21 08:52:07,5715.21,,374,false,true,false,false,false
PED-001029,162,,4,1,2026-02-21,,2026-02-21,2026-02-21 18:57:37,,2026-02-21 23:40:37,15153.68,,283,false,true,false,false,false
PED-001031,8,,4,1,2026-02-21,,2026-02-22,2026-02-21 15:34:13,,2026-02-22 07:09:13,7130.42,,935,false,true,false,false,false
PED-001032,165,,2,1,2026-02-21,,2026-02-21,2026-02-21 00:56:36,,2026-02-21 19:06:36,2220.14,,1090,false,true,false,false,false
PED-001034,56,,2,1,2026-02-21,,2026-02-21,2026-02-21 00:36:23,,2026-02-21 21:08:23,595.14,,1232,false,true,false,false,false
PED-001036,122,,2,1,2026-02-22,,2026-02-22,2026-02-22 14:00:38,,2026-02-22 18:10:38,9058.53,,250,false,true,false,false,false
PED-001037,127,,4,1,2026-02-22,,2026-02-22,2026-02-22 01:54:39,,2026-02-22 13:55:39,22453.37,,721,false,true,false,false,false
PED-001039,78,,2,1,2026-02-22,,2026-02-22,2026-02-22 00:41:46,,2026-02-22 15:58:46,4233.62,,917,false,true,false,false,false
PED-001040,162,,4,1,2026-02-22,,2026-02-22,2026-02-22 15:58:05,,2026-02-22 16:19:05,15296.53,,21,false,true,false,false,false
PED-001041,196,,2,1,2026-02-22,,2026-02-22,2026-02-22 14:41:53,,2026-02-22 18:37:53,1606.46,,236,false,true,false,false,false
PED-001044,88,,2,1,2026-02-22,,2026-02-22,2026-02-22 11:31:43,,2026-02-22 18:57:43,2745.41,,446,false,true,false,false,false
PED-001045,49,,2,1,2026-02-22,,2026-02-24,2026-02-22 21:32:12,,2026-02-24 01:13:12,14663.27,,1661,false,true,false,false,false
PED-001049,101,,4,1,2026-02-22,,2026-02-22,2026-02-22 02:02:38,,2026-02-22 21:41:38,2889.68,,1179,false,true,false,false,false
PED-001055,115,,4,1,2026-02-23,,2026-02-24,2026-02-23 18:26:20,,2026-02-24 04:01:20,4048.06,,575,false,true,false,false,false
PED-001057,12,,4,1,2026-02-23,,2026-02-23,2026-02-23 06:16:06,,2026-02-23 13:14:06,2165.02,,418,false,true,false,false,false
PED-001067,96,,1,1,2026-02-23,,2026-02-23,2026-02-23 01:43:43,,2026-02-23 07:49:43,24504.57,,366,false,true,false,false,false
PED-001068,150,,4,1,2026-02-23,,2026-02-23,2026-02-23 10:28:32,,2026-02-23 21:32:32,2439.73,,664,false,true,false,false,false
PED-001073,120,,2,1,2026-02-23,,2026-02-23,2026-02-23 06:59:14,,2026-02-23 20:18:14,3875.37,,799,false,true,false,false,false
PED-001075,58,,4,1,2026-02-24,,2026-02-24,2026-02-24 06:22:16,,2026-02-24 23:15:16,1006.36,,1013,false,true,false,false,false
PED-001078,6,,1,1,2026-02-24,,2026-02-25,2026-02-24 19:44:10,,2026-02-25 18:02:10,8990.39,,1338,false,true,false,false,false
PED-001079,194,,3,1,2026-02-24,,2026-02-24,2026-02-24 15:01:45,,2026-02-24 17:03:45,3459.28,,122,false,true,false,false,false
PED-001081,182,,4,1,2026-02-24,,2026-02-24,2026-02-24 18:18:59,,2026-02-24 20:18:59,1988.24,,120,false,true,false,false,false
PED-001082,79,,3,1,2026-02-24,,2026-02-26,2026-02-24 12:39:14,,2026-02-26 09:10:14,827.72,,2671,false,true,false,false,false
PED-001094,159,,2,1,2026-02-25,,2026-02-25,2026-02-25 09:26:25,,2026-02-25 18:45:25,5091.38,,559,false,true,false,false,false
PED-001103,143,,1,1,2026-02-25,,2026-02-25,2026-02-25 08:04:47,,2026-02-25 23:14:47,18032.11,,910,false,true,false,false,false
PED-001105,116,,1,1,2026-02-25,,2026-02-26,2026-02-25 20:08:06,,2026-02-26 01:28:06,28920.42,,320,false,true,false,false,false
PED-001120,182,,1,1,2026-02-26,,2026-02-26,2026-02-26 09:27:39,,2026-02-26 12:23:39,12521.84,,176,false,true,false,false,false
PED-001123,79,,4,1,2026-02-26,,2026-02-26,2026-02-26 01:57:28,,2026-02-26 09:00:28,14991.58,,423,false,true,false,false,false
PED-001124,18,,2,1,2026-02-26,,2026-02-26,2026-02-26 01:12:02,,2026-02-26 10:39:02,4342.90,,567,false,true,false,false,false
PED-001137,183,,3,1,2026-02-26,,2026-02-26,2026-02-26 10:32:30,,2026-02-26 19:13:30,12259.99,,521,false,true,false,false,false
PED-001143,116,,4,1,2026-02-27,,2026-02-28,2026-02-27 17:57:28,,2026-02-28 01:39:28,11230.73,,462,false,true,false,false,false
PED-001144,20,,4,1,2026-02-27,,2026-02-27,2026-02-27 17:27:01,,2026-02-27 20:03:01,6924.64,,156,false,true,false,false,false
PED-001148,45,,3,1,2026-02-27,,2026-02-27,2026-02-27 02:20:41,,2026-02-27 05:11:41,5247.46,,171,false,true,false,false,false
PED-001154,85,,3,1,2026-02-27,,2026-02-27,2026-02-27 08:31:46,,2026-02-27 12:47:46,5136.08,,256,false,true,false,false,false
PED-001158,107,,1,1,2026-02-27,,2026-02-28,2026-02-27 23:36:52,,2026-02-28 10:17:52,1780.76,,641,false,true,false,false,false
PED-001161,34,,2,1,2026-02-27,,2026-02-28,2026-02-27 22:27:15,,2026-02-28 09:13:15,1624.65,,646,false,true,false,false,false
PED-001166,60,,2,1,2026-02-27,,2026-02-28,2026-02-27 00:34:32,,2026-02-28 00:11:32,2233.88,,1417,false,true,false,false,false
PED-001167,25,,2,1,2026-02-28,,2026-02-28,2026-02-28 02:58:42,,2026-02-28 03:56:42,3901.54,,58,false,true,false,false,false
PED-001171,124,,2,1,2026-02-28,,2026-03-01,2026-02-28 17:45:27,,2026-03-01 15:39:27,61329.50,,1314,false,true,false,false,false
PED-001174,14,,2,1,2026-02-28,,2026-02-28,2026-02-28 03:21:19,,2026-02-28 09:07:19,5886.16,,346,false,true,false,false,false
PED-001175,134,,2,1,2026-02-28,,2026-02-28,2026-02-28 02:23:02,,2026-02-28 04:55:02,4230.44,,152,false,true,false,false,false
PED-001177,84,,2,1,2026-02-28,,2026-03-01,2026-02-28 23:41:08,,2026-03-01 00:12:08,2263.34,,31,false,true,false,false,false
PED-001178,168,,4,1,2026-02-28,,2026-02-28,2026-02-28 09:08:19,,2026-02-28 11:59:19,13098.11,,171,false,true,false,false,false
PED-001179,24,,2,1,2026-02-28,,2026-02-28,2026-02-28 08:39:50,,2026-02-28 14:45:50,600.00,,366,false,true,false,false,false
PED-001182,9,,2,1,2026-02-28,,2026-03-01,2026-02-28 23:26:32,,2026-03-01 00:54:32,5619.86,,88,false,true,false,false,false
PED-001184,188,,2,1,2026-02-28,,2026-02-28,2026-02-28 16:41:27,,2026-02-28 23:06:27,580.33,,385,false,true,false,false,false
PED-001186,106,,2,1,2026-02-28,,2026-03-01,2026-02-28 01:15:32,,2026-03-01 00:32:32,1481.92,,1397,false,true,false,false,false
PED-001194,88,,2,1,2026-03-01,,2026-03-02,2026-03-01 20:28:15,,2026-03-02 05:32:15,20604.23,,544,false,true,false,false,false
PED-001198,70,,4,1,2026-03-02,,2026-03-02,2026-03-02 06:57:18,,2026-03-02 12:19:18,2974.00,,322,false,true,false,false,false
PED-001199,57,,4,1,2026-03-02,,2026-03-02,2026-03-02 16:15:56,,2026-03-02 21:23:56,4816.57,,308,false,true,false,false,false
PED-001203,170,,4,1,2026-03-02,,2026-03-03,2026-03-02 22:00:51,,2026-03-03 01:53:51,1294.72,,233,false,true,false,false,false
PED-001204,36,,2,1,2026-03-02,,2026-03-03,2026-03-02 20:30:23,,2026-03-03 04:29:23,4228.12,,479,false,true,false,false,false
PED-001209,42,,1,1,2026-03-02,,2026-03-02,2026-03-02 14:36:03,,2026-03-02 15:25:03,6097.86,,49,false,true,false,false,false
PED-001211,144,,1,1,2026-03-02,,2026-03-02,2026-03-02 06:08:13,,2026-03-02 15:50:13,1240.85,,582,false,true,false,false,false
PED-001220,62,,2,1,2026-03-03,,2026-03-04,2026-03-03 20:41:09,,2026-03-04 02:37:09,12435.02,,356,false,true,false,false,false
PED-001221,191,,2,1,2026-03-03,,2026-03-03,2026-03-03 12:00:36,,2026-03-03 19:24:36,15925.18,,444,false,true,false,false,false
PED-001228,123,,3,1,2026-03-03,,2026-03-04,2026-03-03 16:39:33,,2026-03-04 12:06:33,2084.39,,1167,false,true,false,false,false
PED-001229,72,,2,1,2026-03-03,,2026-03-03,2026-03-03 09:01:51,,2026-03-03 10:40:51,8092.22,,99,false,true,false,false,false
PED-001232,180,,1,1,2026-03-03,,2026-03-03,2026-03-03 16:22:02,,2026-03-03 20:54:02,34036.79,,272,false,true,false,false,false
PED-001239,126,,2,1,2026-03-04,,2026-03-05,2026-03-04 13:50:52,,2026-03-05 07:27:52,4140.74,,1057,false,true,false,false,false
PED-001240,49,,4,1,2026-03-04,,2026-03-04,2026-03-04 10:32:35,,2026-03-04 21:37:35,6335.12,,665,false,true,false,false,false
PED-001242,86,,4,1,2026-03-04,,2026-03-04,2026-03-04 18:37:56,,2026-03-04 21:50:56,11229.11,,193,false,true,false,false,false
PED-001243,83,,1,1,2026-03-04,,2026-03-04,2026-03-04 00:34:56,,2026-03-04 01:31:56,8363.05,,57,false,true,false,false,false
PED-001246,130,,2,1,2026-03-04,,2026-03-04,2026-03-04 02:20:58,,2026-03-04 06:59:58,10790.16,,279,false,true,false,false,false
PED-001253,121,,2,1,2026-03-04,,2026-03-04,2026-03-04 08:41:19,,2026-03-04 12:50:19,5464.63,,249,false,true,false,false,false
PED-001255,116,,1,1,2026-03-04,,2026-03-05,2026-03-04 22:40:05,,2026-03-05 04:10:05,23445.24,,330,false,true,false,false,false
PED-001265,134,,3,1,2026-03-05,,2026-03-05,2026-03-05 04:32:39,,2026-03-05 20:26:39,1497.99,,954,false,true,false,false,false
PED-001269,171,,4,1,2026-03-05,,2026-03-06,2026-03-05 17:29:17,,2026-03-06 01:12:17,9618.95,,463,false,true,false,false,false
PED-001274,11,,2,1,2026-03-05,,2026-03-05,2026-03-05 00:53:32,,2026-03-05 04:48:32,5454.69,,235,false,true,false,false,false
PED-001278,75,,2,1,2026-03-05,,2026-03-05,2026-03-05 15:52:37,,2026-03-05 18:28:37,45804.64,,156,false,true,false,false,false
PED-001292,128,,4,1,2026-03-06,,2026-03-06,2026-03-06 06:06:50,,2026-03-06 21:01:50,1613.21,,895,false,true,false,false,false
PED-001296,101,,2,1,2026-03-06,,2026-03-07,2026-03-06 10:20:36,,2026-03-07 00:32:36,1061.94,,852,false,true,false,false,false
PED-001297,166,,2,1,2026-03-06,,2026-03-08,2026-03-06 23:26:10,,2026-03-08 11:41:10,1787.80,,2175,false,true,false,false,false
PED-001301,6,,3,1,2026-03-06,,2026-03-06,2026-03-06 05:01:48,,2026-03-06 09:46:48,6143.88,,285,false,true,false,false,false
PED-001304,189,,2,2,2026-03-06,,,2026-03-06 23:40:39,,,5813.48,,,false,false,true,false,false
PED-001311,112,,2,1,2026-03-07,,2026-03-07,2026-03-07 01:11:45,,2026-03-07 03:33:45,3866.38,,142,false,true,false,false,false
PED-001315,194,,2,1,2026-03-07,,2026-03-08,2026-03-07 17:40:11,,2026-03-08 02:15:11,4319.15,,515,false,true,false,false,false
PED-001317,148,,2,1,2026-03-07,,2026-03-07,2026-03-07 00:27:09,,2026-03-07 02:30:09,36833.16,,123,false,true,false,false,false
PED-001322,139,,1,1,2026-03-08,,2026-03-09,2026-03-08 19:52:09,,2026-03-09 01:34:09,4858.67,,342,false,true,false,false,false
PED-001329,115,,4,1,2026-03-08,,2026-03-09,2026-03-08 18:14:17,,2026-03-09 22:02:17,2450.47,,1668,false,true,false,false,false
PED-001334,129,,2,2,2026-03-08,,,2026-03-08 00:18:58,,,9805.55,,,false,false,true,false,false
PED-001339,174,,2,1,2026-03-08,,2026-03-08,2026-03-08 07:24:14,,2026-03-08 10:24:14,5048.02,,180,false,true,false,false,false
PED-001343,71,,1,1,2026-03-08,,2026-03-08,2026-03-08 04:12:07,,2026-03-08 10:23:07,5140.06,,371,false,true,false,false,false
PED-001346,107,,2,1,2026-03-09,,2026-03-09,2026-03-09 00:30:04,,2026-03-09 10:10:04,45609.73,,580,false,true,false,false,false
PED-001349,145,,2,1,2026-03-09,,2026-03-09,2026-03-09 12:28:16,,2026-03-09 14:51:16,3180.43,,143,false,true,false,false,false
PED-001355,178,,3,1,2026-03-09,,2026-03-10,2026-03-09 19:16:14,,2026-03-10 05:42:14,8431.19,,626,false,true,false,false,false
PED-001359,173,,1,1,2026-03-09,,2026-03-09,2026-03-09 12:32:15,,2026-03-09 13:42:15,3131.42,,70,false,true,false,false,false
PED-001360,81,,4,1,2026-03-09,,2026-03-09,2026-03-09 02:07:43,,2026-03-09 07:00:43,205.14,,293,false,true,false,false,false
PED-001361,145,,3,2,2026-03-09,,,2026-03-09 01:08:59,,,4150.83,,,false,false,true,false,false
PED-001364,120,,1,1,2026-03-09,,2026-03-09,2026-03-09 00:26:31,,2026-03-09 16:01:31,23353.24,,935,false,true,false,false,false
PED-001369,35,,4,1,2026-03-09,,2026-03-10,2026-03-09 14:28:37,,2026-03-10 05:39:37,19093.96,,911,false,true,false,false,false
PED-001378,28,,2,1,2026-03-10,,2026-03-11,2026-03-10 15:53:44,,2026-03-11 02:24:44,6329.07,,631,false,true,false,false,false
PED-001390,199,,3,1,2026-03-10,,2026-03-10,2026-03-10 06:16:11,,2026-03-10 14:41:11,7928.71,,505,false,true,false,false,false
PED-001392,178,,4,1,2026-03-10,,2026-03-10,2026-03-10 02:13:36,,2026-03-10 12:36:36,1768.32,,623,false,true,false,false,false
PED-001395,18,,4,1,2026-03-10,,2026-03-10,2026-03-10 11:21:32,,2026-03-10 15:10:32,2928.67,,229,false,true,false,false,false
PED-001396,128,,3,1,2026-03-11,,2026-03-11,2026-03-11 12:31:53,,2026-03-11 21:56:53,6986.73,,565,false,true,false,false,false
PED-001408,64,,2,1,2026-03-11,,2026-03-11,2026-03-11 18:00:25,,2026-03-11 21:26:25,2640.62,,206,false,true,false,false,false
PED-001415,197,,1,1,2026-03-11,,2026-03-12,2026-03-11 17:44:11,,2026-03-12 05:40:11,1716.92,,716,false,true,false,false,false
PED-001418,90,,2,1,2026-03-11,,2026-03-12,2026-03-11 17:53:32,,2026-03-12 00:17:32,3282.89,,384,false,true,false,false,false
PED-001419,84,,2,1,2026-03-11,,2026-03-12,2026-03-11 22:18:01,,2026-03-12 05:56:01,1162.36,,458,false,true,false,false,false
PED-001420,27,,2,1,2026-03-11,,2026-03-12,2026-03-11 16:50:40,,2026-03-12 22:14:40,5381.40,,1764,false,true,false,false,false
PED-001422,166,,3,1,2026-03-12,,2026-03-12,2026-03-12 23:30:47,,2026-03-12 23:44:47,4106.69,,14,false,true,false,false,false
PED-001428,94,,3,1,2026-03-12,,2026-03-12,2026-03-12 05:11:05,,2026-03-12 06:07:05,3239.42,,56,false,true,false,false,false
PED-001431,36,,4,1,2026-03-12,,2026-03-12,2026-03-12 01:12:48,,2026-03-12 13:50:48,7652.64,,758,false,true,false,false,false
PED-001432,81,,2,1,2026-03-12,,2026-03-14,2026-03-12 23:02:48,,2026-03-14 02:37:48,3073.61,,1655,false,true,false,false,false
PED-001441,156,,4,1,2026-03-12,,2026-03-12,2026-03-12 01:32:08,,2026-03-12 08:33:08,1981.57,,421,false,true,false,false,false
PED-001446,186,,4,1,2026-03-12,,2026-03-12,2026-03-12 11:15:17,,2026-03-12 22:18:17,4335.83,,663,false,true,false,false,false
PED-001447,48,,2,1,2026-03-12,,2026-03-13,2026-03-12 05:51:19,,2026-03-13 02:44:19,4648.82,,1253,false,true,false,false,false
PED-001451,173,,4,1,2026-03-12,,2026-03-13,2026-03-12 11:53:56,,2026-03-13 00:08:56,6192.43,,735,false,true,false,false,false
PED-001453,28,,2,1,2026-03-12,,2026-03-13,2026-03-12 13:08:15,,2026-03-13 10:38:15,10691.36,,1290,false,true,false,false,false
PED-001460,73,,3,1,2026-03-13,,2026-03-14,2026-03-13 21:58:17,,2026-03-14 01:59:17,8228.73,,241,false,true,false,false,false
PED-001465,126,,4,1,2026-03-13,,2026-03-13,2026-03-13 20:40:06,,2026-03-13 21:52:06,5883.12,,72,false,true,false,false,false
PED-001466,119,,2,1,2026-03-13,,2026-03-13,2026-03-13 03:50:31,,2026-03-13 13:48:31,4900.38,,598,false,true,false,false,false
PED-001482,145,,2,1,2026-03-13,,2026-03-14,2026-03-13 22:07:25,,2026-03-14 09:37:25,8853.86,,690,false,true,false,false,false
PED-001485,60,,1,1,2026-03-14,,2026-03-14,2026-03-14 19:00:14,,2026-03-14 20:00:14,3665.63,,60,false,true,false,false,false
PED-001488,73,,1,1,2026-03-14,,2026-03-14,2026-03-14 15:15:54,,2026-03-14 16:25:54,4493.02,,70,false,true,false,false,false
PED-001489,149,,3,1,2026-03-14,,2026-03-14,2026-03-14 20:34:06,,2026-03-14 23:05:06,7922.85,,151,false,true,false,false,false
PED-001494,45,,2,2,2026-03-14,,,2026-03-14 07:32:59,,,49842.40,,,false,false,true,false,false
PED-001495,62,,2,1,2026-03-14,,2026-03-14,2026-03-14 12:00:16,,2026-03-14 21:01:16,5525.04,,541,false,true,false,false,false
PED-001496,163,,2,1,2026-03-15,,2026-03-15,2026-03-15 13:52:32,,2026-03-15 13:53:32,1716.81,,1,false,true,false,false,false
PED-001497,98,,2,1,2026-03-15,,2026-03-15,2026-03-15 15:37:56,,2026-03-15 15:47:56,1078.54,,10,false,true,false,false,false
PED-001501,77,,4,1,2026-03-15,,2026-03-16,2026-03-15 11:01:06,,2026-03-16 10:34:06,2928.67,,1413,false,true,false,false,false
PED-001503,5,,4,1,2026-03-15,,2026-03-16,2026-03-15 19:20:39,,2026-03-16 07:04:39,1948.95,,704,false,true,false,false,false
PED-001508,43,,2,1,2026-03-15,,2026-03-15,2026-03-15 10:33:19,,2026-03-15 12:40:19,1588.79,,127,false,true,false,false,false
PED-001511,139,,2,1,2026-03-16,,2026-03-16,2026-03-16 12:03:01,,2026-03-16 22:34:01,8229.57,,631,false,true,false,false,false
PED-001512,77,,4,2,2026-03-16,,,2026-03-16 10:24:19,,,7772.43,,,false,false,true,false,false
PED-001513,6,,2,1,2026-03-16,,2026-03-17,2026-03-16 04:47:26,,2026-03-17 09:43:26,3406.42,,1736,false,true,false,false,false
PED-001516,2,,2,1,2026-03-16,,2026-03-17,2026-03-16 09:56:02,,2026-03-17 18:17:02,8931.56,,1941,false,true,false,false,false
PED-001521,34,,3,1,2026-03-16,,2026-03-17,2026-03-16 07:56:11,,2026-03-17 07:22:11,2951.25,,1406,false,true,false,false,false
PED-001522,50,,2,1,2026-03-16,,2026-03-16,2026-03-16 06:11:26,,2026-03-16 12:52:26,1542.38,,401,false,true,false,false,false
PED-001531,59,,2,1,2026-03-17,,2026-03-17,2026-03-17 02:42:17,,2026-03-17 07:28:17,6770.70,,286,false,true,false,false,false
PED-001538,122,,3,1,2026-03-17,,2026-03-18,2026-03-17 23:42:48,,2026-03-18 03:56:48,22684.36,,254,false,true,false,false,false
PED-001545,146,,2,1,2026-03-18,,2026-03-20,2026-03-18 21:08:36,,2026-03-20 00:32:36,906.46,,1644,false,true,false,false,false
PED-001549,78,,1,1,2026-03-18,,2026-03-19,2026-03-18 21:26:13,,2026-03-19 04:38:13,1463.79,,432,false,true,false,false,false
PED-001550,163,,2,1,2026-03-18,,2026-03-19,2026-03-18 22:50:49,,2026-03-19 01:33:49,10513.25,,163,false,true,false,false,false
PED-001560,176,,2,1,2026-03-18,,2026-03-19,2026-03-18 21:44:09,,2026-03-19 03:05:09,2998.15,,321,false,true,false,false,false
PED-001565,191,,3,1,2026-03-19,,2026-03-19,2026-03-19 18:56:23,,2026-03-19 20:26:23,7467.39,,90,false,true,false,false,false
PED-001567,147,,2,1,2026-03-19,,2026-03-20,2026-03-19 12:29:58,,2026-03-20 10:28:58,4505.86,,1319,false,true,false,false,false
PED-001570,20,,4,1,2026-03-19,,2026-03-19,2026-03-19 09:27:50,,2026-03-19 13:00:50,4543.42,,213,false,true,false,false,false
PED-001574,133,,1,1,2026-03-19,,2026-03-20,2026-03-19 14:45:46,,2026-03-20 06:26:46,7204.93,,941,false,true,false,false,false
PED-001579,64,,4,1,2026-03-19,,2026-03-20,2026-03-19 21:32:39,,2026-03-20 05:08:39,4112.75,,456,false,true,false,false,false
PED-001580,76,,3,2,2026-03-19,,,2026-03-19 10:51:36,,,15119.03,,,false,false,true,false,false
PED-001584,40,,2,1,2026-03-19,,2026-03-20,2026-03-19 14:28:05,,2026-03-20 10:34:05,4482.14,,1206,false,true,false,false,false
PED-001585,26,,2,1,2026-03-19,,2026-03-19,2026-03-19 12:40:51,,2026-03-19 20:59:51,5003.89,,499,false,true,false,false,false
PED-001591,112,,2,1,2026-03-20,,2026-03-21,2026-03-20 16:43:34,,2026-03-21 14:16:34,12785.68,,1293,false,true,false,false,false
PED-001592,186,,2,1,2026-03-20,,2026-03-21,2026-03-20 16:01:08,,2026-03-21 16:50:08,1951.45,,1489,false,true,false,false,false
PED-001593,4,,3,1,2026-03-20,,2026-03-21,2026-03-20 18:24:27,,2026-03-21 06:30:27,5684.53,,726,false,true,false,false,false
PED-001601,80,,3,1,2026-03-21,,2026-03-21,2026-03-21 10:05:54,,2026-03-21 14:09:54,10994.10,,244,false,true,false,false,false
PED-001604,95,,2,1,2026-03-21,,2026-03-22,2026-03-21 23:53:24,,2026-03-22 00:19:24,4084.10,,26,false,true,false,false,false
PED-001607,200,,2,1,2026-03-21,,2026-03-21,2026-03-21 12:38:56,,2026-03-21 14:52:56,2465.94,,134,false,true,false,false,false
PED-001617,11,,2,1,2026-03-21,,2026-03-21,2026-03-21 16:58:07,,2026-03-21 22:15:07,1393.97,,317,false,true,false,false,false
PED-001618,117,,2,1,2026-03-21,,2026-03-22,2026-03-21 08:18:57,,2026-03-22 00:04:57,3857.89,,946,false,true,false,false,false
PED-001619,157,,2,1,2026-03-21,,2026-03-21,2026-03-21 09:57:54,,2026-03-21 12:26:54,3139.71,,149,false,true,false,false,false
PED-001621,150,,2,1,2026-03-21,,2026-03-21,2026-03-21 15:01:15,,2026-03-21 18:37:15,12582.45,,216,false,true,false,false,false
PED-001624,186,,4,1,2026-03-21,,2026-03-21,2026-03-21 12:30:38,,2026-03-21 19:08:38,2378.81,,398,false,true,false,false,false
PED-001626,186,,2,1,2026-03-21,,2026-03-21,2026-03-21 05:10:12,,2026-03-21 14:44:12,4250.28,,574,false,true,false,false,false
PED-001634,154,,2,1,2026-03-22,,2026-03-23,2026-03-22 23:25:19,,2026-03-23 00:20:19,22337.83,,55,false,true,false,false,false
PED-001640,47,,1,1,2026-03-22,,2026-03-22,2026-03-22 00:12:46,,2026-03-22 04:13:46,3508.11,,241,false,true,false,false,false
PED-001641,68,,2,1,2026-03-22,,2026-03-22,2026-03-22 14:37:46,,2026-03-22 15:46:46,3034.80,,69,false,true,false,false,false
PED-001644,160,,2,1,2026-03-22,,2026-03-23,2026-03-22 16:14:07,,2026-03-23 03:35:07,5446.23,,681,false,true,false,false,false
PED-001646,170,,4,1,2026-03-22,,2026-03-23,2026-03-22 21:14:53,,2026-03-23 00:59:53,3245.42,,225,false,true,false,false,false
PED-001648,121,,3,1,2026-03-22,,2026-03-22,2026-03-22 00:05:20,,2026-03-22 05:32:20,2357.61,,327,false,true,false,false,false
PED-001654,145,,2,1,2026-03-23,,2026-03-23,2026-03-23 00:42:07,,2026-03-23 01:39:07,1734.56,,57,false,true,false,false,false
PED-001668,70,,1,1,2026-03-23,,2026-03-25,2026-03-23 22:41:42,,2026-03-25 10:02:42,2301.55,,2121,false,true,false,false,false
PED-001674,156,,2,1,2026-03-24,,2026-03-24,2026-03-24 02:54:10,,2026-03-24 13:46:10,12690.48,,652,false,true,false,false,false
PED-001681,180,,2,1,2026-03-24,,2026-03-25,2026-03-24 06:58:05,,2026-03-25 03:57:05,5381.41,,1259,false,true,false,false,false
PED-001687,121,,2,1,2026-03-24,,2026-03-25,2026-03-24 19:47:34,,2026-03-25 06:18:34,8331.65,,631,false,true,false,false,false
PED-001698,148,,2,1,2026-03-25,,2026-03-25,2026-03-25 00:52:53,,2026-03-25 02:45:53,25757.07,,113,false,true,false,false,false
PED-001707,19,,4,1,2026-03-25,,2026-03-25,2026-03-25 13:09:35,,2026-03-25 14:50:35,1779.83,,101,false,true,false,false,false
PED-001711,71,,2,1,2026-03-26,,2026-03-26,2026-03-26 03:39:13,,2026-03-26 13:54:13,913.11,,615,false,true,false,false,false
PED-001712,57,,2,1,2026-03-26,,2026-03-26,2026-03-26 06:55:19,,2026-03-26 13:25:19,923.73,,390,false,true,false,false,false
PED-001715,28,,2,1,2026-03-26,,2026-03-26,2026-03-26 15:35:51,,2026-03-26 17:54:51,36182.37,,139,false,true,false,false,false
PED-001718,158,,2,1,2026-03-26,,2026-03-26,2026-03-26 10:04:58,,2026-03-26 21:06:58,23642.72,,662,false,true,false,false,false
PED-001725,178,,2,1,2026-03-26,,2026-03-27,2026-03-26 08:43:18,,2026-03-27 10:30:18,5372.69,,1547,false,true,false,false,false
PED-001727,135,,1,2,2026-03-26,,,2026-03-26 05:01:00,,,2636.01,,,false,false,true,false,false
PED-001737,171,,1,1,2026-03-26,,2026-03-27,2026-03-26 12:30:34,,2026-03-27 12:46:34,4992.10,,1456,false,true,false,false,false
PED-001738,198,,3,1,2026-03-27,,2026-03-27,2026-03-27 10:40:01,,2026-03-27 18:24:01,11637.97,,464,false,true,false,false,false
PED-001741,71,,2,1,2026-03-27,,2026-03-27,2026-03-27 15:28:06,,2026-03-27 20:03:06,4645.78,,275,false,true,false,false,false
PED-001742,69,,4,1,2026-03-27,,2026-03-27,2026-03-27 04:31:51,,2026-03-27 10:07:51,3086.00,,336,false,true,false,false,false
PED-001752,86,,3,1,2026-03-27,,2026-03-28,2026-03-27 19:40:46,,2026-03-28 01:42:46,3594.11,,362,false,true,false,false,false
PED-001755,164,,4,1,2026-03-27,,2026-03-27,2026-03-27 01:19:51,,2026-03-27 08:37:51,7025.05,,438,false,true,false,false,false
PED-001756,102,,1,1,2026-03-27,,2026-03-27,2026-03-27 15:05:58,,2026-03-27 16:57:58,3350.67,,112,false,true,false,false,false
PED-001758,178,,2,1,2026-03-27,,2026-03-28,2026-03-27 17:02:32,,2026-03-28 04:12:32,3726.04,,670,false,true,false,false,false
PED-001765,5,,2,1,2026-03-28,,2026-03-29,2026-03-28 09:08:13,,2026-03-29 20:40:13,35119.90,,2132,false,true,false,false,false
PED-001773,116,,2,1,2026-03-28,,2026-03-28,2026-03-28 12:35:34,,2026-03-28 15:12:34,10352.76,,157,false,true,false,false,false
PED-001774,49,,4,1,2026-03-28,,2026-03-29,2026-03-28 06:21:23,,2026-03-29 08:53:23,3373.86,,1592,false,true,false,false,false
PED-001775,169,,2,1,2026-03-28,,2026-03-28,2026-03-28 21:56:05,,2026-03-28 23:35:05,4407.47,,99,false,true,false,false,false
PED-001789,142,,3,1,2026-03-29,,2026-03-29,2026-03-29 09:09:40,,2026-03-29 10:37:40,2120.19,,88,false,true,false,false,false
PED-001793,84,,2,1,2026-03-29,,2026-03-29,2026-03-29 00:34:52,,2026-03-29 06:09:52,5344.79,,335,false,true,false,false,false
PED-001798,40,,2,1,2026-03-29,,2026-03-29,2026-03-29 04:21:29,,2026-03-29 16:51:29,7623.62,,750,false,true,false,false,false
PED-001801,11,,2,1,2026-03-29,,2026-03-30,2026-03-29 21:39:39,,2026-03-30 06:11:39,1587.08,,512,false,true,false,false,false
PED-001802,62,,1,2,2026-03-29,,,2026-03-29 19:35:24,,,2945.34,,,false,false,true,false,false
PED-001806,199,,2,1,2026-03-29,,2026-03-30,2026-03-29 19:48:55,,2026-03-30 06:35:55,4226.72,,647,false,true,false,false,false
PED-001807,31,,2,1,2026-03-29,,2026-03-29,2026-03-29 03:47:30,,2026-03-29 05:46:30,5488.06,,119,false,true,false,false,false
PED-001816,169,,3,1,2026-03-30,,2026-03-30,2026-03-30 18:53:49,,2026-03-30 19:38:49,25399.54,,45,false,true,false,false,false
PED-001817,48,,2,1,2026-03-30,,2026-03-30,2026-03-30 05:09:07,,2026-03-30 09:13:07,2521.38,,244,false,true,false,false,false
PED-001828,69,,2,2,2026-03-30,,,2026-03-30 08:39:04,,,4525.46,,,false,false,true,false,false
PED-001830,82,,4,1,2026-03-30,,2026-03-30,2026-03-30 00:41:08,,2026-03-30 12:05:08,5763.38,,684,false,true,false,false,false
PED-001831,54,,3,1,2026-03-30,,2026-03-30,2026-03-30 04:47:24,,2026-03-30 11:50:24,9359.36,,423,false,true,false,false,false
PED-001833,70,,2,1,2026-03-30,,2026-03-31,2026-03-30 23:49:16,,2026-03-31 10:42:16,1601.21,,653,false,true,false,false,false
PED-001837,89,,2,1,2026-03-30,,2026-03-31,2026-03-30 21:41:35,,2026-03-31 00:10:35,4346.00,,149,false,true,false,false,false
PED-001842,38,,3,1,2026-03-31,,2026-03-31,2026-03-31 12:04:38,,2026-03-31 23:34:38,8169.20,,690,false,true,false,false,false
PED-001843,172,,2,1,2026-03-31,,2026-03-31,2026-03-31 12:01:12,,2026-03-31 12:25:12,5240.00,,24,false,true,false,false,false
PED-001845,35,,2,1,2026-03-31,,2026-04-01,2026-03-31 11:37:08,,2026-04-01 04:13:08,487.25,,996,false,true,false,false,false
PED-001846,92,,3,1,2026-03-31,,2026-03-31,2026-03-31 01:52:35,,2026-03-31 03:14:35,2878.39,,82,false,true,false,false,false
PED-001847,79,,2,1,2026-03-31,,2026-03-31,2026-03-31 12:00:58,,2026-03-31 18:37:58,45511.22,,397,false,true,false,false,false
PED-001853,185,,4,1,2026-03-31,,2026-04-01,2026-03-31 22:30:10,,2026-04-01 07:19:10,1765.59,,529,false,true,false,false,false
PED-001863,40,,3,1,2026-03-31,,2026-03-31,2026-03-31 07:02:28,,2026-03-31 08:38:28,2350.42,,96,false,true,false,false,false
PED-001865,175,,4,1,2026-03-31,,2026-03-31,2026-03-31 04:52:15,,2026-03-31 08:10:15,2650.64,,198,false,true,false,false,false
PED-001866,153,,2,1,2026-03-31,,2026-03-31,2026-03-31 16:33:27,,2026-03-31 18:19:27,5911.36,,106,false,true,false,false,false
PED-001867,78,,2,1,2026-03-31,,2026-04-01,2026-03-31 22:43:07,,2026-04-01 05:00:07,8478.00,,377,false,true,false,false,false
PED-001870,15,,2,2,2026-04-01,,,2026-04-01 05:30:52,,,15566.69,,,false,false,true,false,false
PED-001875,52,,4,1,2026-04-01,,2026-04-02,2026-04-01 16:19:59,,2026-04-02 05:20:59,4550.64,,781,false,true,false,false,false
PED-001878,69,,3,1,2026-04-01,,2026-04-01,2026-04-01 11:55:29,,2026-04-01 17:41:29,3240.08,,346,false,true,false,false,false
PED-001881,137,,2,1,2026-04-01,,2026-04-01,2026-04-01 08:27:29,,2026-04-01 17:51:29,1288.18,,564,false,true,false,false,false
PED-001882,45,,4,1,2026-04-01,,2026-04-01,2026-04-01 13:18:20,,2026-04-01 16:26:20,2873.39,,188,false,true,false,false,false
PED-001896,146,,4,1,2026-04-02,,2026-04-03,2026-04-02 17:10:25,,2026-04-03 09:27:25,338.00,,977,false,true,false,false,false
PED-001897,84,,2,1,2026-04-02,,2026-04-02,2026-04-02 12:50:54,,2026-04-02 14:32:54,3865.06,,102,false,true,false,false,false
PED-001903,77,,2,1,2026-04-02,,2026-04-03,2026-04-02 12:02:51,,2026-04-03 05:47:51,2444.26,,1065,false,true,false,false,false
PED-001905,19,,4,1,2026-04-03,,2026-04-04,2026-04-03 21:30:45,,2026-04-04 03:19:45,1703.83,,349,false,true,false,false,false
PED-001907,137,,1,1,2026-04-03,,2026-04-04,2026-04-03 19:29:58,,2026-04-04 16:11:58,7915.36,,1242,false,true,false,false,false
PED-001914,81,,1,1,2026-04-03,,2026-04-04,2026-04-03 22:54:54,,2026-04-04 07:48:54,4528.56,,534,false,true,false,false,false
PED-001915,26,,2,1,2026-04-03,,2026-04-04,2026-04-03 20:41:55,,2026-04-04 10:36:55,1905.66,,835,false,true,false,false,false
PED-001916,24,,2,1,2026-04-03,,2026-04-03,2026-04-03 06:22:56,,2026-04-03 09:45:56,11249.52,,203,false,true,false,false,false
PED-001918,173,,4,1,2026-04-04,,2026-04-05,2026-04-04 11:25:55,,2026-04-05 08:16:55,2339.41,,1251,false,true,false,false,false
PED-001919,131,,2,1,2026-04-04,,2026-04-05,2026-04-04 21:35:23,,2026-04-05 00:58:23,3332.09,,203,false,true,false,false,false
PED-001920,1,,2,1,2026-04-04,,2026-04-05,2026-04-04 11:48:55,,2026-04-05 03:47:55,24812.38,,959,false,true,false,false,false
PED-001925,48,,4,1,2026-04-04,,2026-04-04,2026-04-04 16:36:24,,2026-04-04 16:48:24,3154.76,,12,false,true,false,false,false
PED-001927,191,,2,1,2026-04-04,,2026-04-06,2026-04-04 12:54:23,,2026-04-06 05:42:23,11551.86,,2448,false,true,false,false,false
PED-001932,199,,4,1,2026-04-04,,2026-04-04,2026-04-04 09:13:19,,2026-04-04 11:55:19,4027.48,,162,false,true,false,false,false
PED-001934,32,,2,1,2026-04-04,,2026-04-05,2026-04-04 23:40:07,,2026-04-05 01:37:07,14455.13,,117,false,true,false,false,false
PED-001936,157,,2,1,2026-04-04,,2026-04-04,2026-04-04 07:45:37,,2026-04-04 15:42:37,5542.23,,477,false,true,false,false,false
PED-001937,85,,4,1,2026-04-04,,2026-04-05,2026-04-04 20:34:41,,2026-04-05 13:05:41,5572.09,,991,false,true,false,false,false
PED-001938,184,,2,1,2026-04-04,,2026-04-04,2026-04-04 03:33:03,,2026-04-04 17:10:03,2343.61,,817,false,true,false,false,false
PED-001947,14,,4,1,2026-04-05,,2026-04-05,2026-04-05 05:19:55,,2026-04-05 09:04:55,10549.55,,225,false,true,false,false,false
PED-001951,187,,2,1,2026-04-05,,2026-04-05,2026-04-05 05:43:54,,2026-04-05 13:23:54,5434.81,,460,false,true,false,false,false
PED-001960,115,,2,1,2026-04-06,,2026-04-06,2026-04-06 13:54:51,,2026-04-06 18:48:51,2410.62,,294,false,true,false,false,false
PED-001961,60,,2,1,2026-04-06,,2026-04-07,2026-04-06 21:33:19,,2026-04-07 07:55:19,2701.39,,622,false,true,false,false,false
PED-001964,67,,2,1,2026-04-06,,2026-04-06,2026-04-06 21:08:57,,2026-04-06 21:24:57,1665.87,,16,false,true,false,false,false
PED-001978,155,,2,1,2026-04-07,,2026-04-08,2026-04-07 23:36:06,,2026-04-08 05:30:06,3847.84,,354,false,true,false,false,false
PED-001980,170,,2,1,2026-04-07,,2026-04-07,2026-04-07 01:28:48,,2026-04-07 09:44:48,16421.53,,496,false,true,false,false,false
PED-001984,58,,2,1,2026-04-07,,2026-04-07,2026-04-07 04:54:25,,2026-04-07 18:01:25,4533.27,,787,false,true,false,false,false
PED-001987,115,,4,2,2026-04-07,,,2026-04-07 09:32:56,,,2211.52,,,false,false,true,false,false
PED-001994,162,,2,1,2026-04-08,,2026-04-09,2026-04-08 02:50:57,,2026-04-09 05:37:57,1087.61,,1607,false,true,false,false,false
PED-001996,85,,2,1,2026-04-08,,2026-04-09,2026-04-08 16:12:20,,2026-04-09 02:34:20,11298.17,,622,false,true,false,false,false
PED-002000,90,,2,1,2026-04-08,,2026-04-08,2026-04-08 12:30:17,,2026-04-08 15:56:17,39373.96,,206,false,true,false,false,false
PED-002009,111,,2,1,2026-04-08,,2026-04-09,2026-04-08 17:43:57,,2026-04-09 08:04:57,6313.03,,861,false,true,false,false,false
PED-002014,150,,3,1,2026-04-08,,2026-04-08,2026-04-08 12:03:21,,2026-04-08 15:31:21,16418.50,,208,false,true,false,false,false
PED-002023,61,,4,2,2026-04-09,,,2026-04-09 12:35:01,,,1218.85,,,false,false,true,false,false
PED-002026,37,,2,1,2026-04-09,,2026-04-09,2026-04-09 15:25:32,,2026-04-09 16:40:32,2037.10,,75,false,true,false,false,false
PED-002032,128,,4,1,2026-04-09,,2026-04-10,2026-04-09 23:37:18,,2026-04-10 10:28:18,2721.23,,651,false,true,false,false,false
PED-002033,111,,4,1,2026-04-09,,2026-04-10,2026-04-09 17:23:10,,2026-04-10 06:05:10,3235.41,,762,false,true,false,false,false
PED-002039,179,,2,1,2026-04-10,,2026-04-10,2026-04-10 15:42:02,,2026-04-10 17:58:02,10613.96,,136,false,true,false,false,false
PED-002044,179,,4,1,2026-04-10,,2026-04-10,2026-04-10 02:11:02,,2026-04-10 03:31:02,8599.35,,80,false,true,false,false,false
PED-002046,60,,2,1,2026-04-10,,2026-04-10,2026-04-10 00:11:17,,2026-04-10 01:33:17,9043.00,,82,false,true,false,false,false
PED-000135,41,,1,5,2026-01-07,,,2026-01-07 00:04:40,,,3632.42,,,false,false,true,false,false
PED-000164,41,,4,5,2026-01-08,,,2026-01-08 17:47:49,,,737.19,,,false,false,true,false,false
PED-000165,52,,4,5,2026-01-08,,,2026-01-08 17:53:33,,,12594.04,,,false,false,true,false,false
PED-000175,138,,4,5,2026-01-09,,,2026-01-09 07:04:54,,,2723.17,,,false,false,true,false,false
PED-000218,174,,1,5,2026-01-11,,,2026-01-11 16:10:28,,,1257.30,,,false,false,true,false,false
PED-000232,70,,4,5,2026-01-12,,,2026-01-12 07:14:22,,,11692.05,,,false,false,true,false,false
PED-000241,100,,4,5,2026-01-12,,,2026-01-12 08:45:32,,,861.71,,,false,false,true,false,false
PED-000253,173,,4,5,2026-01-12,,,2026-01-12 17:47:07,,,2548.81,,,false,false,true,false,false
PED-000291,167,,2,5,2026-01-15,,,2026-01-15 16:02:09,,,10662.38,,,false,false,true,false,false
PED-000304,153,,3,5,2026-01-15,,,2026-01-15 20:57:11,,,7272.92,,,false,false,true,false,false
PED-000320,169,,2,5,2026-01-16,,,2026-01-16 02:28:10,,,1574.85,,,false,false,true,false,false
PED-000334,62,,3,5,2026-01-17,,,2026-01-17 18:20:39,,,965.52,,,false,false,true,false,false
PED-000412,160,,4,5,2026-01-22,,,2026-01-22 22:08:14,,,2321.72,,,false,false,true,false,false
PED-000458,84,,2,5,2026-01-24,,,2026-01-24 17:51:55,,,9673.50,,,false,false,true,false,false
PED-000477,147,,2,5,2026-01-25,,,2026-01-25 03:25:50,,,3638.37,,,false,false,true,false,false
PED-000482,34,,3,5,2026-01-25,,,2026-01-25 03:48:30,,,1447.46,,,false,false,true,false,false
PED-000493,198,,4,5,2026-01-25,,,2026-01-25 07:08:06,,,30089.21,,,false,false,true,false,false
PED-000535,112,,2,5,2026-01-27,,,2026-01-27 19:30:20,,,2842.89,,,false,false,true,false,false
PED-000538,124,,2,5,2026-01-27,,,2026-01-27 01:41:30,,,1869.95,,,false,false,true,false,false
PED-000545,56,,3,5,2026-01-27,,,2026-01-27 11:08:18,,,10029.21,,,false,false,true,false,false
PED-000618,94,,3,5,2026-01-30,,,2026-01-30 03:13:11,,,24632.17,,,false,false,true,false,false
PED-000638,174,,2,5,2026-01-31,,,2026-01-31 08:30:04,,,2062.63,,,false,false,true,false,false
PED-000690,111,,2,5,2026-02-02,,,2026-02-02 06:49:58,,,2198.70,,,false,false,true,false,false
PED-000704,74,,2,5,2026-02-03,,,2026-02-03 02:24:06,,,3358.93,,,false,false,true,false,false
PED-000740,56,,4,5,2026-02-04,,,2026-02-04 18:05:05,,,2630.18,,,false,false,true,false,false
PED-000742,99,,2,5,2026-02-04,,,2026-02-04 10:54:00,,,6297.61,,,false,false,true,false,false
PED-000798,118,,4,5,2026-02-08,,,2026-02-08 12:38:38,,,2455.18,,,false,false,true,false,false
PED-000839,2,,3,5,2026-02-10,,,2026-02-10 00:40:33,,,7027.56,,,false,false,true,false,false
PED-000858,120,,4,5,2026-02-11,,,2026-02-11 10:26:06,,,11322.01,,,false,false,true,false,false
PED-000889,14,,2,5,2026-02-12,,,2026-02-12 12:09:36,,,2657.74,,,false,false,true,false,false
PED-000894,110,,1,5,2026-02-13,,,2026-02-13 16:01:36,,,9160.70,,,false,false,true,false,false
PED-000931,165,,1,5,2026-02-15,,,2026-02-15 10:41:28,,,13938.37,,,false,false,true,false,false
PED-000942,24,,4,5,2026-02-16,,,2026-02-16 01:13:32,,,635.33,,,false,false,true,false,false
PED-000954,93,,2,5,2026-02-16,,,2026-02-16 17:38:49,,,8537.53,,,false,false,true,false,false
PED-000984,141,,3,5,2026-02-18,,,2026-02-18 02:55:40,,,2799.08,,,false,false,true,false,false
PED-001027,105,,2,5,2026-02-21,,,2026-02-21 06:59:05,,,2462.27,,,false,false,true,false,false
PED-001052,177,,1,5,2026-02-22,,,2026-02-22 00:30:23,,,5877.54,,,false,false,true,false,false
PED-001100,192,,3,5,2026-02-25,,,2026-02-25 07:00:06,,,9734.20,,,false,false,true,false,false
PED-001112,75,,2,5,2026-02-25,,,2026-02-25 02:10:08,,,5103.43,,,false,false,true,false,false
PED-001129,63,,2,5,2026-02-26,,,2026-02-26 07:42:54,,,95269.85,,,false,false,true,false,false
PED-001141,180,,2,5,2026-02-27,,,2026-02-27 22:57:09,,,2235.52,,,false,false,true,false,false
PED-001183,29,,4,5,2026-02-28,,,2026-02-28 04:04:41,,,2785.84,,,false,false,true,false,false
PED-001202,101,,2,5,2026-03-02,,,2026-03-02 09:59:32,,,4854.30,,,false,false,true,false,false
PED-001233,80,,3,5,2026-03-03,,,2026-03-03 16:27:20,,,3262.02,,,false,false,true,false,false
PED-001237,164,,1,5,2026-03-04,,,2026-03-04 05:14:24,,,413.59,,,false,false,true,false,false
PED-001313,58,,4,5,2026-03-07,,,2026-03-07 07:55:27,,,4951.92,,,false,false,true,false,false
PED-001386,187,,1,5,2026-03-10,,,2026-03-10 19:44:46,,,22422.31,,,false,false,true,false,false
PED-001394,14,,2,5,2026-03-10,,,2026-03-10 00:05:52,,,3386.89,,,false,false,true,false,false
PED-001405,124,,3,5,2026-03-11,,,2026-03-11 23:53:36,,,910.00,,,false,false,true,false,false
PED-001410,70,,2,5,2026-03-11,,,2026-03-11 03:01:17,,,4605.47,,,false,false,true,false,false
PED-001430,63,,3,5,2026-03-12,,,2026-03-12 09:41:46,,,19179.51,,,false,false,true,false,false
PED-001461,144,,3,5,2026-03-13,,,2026-03-13 23:39:59,,,1231.28,,,false,false,true,false,false
PED-001469,53,,4,5,2026-03-13,,,2026-03-13 02:35:48,,,5808.35,,,false,false,true,false,false
PED-001547,95,,4,5,2026-03-18,,,2026-03-18 16:37:38,,,8137.75,,,false,false,true,false,false
PED-001578,8,,3,5,2026-03-19,,,2026-03-19 19:23:52,,,2362.61,,,false,false,true,false,false
PED-001615,128,,2,5,2026-03-21,,,2026-03-21 05:45:44,,,1430.31,,,false,false,true,false,false
PED-001620,13,,4,5,2026-03-21,,,2026-03-21 16:46:34,,,16902.20,,,false,false,true,false,false
PED-001642,96,,2,5,2026-03-22,,,2026-03-22 03:51:24,,,1115.70,,,false,false,true,false,false
PED-001683,95,,4,5,2026-03-24,,,2026-03-24 23:22:04,,,1656.65,,,false,false,true,false,false
PED-001697,92,,4,5,2026-03-25,,,2026-03-25 10:28:50,,,17818.98,,,false,false,true,false,false
PED-001704,39,,1,5,2026-03-25,,,2026-03-25 16:51:31,,,2287.62,,,false,false,true,false,false
PED-001710,111,,4,5,2026-03-26,,,2026-03-26 02:00:50,,,31109.76,,,false,false,true,false,false
PED-001735,16,,3,5,2026-03-26,,,2026-03-26 16:16:43,,,10621.95,,,false,false,true,false,false
PED-001761,139,,4,5,2026-03-27,,,2026-03-27 10:17:27,,,2452.98,,,false,false,true,false,false
PED-001768,139,,2,5,2026-03-28,,,2026-03-28 09:36:25,,,5402.64,,,false,false,true,false,false
PED-001792,67,,4,5,2026-03-29,,,2026-03-29 21:13:39,,,5581.95,,,false,false,true,false,false
PED-001796,81,,4,5,2026-03-29,,,2026-03-29 22:29:42,,,2237.13,,,false,false,true,false,false
PED-001957,49,,3,5,2026-04-05,,,2026-04-05 09:25:22,,,7607.04,,,false,false,true,false,false
PED-002003,187,,4,5,2026-04-08,,,2026-04-08 20:06:05,,,1285.18,,,false,false,true,false,false
PED-002004,94,,2,5,2026-04-08,,,2026-04-08 12:09:35,,,2546.97,,,false,false,true,false,false
PED-002007,61,,3,5,2026-04-08,,,2026-04-08 06:29:21,,,17466.73,,,false,false,true,false,false
PED-002041,195,,4,5,2026-04-10,,,2026-04-10 06:20:47,,,3574.45,,,false,false,true,false,false
PED-002047,40,,2,5,2026-04-10,,,2026-04-10 01:49:50,,,6441.13,,,false,false,true,false,false
PED-002049,174,9,2,3,2026-04-10,2026-04-10,,2026-04-10 10:02:43,2026-04-10 10:56:43,,38529.40,54,,true,false,false,false,false
PED-002050,32,1,2,3,2026-04-10,2026-04-10,,2026-04-10 05:01:14,2026-04-10 05:34:14,,3400.79,33,,true,false,false,false,false
PED-002053,5,6,2,3,2026-04-10,2026-04-10,,2026-04-10 08:08:49,2026-04-10 09:13:49,,2428.22,65,,true,false,false,false,false
PED-002054,127,5,2,4,2026-04-11,2026-04-11,,2026-04-11 12:36:26,2026-04-11 21:49:26,,3770.74,553,,true,false,false,false,false
PED-002057,50,9,2,3,2026-04-11,2026-04-11,,2026-04-11 08:20:34,2026-04-11 11:19:34,,3213.98,179,,true,false,false,false,false
PED-002059,122,7,2,3,2026-04-11,2026-04-11,,2026-04-11 19:48:02,2026-04-11 22:07:02,,6714.16,139,,true,false,false,false,false
PED-002060,98,6,4,3,2026-04-11,2026-04-11,,2026-04-11 00:04:04,2026-04-11 00:18:04,,1125.55,14,,true,false,false,false,false
PED-002062,80,10,2,3,2026-04-11,2026-04-11,,2026-04-11 03:13:53,2026-04-11 04:54:53,,1754.35,101,,true,false,false,false,false
PED-002064,194,9,2,3,2026-04-11,2026-04-11,,2026-04-11 10:09:10,2026-04-11 10:47:10,,9120.77,38,,true,false,false,false,false
PED-002065,61,5,4,3,2026-04-12,2026-04-13,,2026-04-12 21:37:42,2026-04-13 02:45:42,,744.91,308,,true,false,false,false,false
PED-002066,81,7,1,3,2026-04-12,2026-04-13,,2026-04-12 16:14:07,2026-04-13 14:01:07,,10103.61,1307,,true,false,false,false,false
PED-002067,127,3,2,3,2026-04-12,2026-04-12,,2026-04-12 01:05:09,2026-04-12 01:43:09,,5150.68,38,,true,false,false,false,false
PED-002068,117,2,2,3,2026-04-12,2026-04-12,,2026-04-12 06:15:56,2026-04-12 07:01:56,,7550.34,46,,true,false,false,false,false
PED-002069,16,1,4,3,2026-04-12,2026-04-12,,2026-04-12 06:43:28,2026-04-12 08:31:28,,11878.09,108,,true,false,false,false,false
PED-002070,11,10,2,3,2026-04-12,2026-04-12,,2026-04-12 02:54:04,2026-04-12 03:55:04,,23120.03,61,,true,false,false,false,false
PED-002071,190,9,4,3,2026-04-12,2026-04-12,,2026-04-12 06:05:06,2026-04-12 08:43:06,,13235.87,158,,true,false,false,false,false
PED-002072,70,7,2,3,2026-04-12,2026-04-12,,2026-04-12 13:09:35,2026-04-12 16:37:35,,5915.24,208,,true,false,false,false,false
PED-002074,20,9,4,3,2026-04-12,2026-04-13,,2026-04-12 23:13:22,2026-04-13 00:29:22,,1980.50,76,,true,false,false,false,false
PED-002075,133,4,2,3,2026-04-12,2026-04-12,,2026-04-12 22:03:17,2026-04-12 22:51:17,,2595.30,48,,true,false,false,false,false
PED-002076,151,10,2,3,2026-04-12,2026-04-12,,2026-04-12 09:31:41,2026-04-12 10:41:41,,11067.67,70,,true,false,false,false,false
PED-002077,115,6,3,3,2026-04-12,2026-04-12,,2026-04-12 15:57:06,2026-04-12 18:21:06,,1096.63,144,,true,false,false,false,false
PED-002078,148,4,4,3,2026-04-12,2026-04-12,,2026-04-12 20:39:44,2026-04-12 20:58:44,,3601.30,19,,true,false,false,false,false
PED-002079,182,8,4,3,2026-04-12,2026-04-12,,2026-04-12 02:58:26,2026-04-12 03:37:26,,9215.45,39,,true,false,false,false,false
PED-002080,22,9,1,3,2026-04-12,2026-04-12,,2026-04-12 00:10:09,2026-04-12 11:53:09,,3392.48,703,,true,false,false,false,false
PED-002082,13,6,2,3,2026-04-12,2026-04-13,,2026-04-12 23:41:52,2026-04-13 03:57:52,,4120.80,256,,true,false,false,false,false
PED-002085,175,8,1,3,2026-04-12,2026-04-12,,2026-04-12 06:58:18,2026-04-12 07:50:18,,6028.24,52,,true,false,false,false,false
PED-002086,83,1,3,3,2026-04-12,2026-04-12,,2026-04-12 01:21:06,2026-04-12 12:54:06,,7534.98,693,,true,false,false,false,false
PED-002087,105,6,2,3,2026-04-13,2026-04-13,,2026-04-13 11:27:14,2026-04-13 12:06:14,,3052.85,39,,true,false,false,false,false
PED-002088,132,9,1,3,2026-04-13,2026-04-13,,2026-04-13 10:22:18,2026-04-13 10:23:18,,6358.92,1,,true,false,false,false,false
PED-002089,69,7,1,3,2026-04-13,2026-04-14,,2026-04-13 21:30:03,2026-04-14 06:31:03,,48274.32,541,,true,false,false,false,false
PED-002090,131,8,2,4,2026-04-13,2026-04-14,,2026-04-13 23:16:45,2026-04-14 00:11:45,,3012.59,55,,true,false,false,false,false
PED-002092,142,8,4,3,2026-04-13,2026-04-13,,2026-04-13 05:40:11,2026-04-13 09:14:11,,3540.71,214,,true,false,false,false,false
PED-002093,144,2,1,3,2026-04-13,2026-04-13,,2026-04-13 14:41:39,2026-04-13 18:26:39,,70438.92,225,,true,false,false,false,false
PED-002095,171,1,1,3,2026-04-13,2026-04-13,,2026-04-13 20:35:19,2026-04-13 20:58:19,,1707.10,23,,true,false,false,false,false
PED-002096,159,7,1,3,2026-04-13,2026-04-13,,2026-04-13 01:59:51,2026-04-13 04:20:51,,3642.02,141,,true,false,false,false,false
PED-002098,97,7,2,3,2026-04-13,2026-04-13,,2026-04-13 00:27:23,2026-04-13 10:20:23,,12818.70,593,,true,false,false,false,false
PED-002101,111,10,3,3,2026-04-13,2026-04-13,,2026-04-13 01:02:43,2026-04-13 01:42:43,,2410.30,40,,true,false,false,false,false
PED-002102,30,9,2,4,2026-04-13,2026-04-13,,2026-04-13 16:16:38,2026-04-13 19:57:38,,2069.18,221,,true,false,false,false,false
PED-002103,79,10,2,3,2026-04-13,2026-04-13,,2026-04-13 08:21:36,2026-04-13 10:42:36,,5683.55,141,,true,false,false,false,false
PED-002104,67,1,4,3,2026-04-13,2026-04-13,,2026-04-13 21:27:50,2026-04-13 21:46:50,,692.34,19,,true,false,false,false,false
PED-002107,196,9,3,3,2026-04-13,2026-04-13,,2026-04-13 13:21:10,2026-04-13 13:50:10,,2869.43,29,,true,false,false,false,false
PED-002108,18,8,2,3,2026-04-13,2026-04-13,,2026-04-13 04:32:08,2026-04-13 07:06:08,,3637.46,154,,true,false,false,false,false
PED-002109,4,6,4,3,2026-04-13,2026-04-13,,2026-04-13 00:41:12,2026-04-13 06:30:12,,997.82,349,,true,false,false,false,false
PED-002113,105,4,2,3,2026-04-14,2026-04-14,,2026-04-14 05:05:12,2026-04-14 05:43:12,,10799.65,38,,true,false,false,false,false
PED-002115,63,7,2,3,2026-04-14,2026-04-14,,2026-04-14 18:40:23,2026-04-14 21:00:23,,1026.09,140,,true,false,false,false,false
PED-002116,191,8,4,3,2026-04-14,2026-04-14,,2026-04-14 08:59:29,2026-04-14 11:10:29,,5017.11,131,,true,false,false,false,false
PED-002117,169,8,4,3,2026-04-14,2026-04-14,,2026-04-14 07:37:12,2026-04-14 08:37:12,,4997.37,60,,true,false,false,false,false
PED-002119,126,4,1,3,2026-04-14,2026-04-14,,2026-04-14 06:20:00,2026-04-14 07:38:00,,13109.87,78,,true,false,false,false,false
PED-002120,10,4,2,3,2026-04-14,2026-04-14,,2026-04-14 14:26:53,2026-04-14 20:09:53,,4196.01,343,,true,false,false,false,false
PED-002122,122,2,4,3,2026-04-14,2026-04-14,,2026-04-14 00:37:26,2026-04-14 01:30:26,,4118.30,53,,true,false,false,false,false
PED-002123,194,1,1,3,2026-04-14,2026-04-14,,2026-04-14 10:01:03,2026-04-14 11:07:03,,14789.90,66,,true,false,false,false,false
PED-002125,132,5,1,3,2026-04-14,2026-04-14,,2026-04-14 16:16:29,2026-04-14 17:23:29,,7581.81,67,,true,false,false,false,false
PED-002126,148,1,2,3,2026-04-14,2026-04-14,,2026-04-14 01:54:39,2026-04-14 03:56:39,,2586.50,122,,true,false,false,false,false
PED-002127,120,4,2,3,2026-04-14,2026-04-14,,2026-04-14 23:00:57,2026-04-14 23:29:57,,5108.66,29,,true,false,false,false,false
PED-002129,73,4,2,3,2026-04-14,2026-04-14,,2026-04-14 08:25:59,2026-04-14 09:28:59,,3259.74,63,,true,false,false,false,false
PED-002130,91,2,3,3,2026-04-14,2026-04-14,,2026-04-14 00:16:12,2026-04-14 05:38:12,,11778.28,322,,true,false,false,false,false
PED-002131,166,9,2,3,2026-04-14,2026-04-14,,2026-04-14 03:27:45,2026-04-14 04:47:45,,3354.32,80,,true,false,false,false,false
PED-002134,114,8,2,3,2026-04-15,2026-04-15,,2026-04-15 04:46:12,2026-04-15 07:24:12,,30719.91,158,,true,false,false,false,false
PED-002137,130,5,2,3,2026-04-15,2026-04-16,,2026-04-15 11:12:11,2026-04-16 01:33:11,,3093.31,861,,true,false,false,false,false
PED-002138,74,1,3,3,2026-04-15,2026-04-15,,2026-04-15 22:46:01,2026-04-15 23:01:01,,2946.41,15,,true,false,false,false,false
PED-002141,80,2,2,3,2026-04-15,2026-04-15,,2026-04-15 10:29:43,2026-04-15 14:50:43,,29366.19,261,,true,false,false,false,false
PED-002142,96,10,4,3,2026-04-15,2026-04-15,,2026-04-15 04:35:16,2026-04-15 09:26:16,,2474.91,291,,true,false,false,false,false
PED-002143,154,9,3,3,2026-04-15,2026-04-15,,2026-04-15 10:32:10,2026-04-15 15:27:10,,11605.37,295,,true,false,false,false,false
PED-002146,78,3,1,3,2026-04-15,2026-04-16,,2026-04-15 23:10:14,2026-04-16 00:14:14,,10563.85,64,,true,false,false,false,false
PED-002148,161,4,3,3,2026-04-15,2026-04-15,,2026-04-15 14:43:33,2026-04-15 17:32:33,,8936.86,169,,true,false,false,false,false
PED-002149,53,6,2,3,2026-04-15,2026-04-15,,2026-04-15 02:31:42,2026-04-15 04:22:42,,3163.57,111,,true,false,false,false,false
PED-002150,141,3,3,3,2026-04-15,2026-04-16,,2026-04-15 18:50:21,2026-04-16 04:35:21,,17018.96,585,,true,false,false,false,false
PED-002152,49,10,2,3,2026-04-15,2026-04-15,,2026-04-15 02:31:36,2026-04-15 04:44:36,,13406.93,133,,true,false,false,false,false
PED-002153,49,6,4,4,2026-04-16,2026-04-16,,2026-04-16 01:00:12,2026-04-16 03:10:12,,1911.81,130,,true,false,false,false,false
PED-002156,141,9,2,3,2026-04-16,2026-04-16,,2026-04-16 13:44:20,2026-04-16 14:47:20,,6149.02,63,,true,false,false,false,false
PED-002157,146,10,2,3,2026-04-16,2026-04-16,,2026-04-16 05:14:00,2026-04-16 08:35:00,,3282.40,201,,true,false,false,false,false
PED-002158,117,10,2,3,2026-04-16,2026-04-16,,2026-04-16 00:21:47,2026-04-16 07:07:47,,6367.50,406,,true,false,false,false,false
PED-002159,166,3,2,3,2026-04-16,2026-04-16,,2026-04-16 16:01:19,2026-04-16 20:36:19,,32668.59,275,,true,false,false,false,false
PED-002162,25,4,2,3,2026-04-16,2026-04-16,,2026-04-16 13:07:06,2026-04-16 14:52:06,,15307.22,105,,true,false,false,false,false
PED-002163,120,7,2,3,2026-04-16,2026-04-16,,2026-04-16 09:13:57,2026-04-16 12:42:57,,5048.81,209,,true,false,false,false,false
PED-002165,72,9,4,3,2026-04-16,2026-04-16,,2026-04-16 18:04:57,2026-04-16 21:03:57,,8994.20,179,,true,false,false,false,false
PED-002166,142,2,4,3,2026-04-16,2026-04-16,,2026-04-16 09:13:24,2026-04-16 14:40:24,,2146.32,327,,true,false,false,false,false
PED-002167,115,1,2,3,2026-04-16,2026-04-16,,2026-04-16 17:58:35,2026-04-16 18:50:35,,15128.51,52,,true,false,false,false,false
PED-002169,199,3,4,3,2026-04-16,2026-04-16,,2026-04-16 18:34:51,2026-04-16 19:57:51,,18927.34,83,,true,false,false,false,false
PED-002170,194,5,1,3,2026-04-16,2026-04-16,,2026-04-16 04:04:22,2026-04-16 06:45:22,,11983.42,161,,true,false,false,false,false
PED-002172,110,8,2,3,2026-04-17,2026-04-17,,2026-04-17 20:10:13,2026-04-17 21:06:13,,2584.95,56,,true,false,false,false,false
PED-002174,97,4,3,3,2026-04-17,2026-04-17,,2026-04-17 08:08:40,2026-04-17 09:23:40,,20240.59,75,,true,false,false,false,false
PED-002175,129,3,2,3,2026-04-17,2026-04-17,,2026-04-17 11:19:22,2026-04-17 11:32:22,,7737.31,13,,true,false,false,false,false
PED-002179,74,3,4,3,2026-04-17,2026-04-18,,2026-04-17 23:30:05,2026-04-18 00:42:05,,575.98,72,,true,false,false,false,false
PED-002181,164,8,4,3,2026-04-17,2026-04-18,,2026-04-17 20:33:32,2026-04-18 02:41:32,,18818.36,368,,true,false,false,false,false
PED-002182,185,1,4,3,2026-04-17,2026-04-17,,2026-04-17 10:59:23,2026-04-17 12:04:23,,1511.54,65,,true,false,false,false,false
PED-002184,188,4,3,3,2026-04-17,2026-04-17,,2026-04-17 10:59:11,2026-04-17 13:27:11,,5387.76,148,,true,false,false,false,false
PED-002185,194,2,3,4,2026-04-17,2026-04-17,,2026-04-17 13:42:08,2026-04-17 14:13:08,,4451.84,31,,true,false,false,false,false
PED-002186,65,6,1,3,2026-04-17,2026-04-17,,2026-04-17 22:56:19,2026-04-17 23:09:19,,3477.95,13,,true,false,false,false,false
PED-002187,64,4,4,3,2026-04-17,2026-04-17,,2026-04-17 13:25:00,2026-04-17 14:50:00,,16388.93,85,,true,false,false,false,false
PED-002188,155,3,2,3,2026-04-17,2026-04-17,,2026-04-17 05:34:56,2026-04-17 08:41:56,,1357.32,187,,true,false,false,false,false
PED-002189,90,3,2,3,2026-04-17,2026-04-17,,2026-04-17 19:42:22,2026-04-17 21:23:22,,3747.71,101,,true,false,false,false,false
PED-002190,164,2,4,3,2026-04-17,2026-04-17,,2026-04-17 15:38:10,2026-04-17 15:58:10,,4267.13,20,,true,false,false,false,false
PED-002191,90,5,4,3,2026-04-17,2026-04-17,,2026-04-17 16:47:08,2026-04-17 16:48:08,,1476.81,1,,true,false,false,false,false
PED-002194,167,8,2,3,2026-04-17,2026-04-17,,2026-04-17 06:41:46,2026-04-17 12:18:46,,3011.71,337,,true,false,false,false,false
PED-002196,128,3,2,3,2026-04-17,2026-04-17,,2026-04-17 02:32:43,2026-04-17 03:31:43,,9750.99,59,,true,false,false,false,false
PED-002197,32,9,2,3,2026-04-17,2026-04-18,,2026-04-17 22:50:57,2026-04-18 00:33:57,,18145.14,103,,true,false,false,false,false
PED-002201,198,8,2,3,2026-04-17,2026-04-17,,2026-04-17 08:03:40,2026-04-17 08:37:40,,2263.25,34,,true,false,false,false,false
PED-002202,17,1,2,3,2026-04-18,2026-04-18,,2026-04-18 16:12:18,2026-04-18 22:25:18,,3730.85,373,,true,false,false,false,false
PED-002203,173,10,4,3,2026-04-18,2026-04-18,,2026-04-18 08:05:14,2026-04-18 10:06:14,,6848.19,121,,true,false,false,false,false
PED-002204,39,9,4,3,2026-04-18,2026-04-19,,2026-04-18 23:16:40,2026-04-19 08:26:40,,997.46,550,,true,false,false,false,false
PED-002205,86,8,2,3,2026-04-18,2026-04-18,,2026-04-18 01:30:00,2026-04-18 01:45:00,,3949.59,15,,true,false,false,false,false
PED-002206,78,5,2,3,2026-04-18,2026-04-19,,2026-04-18 23:54:57,2026-04-19 00:13:57,,1980.04,19,,true,false,false,false,false
PED-002208,156,1,1,3,2026-04-18,2026-04-18,,2026-04-18 06:25:23,2026-04-18 15:11:23,,6187.43,526,,true,false,false,false,false
PED-002209,194,3,2,3,2026-04-18,2026-04-18,,2026-04-18 12:32:36,2026-04-18 13:50:36,,2052.78,78,,true,false,false,false,false
PED-002212,99,7,2,3,2026-04-18,2026-04-18,,2026-04-18 05:08:19,2026-04-18 11:29:19,,5806.34,381,,true,false,false,false,false
PED-002213,107,9,1,3,2026-04-18,2026-04-18,,2026-04-18 19:23:58,2026-04-18 22:17:58,,1333.54,174,,true,false,false,false,false
PED-002214,179,5,2,3,2026-04-18,2026-04-19,,2026-04-18 23:24:59,2026-04-19 00:40:59,,2378.23,76,,true,false,false,false,false
PED-002215,26,6,4,3,2026-04-18,2026-04-19,,2026-04-18 23:15:17,2026-04-19 04:15:17,,5276.90,300,,true,false,false,false,false
PED-002217,19,8,2,3,2026-04-18,2026-04-18,,2026-04-18 19:47:11,2026-04-18 19:47:11,,15783.61,0,,true,false,false,false,false
PED-002219,44,6,3,3,2026-04-18,2026-04-18,,2026-04-18 11:48:14,2026-04-18 16:04:14,,2094.55,256,,true,false,false,false,false
PED-002220,138,7,2,3,2026-04-18,2026-04-18,,2026-04-18 16:59:30,2026-04-18 19:20:30,,3886.92,141,,true,false,false,false,false
PED-002221,75,4,2,3,2026-04-18,2026-04-18,,2026-04-18 03:04:15,2026-04-18 04:06:15,,5539.84,62,,true,false,false,false,false
PED-002222,68,6,4,3,2026-04-18,2026-04-18,,2026-04-18 06:05:24,2026-04-18 08:56:24,,4933.20,171,,true,false,false,false,false
PED-002224,54,1,4,3,2026-04-18,2026-04-18,,2026-04-18 10:25:38,2026-04-18 11:25:38,,1022.72,60,,true,false,false,false,false
PED-002225,154,5,4,3,2026-04-18,2026-04-18,,2026-04-18 07:37:32,2026-04-18 08:34:32,,13795.97,57,,true,false,false,false,false
PED-002227,91,1,2,3,2026-04-18,2026-04-19,,2026-04-18 22:07:43,2026-04-19 03:58:43,,7365.52,351,,true,false,false,false,false
PED-002228,55,1,4,3,2026-04-18,2026-04-19,,2026-04-18 20:17:26,2026-04-19 04:31:26,,4168.55,494,,true,false,false,false,false
PED-002229,154,8,2,3,2026-04-18,2026-04-18,,2026-04-18 08:13:41,2026-04-18 08:42:41,,2834.32,29,,true,false,false,false,false
PED-002230,183,4,3,3,2026-04-18,2026-04-18,,2026-04-18 11:51:22,2026-04-18 12:51:22,,3620.49,60,,true,false,false,false,false
PED-002231,14,9,3,3,2026-04-19,2026-04-19,,2026-04-19 00:03:15,2026-04-19 04:58:15,,28627.11,295,,true,false,false,false,false
PED-002232,111,3,3,3,2026-04-19,2026-04-19,,2026-04-19 20:26:07,2026-04-19 23:25:07,,7515.32,179,,true,false,false,false,false
PED-002233,61,8,2,3,2026-04-19,2026-04-19,,2026-04-19 06:58:52,2026-04-19 08:55:52,,14885.27,117,,true,false,false,false,false
PED-002235,57,6,2,3,2026-04-19,2026-04-19,,2026-04-19 06:51:47,2026-04-19 22:03:47,,1785.00,912,,true,false,false,false,false
PED-002238,59,2,4,4,2026-04-19,2026-04-19,,2026-04-19 23:53:46,2026-04-19 23:55:46,,7061.10,2,,true,false,false,false,false
PED-002239,168,9,1,3,2026-04-19,2026-04-19,,2026-04-19 00:47:58,2026-04-19 00:53:58,,1305.33,6,,true,false,false,false,false
PED-002241,197,10,4,3,2026-04-19,2026-04-19,,2026-04-19 10:00:38,2026-04-19 12:31:38,,3664.81,151,,true,false,false,false,false
PED-002242,130,5,2,4,2026-04-19,2026-04-19,,2026-04-19 14:06:07,2026-04-19 14:29:07,,17228.84,23,,true,false,false,false,false
PED-002243,132,7,2,3,2026-04-19,2026-04-19,,2026-04-19 15:08:12,2026-04-19 19:07:12,,3555.41,239,,true,false,false,false,false
PED-002244,186,5,1,3,2026-04-19,2026-04-19,,2026-04-19 11:11:41,2026-04-19 14:11:41,,3655.24,180,,true,false,false,false,false
PED-002245,56,10,3,3,2026-04-19,2026-04-19,,2026-04-19 14:35:04,2026-04-19 15:04:04,,4198.10,29,,true,false,false,false,false
PED-002248,10,1,2,3,2026-04-20,2026-04-20,,2026-04-20 18:55:21,2026-04-20 21:52:21,,3674.18,177,,true,false,false,false,false
PED-002249,197,10,2,3,2026-04-20,2026-04-20,,2026-04-20 14:41:29,2026-04-20 16:58:29,,6973.70,137,,true,false,false,false,false
PED-002250,94,3,2,3,2026-04-20,2026-04-21,,2026-04-20 21:32:41,2026-04-21 00:53:41,,5558.66,201,,true,false,false,false,false
PED-002251,148,1,1,3,2026-04-20,2026-04-21,,2026-04-20 19:27:38,2026-04-21 00:18:38,,1629.24,291,,true,false,false,false,false
PED-002253,179,10,2,3,2026-04-20,2026-04-20,,2026-04-20 10:23:51,2026-04-20 14:27:51,,2398.60,244,,true,false,false,false,false
PED-002254,23,2,2,3,2026-04-20,2026-04-20,,2026-04-20 08:13:58,2026-04-20 09:55:58,,10027.15,102,,true,false,false,false,false
PED-002255,159,5,2,3,2026-04-20,2026-04-21,,2026-04-20 23:58:05,2026-04-21 01:05:05,,4960.14,67,,true,false,false,false,false
PED-002257,18,9,2,3,2026-04-21,2026-04-21,,2026-04-21 02:24:42,2026-04-21 07:36:42,,10717.63,312,,true,false,false,false,false
PED-002261,167,10,2,3,2026-04-21,2026-04-21,,2026-04-21 18:24:02,2026-04-21 18:45:02,,4332.81,21,,true,false,false,false,false
PED-002262,40,2,3,4,2026-04-21,2026-04-21,,2026-04-21 03:26:28,2026-04-21 03:27:28,,3706.70,1,,true,false,false,false,false
PED-002263,121,5,2,3,2026-04-21,2026-04-21,,2026-04-21 19:13:51,2026-04-21 19:50:51,,7040.02,37,,true,false,false,false,false
PED-002264,7,7,4,3,2026-04-21,2026-04-21,,2026-04-21 16:57:53,2026-04-21 20:12:53,,2975.78,195,,true,false,false,false,false
PED-002265,149,4,2,3,2026-04-21,2026-04-21,,2026-04-21 13:16:48,2026-04-21 13:46:48,,1247.98,30,,true,false,false,false,false
PED-002267,101,7,1,3,2026-04-21,2026-04-22,,2026-04-21 22:50:53,2026-04-22 02:22:53,,2525.00,212,,true,false,false,false,false
PED-002269,180,3,1,3,2026-04-21,2026-04-21,,2026-04-21 14:52:19,2026-04-21 17:00:19,,8397.90,128,,true,false,false,false,false
PED-002271,108,6,3,3,2026-04-21,2026-04-21,,2026-04-21 01:26:07,2026-04-21 01:54:07,,7538.59,28,,true,false,false,false,false
PED-002272,64,6,2,3,2026-04-21,2026-04-21,,2026-04-21 08:44:37,2026-04-21 08:49:37,,10406.56,5,,true,false,false,false,false
PED-002274,125,10,2,3,2026-04-21,2026-04-21,,2026-04-21 06:01:03,2026-04-21 07:17:03,,2070.50,76,,true,false,false,false,false
PED-002277,165,4,2,3,2026-04-21,2026-04-21,,2026-04-21 23:29:27,2026-04-21 23:42:27,,5542.56,13,,true,false,false,false,false
PED-002278,147,1,4,3,2026-04-21,2026-04-21,,2026-04-21 08:15:39,2026-04-21 09:11:39,,2507.97,56,,true,false,false,false,false
PED-002280,189,4,2,3,2026-04-21,2026-04-21,,2026-04-21 14:52:27,2026-04-21 15:54:27,,1913.67,62,,true,false,false,false,false
PED-002281,97,5,2,3,2026-04-21,2026-04-21,,2026-04-21 05:03:37,2026-04-21 11:14:37,,1892.87,371,,true,false,false,false,false
PED-002284,83,2,2,3,2026-04-21,2026-04-21,,2026-04-21 00:41:20,2026-04-21 00:50:20,,2882.53,9,,true,false,false,false,false
PED-002285,50,8,2,3,2026-04-21,2026-04-21,,2026-04-21 06:37:45,2026-04-21 15:47:45,,3009.16,550,,true,false,false,false,false
PED-002286,123,2,1,3,2026-04-21,2026-04-21,,2026-04-21 20:18:26,2026-04-21 22:05:26,,11789.81,107,,true,false,false,false,false
PED-002287,62,6,2,3,2026-04-21,2026-04-21,,2026-04-21 03:02:02,2026-04-21 06:13:02,,6254.94,191,,true,false,false,false,false
PED-002288,60,7,2,3,2026-04-21,2026-04-21,,2026-04-21 13:51:43,2026-04-21 16:26:43,,3300.33,155,,true,false,false,false,false
PED-002289,185,3,3,3,2026-04-21,2026-04-21,,2026-04-21 13:53:35,2026-04-21 17:10:35,,9829.13,197,,true,false,false,false,false
PED-002290,157,10,2,3,2026-04-22,2026-04-22,,2026-04-22 16:08:26,2026-04-22 16:28:26,,4456.96,20,,true,false,false,false,false
PED-002291,170,2,1,3,2026-04-22,2026-04-22,,2026-04-22 00:30:07,2026-04-22 02:59:07,,20454.64,149,,true,false,false,false,false
PED-002292,167,4,2,3,2026-04-22,2026-04-22,,2026-04-22 09:22:02,2026-04-22 13:17:02,,2058.14,235,,true,false,false,false,false
PED-002293,21,1,2,3,2026-04-22,2026-04-22,,2026-04-22 05:35:36,2026-04-22 08:54:36,,10035.70,199,,true,false,false,false,false
PED-002294,7,8,2,3,2026-04-22,2026-04-22,,2026-04-22 21:23:46,2026-04-22 23:24:46,,5873.67,121,,true,false,false,false,false
PED-002295,155,10,2,3,2026-04-22,2026-04-22,,2026-04-22 16:18:02,2026-04-22 17:34:02,,2523.09,76,,true,false,false,false,false
PED-002296,92,6,2,3,2026-04-22,2026-04-22,,2026-04-22 00:36:12,2026-04-22 08:25:12,,8311.96,469,,true,false,false,false,false
PED-002297,6,6,2,3,2026-04-22,2026-04-22,,2026-04-22 10:37:06,2026-04-22 15:40:06,,12695.36,303,,true,false,false,false,false
PED-002298,130,1,1,3,2026-04-22,2026-04-22,,2026-04-22 20:40:43,2026-04-22 22:16:43,,8805.97,96,,true,false,false,false,false
PED-002299,86,10,2,3,2026-04-22,2026-04-22,,2026-04-22 06:03:40,2026-04-22 10:07:40,,4155.45,244,,true,false,false,false,false
PED-002301,27,7,2,4,2026-04-22,2026-04-22,,2026-04-22 20:53:58,2026-04-22 21:04:58,,4872.86,11,,true,false,false,false,false
PED-002303,169,10,3,4,2026-04-22,2026-04-22,,2026-04-22 17:21:55,2026-04-22 19:41:55,,1839.67,140,,true,false,false,false,false
PED-002304,186,2,3,3,2026-04-23,2026-04-23,,2026-04-23 17:46:25,2026-04-23 19:15:25,,2814.19,89,,true,false,false,false,false
PED-002305,170,4,1,3,2026-04-23,2026-04-23,,2026-04-23 19:21:35,2026-04-23 21:34:35,,33514.04,133,,true,false,false,false,false
PED-002308,63,7,2,3,2026-04-23,2026-04-23,,2026-04-23 20:39:39,2026-04-23 21:29:39,,1628.16,50,,true,false,false,false,false
PED-002309,158,9,2,3,2026-04-23,2026-04-24,,2026-04-23 15:30:06,2026-04-24 02:26:06,,6124.26,656,,true,false,false,false,false
PED-002310,172,4,2,3,2026-04-23,2026-04-24,,2026-04-23 23:04:13,2026-04-24 06:17:13,,25845.03,433,,true,false,false,false,false
PED-002311,94,10,4,3,2026-04-23,2026-04-24,,2026-04-23 22:47:33,2026-04-24 01:07:33,,2095.96,140,,true,false,false,false,false
PED-002312,170,2,3,4,2026-04-23,2026-04-23,,2026-04-23 07:43:19,2026-04-23 08:10:19,,2183.24,27,,true,false,false,false,false
PED-002314,19,4,2,3,2026-04-23,2026-04-23,,2026-04-23 07:43:44,2026-04-23 12:57:44,,6141.11,314,,true,false,false,false,false
PED-002320,126,8,4,4,2026-04-23,2026-04-23,,2026-04-23 20:13:53,2026-04-23 22:44:53,,4926.62,151,,true,false,false,false,false
PED-002322,65,4,2,3,2026-04-23,2026-04-23,,2026-04-23 08:15:49,2026-04-23 11:20:49,,3909.67,185,,true,false,false,false,false
PED-002324,149,8,1,4,2026-04-23,2026-04-24,,2026-04-23 21:39:56,2026-04-24 03:26:56,,35346.84,347,,true,false,false,false,false
PED-002325,170,9,4,3,2026-04-23,2026-04-23,,2026-04-23 16:28:50,2026-04-23 18:50:50,,1727.78,142,,true,false,false,false,false
PED-002326,14,5,3,3,2026-04-23,2026-04-23,,2026-04-23 18:58:51,2026-04-23 21:24:51,,5926.97,146,,true,false,false,false,false
PED-002327,160,9,2,3,2026-04-23,2026-04-23,,2026-04-23 16:44:13,2026-04-23 18:08:13,,5455.75,84,,true,false,false,false,false
PED-002328,158,2,1,4,2026-04-23,2026-04-23,,2026-04-23 14:12:22,2026-04-23 14:54:22,,6693.36,42,,true,false,false,false,false
PED-002329,50,10,4,3,2026-04-23,2026-04-23,,2026-04-23 11:58:13,2026-04-23 12:14:13,,3069.83,16,,true,false,false,false,false
PED-002330,22,2,3,3,2026-04-24,2026-04-24,,2026-04-24 14:59:01,2026-04-24 15:39:01,,11646.19,40,,true,false,false,false,false
PED-002331,168,3,2,3,2026-04-24,2026-04-24,,2026-04-24 09:29:37,2026-04-24 13:11:37,,11883.64,222,,true,false,false,false,false
PED-002332,30,2,1,3,2026-04-24,2026-04-24,,2026-04-24 13:24:52,2026-04-24 16:17:52,,7526.61,173,,true,false,false,false,false
PED-002333,39,6,1,3,2026-04-24,2026-04-24,,2026-04-24 21:23:12,2026-04-24 21:48:12,,587.55,25,,true,false,false,false,false
PED-002334,170,7,4,4,2026-04-24,2026-04-24,,2026-04-24 11:17:54,2026-04-24 12:52:54,,7594.95,95,,true,false,false,false,false
PED-002335,92,4,2,3,2026-04-24,2026-04-24,,2026-04-24 20:06:44,2026-04-24 21:46:44,,7721.02,100,,true,false,false,false,false
PED-002336,164,10,4,3,2026-04-24,2026-04-24,,2026-04-24 16:01:59,2026-04-24 16:06:59,,15247.58,5,,true,false,false,false,false
PED-002337,119,7,2,3,2026-04-24,2026-04-24,,2026-04-24 22:16:37,2026-04-24 23:35:37,,2551.40,79,,true,false,false,false,false
PED-002338,75,3,2,3,2026-04-24,2026-04-24,,2026-04-24 20:49:16,2026-04-24 22:06:16,,4314.17,77,,true,false,false,false,false
PED-002339,63,10,2,3,2026-04-24,2026-04-24,,2026-04-24 15:53:32,2026-04-24 21:36:32,,3393.05,343,,true,false,false,false,false
PED-002340,91,10,2,3,2026-04-24,2026-04-24,,2026-04-24 08:56:37,2026-04-24 09:42:37,,38721.67,46,,true,false,false,false,false
PED-002341,137,10,2,3,2026-04-24,2026-04-24,,2026-04-24 07:07:12,2026-04-24 07:42:12,,4850.66,35,,true,false,false,false,false
PED-002343,8,10,4,3,2026-04-24,2026-04-24,,2026-04-24 08:43:08,2026-04-24 10:49:08,,4454.56,126,,true,false,false,false,false
PED-002344,161,8,4,4,2026-04-24,2026-04-24,,2026-04-24 14:45:06,2026-04-24 17:39:06,,2854.73,174,,true,false,false,false,false
PED-002346,49,2,2,3,2026-04-24,2026-04-24,,2026-04-24 07:13:11,2026-04-24 14:12:11,,4680.97,419,,true,false,false,false,false
PED-002347,62,1,1,3,2026-04-24,2026-04-24,,2026-04-24 04:42:50,2026-04-24 05:33:50,,12589.25,51,,true,false,false,false,false
PED-002348,6,6,2,3,2026-04-25,2026-04-25,,2026-04-25 13:35:14,2026-04-25 14:37:14,,3988.04,62,,true,false,false,false,false
PED-002349,177,5,1,3,2026-04-25,2026-04-26,,2026-04-25 23:27:54,2026-04-26 02:46:54,,11370.71,199,,true,false,false,false,false
PED-002351,32,3,1,3,2026-04-25,2026-04-26,,2026-04-25 17:52:29,2026-04-26 01:32:29,,11711.35,460,,true,false,false,false,false
PED-002353,197,3,2,3,2026-04-25,2026-04-25,,2026-04-25 01:20:07,2026-04-25 01:43:07,,28566.92,23,,true,false,false,false,false
PED-002354,80,6,1,3,2026-04-25,2026-04-25,,2026-04-25 16:47:50,2026-04-25 21:54:50,,24452.56,307,,true,false,false,false,false
PED-002357,16,9,2,3,2026-04-25,2026-04-25,,2026-04-25 18:55:16,2026-04-25 21:03:16,,2129.19,128,,true,false,false,false,false
PED-002358,169,5,2,3,2026-04-25,2026-04-26,,2026-04-25 20:53:33,2026-04-26 00:08:33,,3009.35,195,,true,false,false,false,false
PED-002359,41,1,4,3,2026-04-25,2026-04-25,,2026-04-25 10:02:23,2026-04-25 10:51:23,,1630.36,49,,true,false,false,false,false
PED-002360,104,2,2,3,2026-04-25,2026-04-25,,2026-04-25 13:13:11,2026-04-25 15:14:11,,2419.88,121,,true,false,false,false,false
PED-002361,116,9,2,3,2026-04-25,2026-04-25,,2026-04-25 02:18:09,2026-04-25 03:08:09,,1447.48,50,,true,false,false,false,false
PED-002362,134,10,2,3,2026-04-25,2026-04-25,,2026-04-25 03:52:00,2026-04-25 05:01:00,,6830.96,69,,true,false,false,false,false
PED-002364,176,4,1,4,2026-04-25,2026-04-25,,2026-04-25 05:59:53,2026-04-25 06:11:53,,9920.55,12,,true,false,false,false,false
PED-002365,8,3,2,3,2026-04-25,2026-04-26,,2026-04-25 19:48:15,2026-04-26 04:04:15,,11335.20,496,,true,false,false,false,false
PED-002367,25,7,4,3,2026-04-25,2026-04-25,,2026-04-25 15:45:49,2026-04-25 19:19:49,,1946.86,214,,true,false,false,false,false
PED-002368,165,6,3,3,2026-04-25,2026-04-25,,2026-04-25 06:21:42,2026-04-25 09:01:42,,7752.89,160,,true,false,false,false,false
PED-002369,138,3,2,3,2026-04-25,2026-04-25,,2026-04-25 19:26:04,2026-04-25 19:50:04,,8883.57,24,,true,false,false,false,false
PED-002370,190,4,2,3,2026-04-25,2026-04-25,,2026-04-25 18:20:53,2026-04-25 21:42:53,,2435.56,202,,true,false,false,false,false
PED-002371,166,10,1,3,2026-04-25,2026-04-25,,2026-04-25 01:35:26,2026-04-25 03:07:26,,18181.94,92,,true,false,false,false,false
PED-002372,102,1,4,3,2026-04-25,2026-04-25,,2026-04-25 02:58:46,2026-04-25 03:03:46,,13160.35,5,,true,false,false,false,false
PED-002374,70,8,3,3,2026-04-25,2026-04-26,,2026-04-25 22:40:35,2026-04-26 02:23:35,,9042.03,223,,true,false,false,false,false
PED-002376,185,6,3,3,2026-04-25,2026-04-25,,2026-04-25 10:59:10,2026-04-25 14:25:10,,23565.79,206,,true,false,false,false,false
PED-002377,156,5,4,3,2026-04-25,2026-04-25,,2026-04-25 07:50:49,2026-04-25 12:28:49,,4827.09,278,,true,false,false,false,false
PED-002378,11,5,4,3,2026-04-25,2026-04-25,,2026-04-25 14:43:03,2026-04-25 19:15:03,,2975.96,272,,true,false,false,false,false
PED-002379,45,1,3,3,2026-04-25,2026-04-25,,2026-04-25 06:22:13,2026-04-25 07:39:13,,11240.19,77,,true,false,false,false,false
PED-002380,61,8,3,4,2026-04-25,2026-04-25,,2026-04-25 15:42:16,2026-04-25 16:06:16,,3964.36,24,,true,false,false,false,false
PED-002381,24,6,4,3,2026-04-25,2026-04-25,,2026-04-25 06:56:17,2026-04-25 14:06:17,,4851.35,430,,true,false,false,false,false
PED-002382,83,5,3,3,2026-04-25,2026-04-25,,2026-04-25 08:33:41,2026-04-25 13:16:41,,1224.62,283,,true,false,false,false,false
PED-002383,119,8,1,3,2026-04-25,2026-04-26,,2026-04-25 22:46:57,2026-04-26 00:24:57,,4321.15,98,,true,false,false,false,false
PED-002385,200,8,2,3,2026-04-25,2026-04-25,,2026-04-25 13:25:07,2026-04-25 19:07:07,,13247.75,342,,true,false,false,false,false
PED-002386,18,6,4,3,2026-04-26,2026-04-26,,2026-04-26 11:39:45,2026-04-26 12:46:45,,2026.74,67,,true,false,false,false,false
PED-002387,160,9,2,3,2026-04-26,2026-04-26,,2026-04-26 16:24:11,2026-04-26 17:50:11,,4474.86,86,,true,false,false,false,false
PED-002388,156,6,3,3,2026-04-26,2026-04-26,,2026-04-26 10:47:28,2026-04-26 11:52:28,,8475.15,65,,true,false,false,false,false
PED-002391,76,2,2,3,2026-04-26,2026-04-26,,2026-04-26 09:45:24,2026-04-26 13:32:24,,1146.13,227,,true,false,false,false,false
PED-002397,22,2,4,3,2026-04-26,2026-04-26,,2026-04-26 01:20:59,2026-04-26 04:47:59,,1122.22,207,,true,false,false,false,false
PED-002398,107,8,2,4,2026-04-26,2026-04-26,,2026-04-26 00:42:35,2026-04-26 03:49:35,,7214.05,187,,true,false,false,false,false
PED-002399,70,2,4,3,2026-04-26,2026-04-26,,2026-04-26 17:22:36,2026-04-26 17:37:36,,3959.94,15,,true,false,false,false,false
PED-002400,112,8,2,3,2026-04-26,2026-04-26,,2026-04-26 13:15:43,2026-04-26 13:24:43,,1365.04,9,,true,false,false,false,false
PED-002401,82,6,4,3,2026-04-26,2026-04-26,,2026-04-26 22:28:27,2026-04-26 23:07:27,,1328.54,39,,true,false,false,false,false
PED-002403,149,6,2,4,2026-04-26,2026-04-26,,2026-04-26 03:55:39,2026-04-26 04:27:39,,3937.28,32,,true,false,false,false,false
PED-002404,27,2,4,3,2026-04-26,2026-04-26,,2026-04-26 15:20:44,2026-04-26 19:58:44,,2546.10,278,,true,false,false,false,false
PED-002405,78,10,3,4,2026-04-26,2026-04-26,,2026-04-26 17:12:00,2026-04-26 19:09:00,,9572.15,117,,true,false,false,false,false
PED-002407,152,2,1,3,2026-04-26,2026-04-27,,2026-04-26 18:43:14,2026-04-27 02:17:14,,17500.90,454,,true,false,false,false,false
PED-002411,34,5,1,3,2026-04-27,2026-04-28,,2026-04-27 21:39:45,2026-04-28 02:04:45,,3465.43,265,,true,false,false,false,false
PED-002413,190,9,2,3,2026-04-27,2026-04-27,,2026-04-27 01:38:28,2026-04-27 04:13:28,,8061.32,155,,true,false,false,false,false
PED-002414,158,6,3,3,2026-04-27,2026-04-27,,2026-04-27 21:00:35,2026-04-27 21:58:35,,17728.30,58,,true,false,false,false,false
PED-002415,183,10,3,3,2026-04-27,2026-04-27,,2026-04-27 14:40:59,2026-04-27 15:13:59,,5228.03,33,,true,false,false,false,false
PED-002416,196,5,1,3,2026-04-27,2026-04-28,,2026-04-27 19:16:17,2026-04-28 00:41:17,,4711.69,325,,true,false,false,false,false
PED-002417,121,1,3,3,2026-04-27,2026-04-27,,2026-04-27 05:44:21,2026-04-27 09:04:21,,6279.91,200,,true,false,false,false,false
PED-002418,4,1,1,3,2026-04-27,2026-04-27,,2026-04-27 03:37:12,2026-04-27 08:59:12,,543.08,322,,true,false,false,false,false
PED-002419,186,10,3,3,2026-04-27,2026-04-28,,2026-04-27 22:38:07,2026-04-28 02:04:07,,10700.73,206,,true,false,false,false,false
PED-002420,160,9,4,3,2026-04-27,2026-04-27,,2026-04-27 06:39:25,2026-04-27 10:06:25,,3775.69,207,,true,false,false,false,false
PED-002421,152,3,2,3,2026-04-27,2026-04-27,,2026-04-27 21:43:12,2026-04-27 22:45:12,,1720.95,62,,true,false,false,false,false
PED-002422,72,1,2,4,2026-04-27,2026-04-27,,2026-04-27 13:22:47,2026-04-27 14:48:47,,2694.33,86,,true,false,false,false,false
PED-002423,56,10,4,4,2026-04-27,2026-04-27,,2026-04-27 04:41:20,2026-04-27 06:31:20,,5631.52,110,,true,false,false,false,false
PED-002425,95,2,2,3,2026-04-27,2026-04-27,,2026-04-27 11:05:15,2026-04-27 11:59:15,,6660.95,54,,true,false,false,false,false
PED-002426,170,3,2,4,2026-04-27,2026-04-27,,2026-04-27 15:22:24,2026-04-27 15:53:24,,9148.07,31,,true,false,false,false,false
PED-002427,99,3,4,3,2026-04-27,2026-04-27,,2026-04-27 05:37:25,2026-04-27 09:21:25,,4273.98,224,,true,false,false,false,false
PED-002428,143,1,3,3,2026-04-28,2026-04-28,,2026-04-28 17:14:50,2026-04-28 23:27:50,,12842.49,373,,true,false,false,false,false
PED-002429,144,3,2,4,2026-04-28,2026-04-28,,2026-04-28 17:23:54,2026-04-28 17:30:54,,5736.54,7,,true,false,false,false,false
PED-002430,148,3,1,3,2026-04-28,2026-04-28,,2026-04-28 05:16:07,2026-04-28 10:38:07,,1873.95,322,,true,false,false,false,false
PED-002431,125,4,2,3,2026-04-28,2026-04-28,,2026-04-28 16:01:32,2026-04-28 16:26:32,,2922.02,25,,true,false,false,false,false
PED-002432,6,3,2,3,2026-04-28,2026-04-28,,2026-04-28 21:11:09,2026-04-28 21:25:09,,6709.05,14,,true,false,false,false,false
PED-002433,124,10,2,3,2026-04-28,2026-04-28,,2026-04-28 03:19:39,2026-04-28 04:55:39,,4087.90,96,,true,false,false,false,false
PED-002436,86,4,3,4,2026-04-28,2026-04-28,,2026-04-28 03:29:52,2026-04-28 10:09:52,,10833.59,400,,true,false,false,false,false
PED-002437,70,3,2,3,2026-04-28,2026-04-28,,2026-04-28 14:17:40,2026-04-28 18:57:40,,15863.77,280,,true,false,false,false,false
PED-002439,82,1,1,3,2026-04-28,2026-04-28,,2026-04-28 03:46:23,2026-04-28 11:45:23,,1627.21,479,,true,false,false,false,false
PED-002440,184,8,2,3,2026-04-28,2026-04-28,,2026-04-28 21:59:31,2026-04-28 23:36:31,,28621.90,97,,true,false,false,false,false
PED-002443,187,9,2,4,2026-04-28,2026-04-29,,2026-04-28 23:32:10,2026-04-29 02:46:10,,9175.93,194,,true,false,false,false,false
PED-002444,137,3,2,3,2026-04-28,2026-04-28,,2026-04-28 17:40:44,2026-04-28 18:23:44,,14709.67,43,,true,false,false,false,false
PED-002445,28,4,2,3,2026-04-28,2026-04-28,,2026-04-28 03:26:28,2026-04-28 05:40:28,,14370.88,134,,true,false,false,false,false
PED-002446,34,4,3,3,2026-04-28,2026-04-29,,2026-04-28 18:11:12,2026-04-29 00:57:12,,2476.65,406,,true,false,false,false,false
PED-002447,191,9,3,4,2026-04-28,2026-04-28,,2026-04-28 10:37:01,2026-04-28 15:01:01,,5613.84,264,,true,false,false,false,false
PED-002448,18,6,2,3,2026-04-29,2026-04-29,,2026-04-29 08:59:22,2026-04-29 17:35:22,,6669.30,516,,true,false,false,false,false
PED-002449,34,8,3,3,2026-04-29,2026-04-29,,2026-04-29 15:50:43,2026-04-29 23:13:43,,10624.47,443,,true,false,false,false,false
PED-002450,181,9,2,3,2026-04-29,2026-04-29,,2026-04-29 13:12:16,2026-04-29 13:13:16,,1202.82,1,,true,false,false,false,false
PED-002451,141,10,2,3,2026-04-29,2026-04-29,,2026-04-29 21:10:34,2026-04-29 23:21:34,,8138.73,131,,true,false,false,false,false
PED-002452,114,6,2,3,2026-04-29,2026-04-29,,2026-04-29 05:58:59,2026-04-29 09:51:59,,6057.49,233,,true,false,false,false,false
PED-002454,70,8,2,3,2026-04-29,2026-04-29,,2026-04-29 03:45:48,2026-04-29 07:03:48,,26530.34,198,,true,false,false,false,false
PED-002455,140,2,2,3,2026-04-29,2026-04-29,,2026-04-29 10:07:15,2026-04-29 10:42:15,,3679.07,35,,true,false,false,false,false
PED-002456,16,9,4,3,2026-04-29,2026-04-30,,2026-04-29 21:43:01,2026-04-30 05:53:01,,4785.37,490,,true,false,false,false,false
PED-002457,31,1,2,3,2026-04-29,2026-04-29,,2026-04-29 12:28:44,2026-04-29 15:46:44,,7305.42,198,,true,false,false,false,false
PED-002458,22,2,2,3,2026-04-29,2026-04-29,,2026-04-29 05:44:47,2026-04-29 16:50:47,,14948.29,666,,true,false,false,false,false
PED-002459,90,9,4,3,2026-04-29,2026-04-29,,2026-04-29 15:07:19,2026-04-29 23:18:19,,1917.89,491,,true,false,false,false,false
PED-002461,144,6,4,3,2026-04-29,2026-04-29,,2026-04-29 11:28:33,2026-04-29 15:19:33,,12406.01,231,,true,false,false,false,false
PED-002462,200,2,2,3,2026-04-29,2026-04-29,,2026-04-29 01:09:41,2026-04-29 07:27:41,,5156.49,378,,true,false,false,false,false
PED-002464,167,4,3,3,2026-04-29,2026-04-29,,2026-04-29 06:49:25,2026-04-29 18:56:25,,4990.90,727,,true,false,false,false,false
PED-002465,104,5,2,4,2026-04-29,2026-04-29,,2026-04-29 18:13:19,2026-04-29 20:00:19,,32527.68,107,,true,false,false,false,false
PED-002466,127,3,4,3,2026-04-29,2026-04-29,,2026-04-29 01:48:53,2026-04-29 10:04:53,,11151.79,496,,true,false,false,false,false
PED-002469,120,10,1,3,2026-04-29,2026-04-29,,2026-04-29 10:49:45,2026-04-29 11:15:45,,9227.68,26,,true,false,false,false,false
PED-002471,134,1,2,3,2026-04-29,2026-04-29,,2026-04-29 11:41:44,2026-04-29 12:55:44,,3777.78,74,,true,false,false,false,false
PED-002472,141,1,2,3,2026-04-29,2026-04-29,,2026-04-29 02:21:58,2026-04-29 03:47:58,,699.20,86,,true,false,false,false,false
PED-002473,130,4,1,3,2026-04-29,2026-04-29,,2026-04-29 00:57:17,2026-04-29 00:59:17,,2598.57,2,,true,false,false,false,false
PED-002474,62,6,3,3,2026-04-29,2026-04-29,,2026-04-29 15:32:39,2026-04-29 21:54:39,,3618.30,382,,true,false,false,false,false
PED-002475,62,1,2,3,2026-04-29,2026-04-29,,2026-04-29 13:00:19,2026-04-29 14:54:19,,14396.34,114,,true,false,false,false,false
PED-002476,181,8,2,3,2026-04-29,2026-04-29,,2026-04-29 11:22:02,2026-04-29 19:07:02,,7421.29,465,,true,false,false,false,false
PED-002477,41,2,1,3,2026-04-29,2026-04-29,,2026-04-29 04:03:35,2026-04-29 07:04:35,,2150.53,181,,true,false,false,false,false
PED-002480,82,9,2,3,2026-04-30,2026-04-30,,2026-04-30 17:11:01,2026-04-30 18:53:01,,2962.50,102,,true,false,false,false,false
PED-002483,24,1,2,3,2026-04-30,2026-05-01,,2026-04-30 23:36:34,2026-05-01 00:46:34,,13548.09,70,,true,false,false,false,false
PED-002484,182,9,4,3,2026-04-30,2026-05-01,,2026-04-30 14:30:47,2026-05-01 02:25:47,,2185.29,715,,true,false,false,false,false
PED-002485,15,7,2,3,2026-04-30,2026-04-30,,2026-04-30 15:50:15,2026-04-30 16:11:15,,506.30,21,,true,false,false,false,false
PED-002489,160,9,2,3,2026-04-30,2026-04-30,,2026-04-30 11:30:59,2026-04-30 12:04:59,,7372.14,34,,true,false,false,false,false
PED-002491,60,9,4,3,2026-04-30,2026-04-30,,2026-04-30 14:18:39,2026-04-30 15:13:39,,12326.83,55,,true,false,false,false,false
PED-002492,191,2,2,3,2026-04-30,2026-04-30,,2026-04-30 13:39:02,2026-04-30 14:58:02,,25952.69,79,,true,false,false,false,false
PED-002493,1,8,2,3,2026-04-30,2026-04-30,,2026-04-30 17:59:49,2026-04-30 21:00:49,,960.62,181,,true,false,false,false,false
PED-002494,48,8,4,3,2026-04-30,2026-04-30,,2026-04-30 18:51:42,2026-04-30 23:41:42,,3053.70,290,,true,false,false,false,false
PED-002495,179,2,1,3,2026-04-30,2026-04-30,,2026-04-30 15:29:22,2026-04-30 23:45:22,,2537.91,496,,true,false,false,false,false
PED-002496,197,3,2,4,2026-04-30,2026-04-30,,2026-04-30 09:02:14,2026-04-30 13:11:14,,1639.62,249,,true,false,false,false,false
PED-002498,107,4,3,4,2026-04-30,2026-04-30,,2026-04-30 16:20:41,2026-04-30 16:35:41,,4536.31,15,,true,false,false,false,false
PED-002499,15,5,1,3,2026-04-30,2026-04-30,,2026-04-30 13:15:42,2026-04-30 17:50:42,,8678.09,275,,true,false,false,false,false
PED-002501,56,1,3,3,2026-04-30,2026-04-30,,2026-04-30 06:52:08,2026-04-30 10:07:08,,1605.78,195,,true,false,false,false,false
PED-002503,188,1,4,3,2026-04-30,2026-04-30,,2026-04-30 01:08:29,2026-04-30 01:54:29,,3318.82,46,,true,false,false,false,false
PED-002504,146,1,3,3,2026-04-30,2026-04-30,,2026-04-30 03:17:24,2026-04-30 04:17:24,,7309.54,60,,true,false,false,false,false
PED-002505,54,2,2,3,2026-05-01,2026-05-01,,2026-05-01 07:16:34,2026-05-01 07:40:34,,4943.07,24,,true,false,false,false,false
PED-002507,176,9,2,3,2026-05-01,2026-05-01,,2026-05-01 22:55:01,2026-05-01 23:33:01,,14826.25,38,,true,false,false,false,false
PED-002509,83,10,3,3,2026-05-01,2026-05-01,,2026-05-01 09:09:16,2026-05-01 12:43:16,,1422.60,214,,true,false,false,false,false
PED-002510,100,4,4,3,2026-05-01,2026-05-01,,2026-05-01 17:16:32,2026-05-01 18:47:32,,1353.19,91,,true,false,false,false,false
PED-002511,187,8,2,3,2026-05-01,2026-05-01,,2026-05-01 10:24:37,2026-05-01 11:19:37,,15866.22,55,,true,false,false,false,false
PED-002513,125,7,4,4,2026-05-01,2026-05-01,,2026-05-01 08:10:23,2026-05-01 08:12:23,,13123.09,2,,true,false,false,false,false
PED-002514,99,9,1,3,2026-05-01,2026-05-01,,2026-05-01 05:16:44,2026-05-01 05:27:44,,1789.66,11,,true,false,false,false,false
PED-002516,93,2,3,3,2026-05-01,2026-05-01,,2026-05-01 07:22:42,2026-05-01 11:48:42,,24049.77,266,,true,false,false,false,false
PED-002517,74,1,2,3,2026-05-01,2026-05-01,,2026-05-01 14:59:00,2026-05-01 16:18:00,,4888.34,79,,true,false,false,false,false
PED-002519,18,1,2,3,2026-05-02,2026-05-02,,2026-05-02 08:23:22,2026-05-02 16:51:22,,1359.84,508,,true,false,false,false,false
PED-002520,169,5,2,3,2026-05-02,2026-05-02,,2026-05-02 13:44:30,2026-05-02 15:22:30,,677.03,98,,true,false,false,false,false
PED-002521,117,9,3,3,2026-05-02,2026-05-02,,2026-05-02 01:11:26,2026-05-02 03:49:26,,17158.22,158,,true,false,false,false,false
PED-002523,96,9,2,3,2026-05-02,2026-05-02,,2026-05-02 03:39:10,2026-05-02 05:49:10,,8749.05,130,,true,false,false,false,false
PED-002524,96,10,4,3,2026-05-02,2026-05-02,,2026-05-02 02:55:38,2026-05-02 07:59:38,,11625.50,304,,true,false,false,false,false
PED-002526,26,9,1,4,2026-05-02,2026-05-02,,2026-05-02 15:54:07,2026-05-02 16:21:07,,5034.16,27,,true,false,false,false,false
PED-002528,59,10,4,3,2026-05-02,2026-05-02,,2026-05-02 03:26:14,2026-05-02 05:50:14,,2753.63,144,,true,false,false,false,false
PED-002529,21,6,1,3,2026-05-02,2026-05-02,,2026-05-02 04:07:14,2026-05-02 07:47:14,,1912.61,220,,true,false,false,false,false
PED-002530,20,6,1,3,2026-05-02,2026-05-02,,2026-05-02 09:54:05,2026-05-02 11:45:05,,760.43,111,,true,false,false,false,false
PED-002531,180,10,3,3,2026-05-02,2026-05-02,,2026-05-02 05:59:58,2026-05-02 06:22:58,,5576.07,23,,true,false,false,false,false
PED-002532,72,1,2,3,2026-05-02,2026-05-02,,2026-05-02 03:09:05,2026-05-02 08:35:05,,5365.46,326,,true,false,false,false,false
PED-002535,190,4,1,3,2026-05-02,2026-05-02,,2026-05-02 17:07:37,2026-05-02 18:55:37,,10151.90,108,,true,false,false,false,false
PED-002536,110,3,4,3,2026-05-02,2026-05-02,,2026-05-02 12:14:44,2026-05-02 12:25:44,,4898.31,11,,true,false,false,false,false
PED-002539,56,10,2,3,2026-05-02,2026-05-03,,2026-05-02 22:13:50,2026-05-03 00:15:50,,9482.91,122,,true,false,false,false,false
PED-002540,108,5,1,3,2026-05-02,2026-05-03,,2026-05-02 22:13:21,2026-05-03 00:16:21,,1211.65,123,,true,false,false,false,false
PED-002541,103,4,2,3,2026-05-03,2026-05-03,,2026-05-03 13:36:11,2026-05-03 17:02:11,,15070.65,206,,true,false,false,false,false
PED-002542,162,1,2,3,2026-05-03,2026-05-03,,2026-05-03 20:05:24,2026-05-03 20:12:24,,2379.35,7,,true,false,false,false,false
PED-002545,46,9,2,3,2026-05-03,2026-05-03,,2026-05-03 03:52:25,2026-05-03 08:12:25,,2138.87,260,,true,false,false,false,false
PED-002546,107,10,3,3,2026-05-03,2026-05-03,,2026-05-03 06:41:02,2026-05-03 06:58:02,,1435.96,17,,true,false,false,false,false
PED-002547,196,1,1,3,2026-05-03,2026-05-03,,2026-05-03 14:57:10,2026-05-03 17:26:10,,1791.79,149,,true,false,false,false,false
PED-002548,145,7,4,3,2026-05-03,2026-05-03,,2026-05-03 02:10:05,2026-05-03 04:29:05,,4391.91,139,,true,false,false,false,false
PED-002549,92,7,3,4,2026-05-03,2026-05-03,,2026-05-03 11:40:21,2026-05-03 11:55:21,,12485.05,15,,true,false,false,false,false
PED-002552,75,4,1,3,2026-05-03,2026-05-03,,2026-05-03 19:17:10,2026-05-03 20:48:10,,3061.22,91,,true,false,false,false,false
PED-002553,26,7,1,3,2026-05-03,2026-05-04,,2026-05-03 23:43:49,2026-05-04 00:29:49,,14709.22,46,,true,false,false,false,false
PED-002554,172,8,2,3,2026-05-03,2026-05-03,,2026-05-03 20:51:07,2026-05-03 20:58:07,,10554.73,7,,true,false,false,false,false
PED-002555,127,5,2,3,2026-05-03,2026-05-03,,2026-05-03 00:30:32,2026-05-03 03:32:32,,3333.84,182,,true,false,false,false,false
PED-002556,133,8,1,4,2026-05-03,2026-05-03,,2026-05-03 07:38:53,2026-05-03 15:44:53,,7228.78,486,,true,false,false,false,false
PED-002557,4,8,2,3,2026-05-03,2026-05-03,,2026-05-03 13:56:36,2026-05-03 13:59:36,,2640.04,3,,true,false,false,false,false
PED-002559,134,7,2,3,2026-05-04,2026-05-04,,2026-05-04 08:59:07,2026-05-04 14:10:07,,13331.21,311,,true,false,false,false,false
PED-002561,158,6,1,3,2026-05-04,2026-05-04,,2026-05-04 18:58:15,2026-05-04 19:17:15,,12091.04,19,,true,false,false,false,false
PED-002562,49,6,4,3,2026-05-04,2026-05-04,,2026-05-04 12:24:31,2026-05-04 21:10:31,,1832.91,526,,true,false,false,false,false
PED-002563,106,8,2,3,2026-05-04,2026-05-04,,2026-05-04 03:20:47,2026-05-04 06:18:47,,1060.14,178,,true,false,false,false,false
PED-002564,164,3,2,3,2026-05-04,2026-05-04,,2026-05-04 01:36:57,2026-05-04 03:28:57,,496.77,112,,true,false,false,false,false
PED-002565,125,4,2,3,2026-05-04,2026-05-04,,2026-05-04 01:02:05,2026-05-04 01:53:05,,3592.36,51,,true,false,false,false,false
PED-002566,32,10,3,3,2026-05-04,2026-05-04,,2026-05-04 20:43:27,2026-05-04 22:17:27,,6061.81,94,,true,false,false,false,false
PED-002567,40,2,2,3,2026-05-04,2026-05-04,,2026-05-04 18:02:59,2026-05-04 18:46:59,,468.59,44,,true,false,false,false,false
PED-002568,75,3,2,3,2026-05-04,2026-05-04,,2026-05-04 01:13:40,2026-05-04 05:42:40,,11976.80,269,,true,false,false,false,false
PED-002569,99,5,4,3,2026-05-04,2026-05-04,,2026-05-04 08:24:07,2026-05-04 10:28:07,,7106.33,124,,true,false,false,false,false
PED-002570,126,2,2,3,2026-05-04,2026-05-04,,2026-05-04 14:23:10,2026-05-04 16:11:10,,7123.43,108,,true,false,false,false,false
PED-002571,87,6,4,3,2026-05-04,2026-05-04,,2026-05-04 07:31:57,2026-05-04 10:00:57,,5424.92,149,,true,false,false,false,false
PED-002572,131,7,3,3,2026-05-04,2026-05-05,,2026-05-04 23:45:09,2026-05-05 02:55:09,,11543.24,190,,true,false,false,false,false
PED-002576,100,7,4,3,2026-05-05,2026-05-05,,2026-05-05 13:06:39,2026-05-05 17:00:39,,13424.89,234,,true,false,false,false,false
PED-002581,32,9,4,3,2026-05-05,2026-05-05,,2026-05-05 22:04:46,2026-05-05 22:29:46,,2348.98,25,,true,false,false,false,false
PED-002583,115,8,4,3,2026-05-05,2026-05-05,,2026-05-05 09:47:19,2026-05-05 17:23:19,,8289.88,456,,true,false,false,false,false
PED-002584,43,9,2,3,2026-05-05,2026-05-05,,2026-05-05 06:20:57,2026-05-05 10:23:57,,14067.75,243,,true,false,false,false,false
PED-002585,186,7,3,3,2026-05-05,2026-05-05,,2026-05-05 21:19:50,2026-05-05 22:47:50,,22272.57,88,,true,false,false,false,false
PED-002586,33,4,4,3,2026-05-05,2026-05-06,,2026-05-05 19:35:17,2026-05-06 07:33:17,,13376.82,718,,true,false,false,false,false
PED-002587,143,8,2,4,2026-05-05,2026-05-05,,2026-05-05 11:55:06,2026-05-05 14:30:06,,3285.44,155,,true,false,false,false,false
PED-002588,165,10,4,3,2026-05-05,2026-05-05,,2026-05-05 03:58:40,2026-05-05 04:03:40,,5401.69,5,,true,false,false,false,false
PED-002589,61,9,4,3,2026-05-05,2026-05-05,,2026-05-05 12:12:24,2026-05-05 12:54:24,,7119.95,42,,true,false,false,false,false
PED-002590,21,6,4,3,2026-05-05,2026-05-05,,2026-05-05 18:23:56,2026-05-05 18:54:56,,7161.77,31,,true,false,false,false,false
PED-002591,160,9,1,3,2026-05-05,2026-05-05,,2026-05-05 09:08:08,2026-05-05 12:06:08,,8919.85,178,,true,false,false,false,false
PED-002593,115,1,2,4,2026-05-06,2026-05-06,,2026-05-06 15:02:08,2026-05-06 15:53:08,,19793.56,51,,true,false,false,false,false
PED-002594,138,8,3,4,2026-05-06,2026-05-06,,2026-05-06 14:38:28,2026-05-06 19:49:28,,8238.20,311,,true,false,false,false,false
PED-002595,8,8,2,3,2026-05-06,2026-05-06,,2026-05-06 22:27:17,2026-05-06 22:40:17,,10765.18,13,,true,false,false,false,false
PED-002596,18,6,4,3,2026-05-06,2026-05-06,,2026-05-06 07:20:34,2026-05-06 09:53:34,,5765.36,153,,true,false,false,false,false
PED-002597,154,7,2,3,2026-05-06,2026-05-06,,2026-05-06 19:25:16,2026-05-06 20:13:16,,13359.48,48,,true,false,false,false,false
PED-002598,107,3,3,3,2026-05-06,2026-05-06,,2026-05-06 17:42:15,2026-05-06 17:47:15,,12642.78,5,,true,false,false,false,false
PED-002600,151,10,4,3,2026-05-06,2026-05-06,,2026-05-06 15:46:31,2026-05-06 21:32:31,,26298.31,346,,true,false,false,false,false
PED-002601,138,6,2,3,2026-05-06,2026-05-06,,2026-05-06 01:20:24,2026-05-06 02:42:24,,5003.52,82,,true,false,false,false,false
PED-002603,123,7,3,3,2026-05-07,2026-05-07,,2026-05-07 11:14:13,2026-05-07 12:21:13,,16105.71,67,,true,false,false,false,false
PED-002604,119,10,4,3,2026-05-07,2026-05-08,,2026-05-07 21:54:28,2026-05-08 09:26:28,,19272.65,692,,true,false,false,false,false
PED-002609,153,10,2,3,2026-05-07,2026-05-07,,2026-05-07 01:59:24,2026-05-07 05:26:24,,6275.83,207,,true,false,false,false,false
PED-002610,150,4,2,3,2026-05-07,2026-05-07,,2026-05-07 06:36:35,2026-05-07 06:44:35,,30337.92,8,,true,false,false,false,false
PED-002611,117,3,1,3,2026-05-07,2026-05-07,,2026-05-07 16:16:21,2026-05-07 17:14:21,,9510.21,58,,true,false,false,false,false
PED-002613,190,5,4,3,2026-05-07,2026-05-07,,2026-05-07 19:16:59,2026-05-07 19:19:59,,2985.66,3,,true,false,false,false,false
PED-002614,192,6,4,3,2026-05-07,2026-05-07,,2026-05-07 14:29:41,2026-05-07 16:02:41,,10344.52,93,,true,false,false,false,false
PED-002615,12,7,1,3,2026-05-07,2026-05-07,,2026-05-07 08:50:50,2026-05-07 10:09:50,,1773.33,79,,true,false,false,false,false
PED-002616,97,3,4,3,2026-05-07,2026-05-08,,2026-05-07 19:30:54,2026-05-08 07:43:54,,11311.61,733,,true,false,false,false,false
PED-002617,25,5,4,4,2026-05-07,2026-05-07,,2026-05-07 12:37:25,2026-05-07 22:16:25,,4249.26,579,,true,false,false,false,false
PED-002620,29,7,2,4,2026-05-07,2026-05-07,,2026-05-07 01:29:53,2026-05-07 04:55:53,,824.41,206,,true,false,false,false,false
PED-002622,41,2,2,3,2026-05-08,2026-05-08,,2026-05-08 01:24:25,2026-05-08 02:36:25,,9077.50,72,,true,false,false,false,false
PED-002624,66,4,4,4,2026-05-08,2026-05-08,,2026-05-08 01:43:07,2026-05-08 03:15:07,,4758.50,92,,true,false,false,false,false
PED-002625,82,7,3,3,2026-05-08,2026-05-08,,2026-05-08 08:42:33,2026-05-08 10:21:33,,21616.28,99,,true,false,false,false,false
PED-002626,73,1,1,3,2026-05-08,2026-05-09,,2026-05-08 22:32:00,2026-05-09 02:07:00,,1707.21,215,,true,false,false,false,false
PED-002627,104,3,3,3,2026-05-08,2026-05-08,,2026-05-08 15:17:36,2026-05-08 17:43:36,,4922.40,146,,true,false,false,false,false
PED-002628,149,1,3,3,2026-05-08,2026-05-08,,2026-05-08 04:40:01,2026-05-08 07:03:01,,6333.08,143,,true,false,false,false,false
PED-002629,173,2,3,3,2026-05-08,2026-05-08,,2026-05-08 06:59:59,2026-05-08 11:00:59,,14607.87,241,,true,false,false,false,false
PED-002630,117,1,4,3,2026-05-08,2026-05-09,,2026-05-08 23:00:10,2026-05-09 01:51:10,,727.80,171,,true,false,false,false,false
PED-002631,84,10,2,4,2026-05-08,2026-05-08,,2026-05-08 04:59:02,2026-05-08 05:23:02,,3813.24,24,,true,false,false,false,false
PED-002632,198,3,1,3,2026-05-08,2026-05-08,,2026-05-08 16:33:43,2026-05-08 20:07:43,,2190.58,214,,true,false,false,false,false
PED-002633,188,3,2,3,2026-05-08,2026-05-08,,2026-05-08 03:59:13,2026-05-08 04:00:13,,9446.90,1,,true,false,false,false,false
PED-002638,184,8,2,3,2026-05-08,2026-05-08,,2026-05-08 14:19:08,2026-05-08 20:11:08,,45891.87,352,,true,false,false,false,false
PED-002639,144,2,1,3,2026-05-08,2026-05-08,,2026-05-08 03:42:04,2026-05-08 04:17:04,,4498.19,35,,true,false,false,false,false
PED-002640,71,6,1,3,2026-05-09,2026-05-09,,2026-05-09 18:21:45,2026-05-09 21:02:45,,3250.11,161,,true,false,false,false,false
PED-002644,32,7,4,3,2026-05-09,2026-05-09,,2026-05-09 07:08:12,2026-05-09 08:00:12,,3801.97,52,,true,false,false,false,false
PED-002646,180,1,4,4,2026-05-09,2026-05-09,,2026-05-09 06:23:02,2026-05-09 10:10:02,,6245.91,227,,true,false,false,false,false
PED-002648,17,3,2,3,2026-05-09,2026-05-10,,2026-05-09 23:12:08,2026-05-10 13:10:08,,5202.22,838,,true,false,false,false,false
PED-002649,58,10,2,3,2026-05-09,2026-05-09,,2026-05-09 18:15:00,2026-05-09 20:15:00,,12453.85,120,,true,false,false,false,false
PED-002650,169,2,3,3,2026-05-09,2026-05-09,,2026-05-09 00:31:52,2026-05-09 06:19:52,,3855.20,348,,true,false,false,false,false
PED-002651,2,2,2,3,2026-05-09,2026-05-09,,2026-05-09 18:03:36,2026-05-09 19:41:36,,1399.81,98,,true,false,false,false,false
PED-002654,99,4,3,3,2026-05-09,2026-05-09,,2026-05-09 04:12:40,2026-05-09 09:45:40,,1157.23,333,,true,false,false,false,false
PED-002655,116,5,4,3,2026-05-09,2026-05-09,,2026-05-09 21:40:18,2026-05-09 22:45:18,,2144.31,65,,true,false,false,false,false
PED-002657,125,1,4,3,2026-05-09,2026-05-09,,2026-05-09 05:00:41,2026-05-09 06:10:41,,17193.05,70,,true,false,false,false,false
PED-002658,196,5,2,4,2026-05-09,2026-05-09,,2026-05-09 11:25:02,2026-05-09 13:44:02,,7328.33,139,,true,false,false,false,false
PED-002659,106,3,2,3,2026-05-09,2026-05-09,,2026-05-09 00:22:13,2026-05-09 06:28:13,,1849.89,366,,true,false,false,false,false
PED-002660,86,7,3,3,2026-05-09,2026-05-09,,2026-05-09 16:36:28,2026-05-09 17:55:28,,2007.76,79,,true,false,false,false,false
PED-002661,92,6,2,3,2026-05-09,2026-05-09,,2026-05-09 06:11:36,2026-05-09 08:19:36,,3745.75,128,,true,false,false,false,false
PED-002664,4,4,1,3,2026-05-09,2026-05-09,,2026-05-09 09:10:47,2026-05-09 10:49:47,,13619.63,99,,true,false,false,false,false
PED-002665,102,3,2,4,2026-05-09,2026-05-09,,2026-05-09 22:14:35,2026-05-09 22:42:35,,3386.56,28,,true,false,false,false,false
PED-002667,114,4,3,3,2026-05-10,2026-05-10,,2026-05-10 07:52:42,2026-05-10 09:46:42,,4823.49,114,,true,false,false,false,false
PED-002668,92,6,4,3,2026-05-10,2026-05-11,,2026-05-10 21:15:36,2026-05-11 03:54:36,,5011.97,399,,true,false,false,false,false
PED-002669,123,1,2,3,2026-05-10,2026-05-10,,2026-05-10 20:36:18,2026-05-10 21:22:18,,6734.69,46,,true,false,false,false,false
PED-002672,89,3,2,3,2026-05-10,2026-05-10,,2026-05-10 13:17:10,2026-05-10 17:55:10,,2415.53,278,,true,false,false,false,false
PED-002674,161,10,4,3,2026-05-10,2026-05-10,,2026-05-10 17:01:55,2026-05-10 19:07:55,,8516.11,126,,true,false,false,false,false
PED-002675,110,1,1,3,2026-05-10,2026-05-10,,2026-05-10 00:46:01,2026-05-10 09:51:01,,8072.85,545,,true,false,false,false,false
PED-002678,66,9,2,3,2026-05-10,2026-05-10,,2026-05-10 00:52:06,2026-05-10 01:44:06,,5913.72,52,,true,false,false,false,false
PED-002679,132,10,1,3,2026-05-10,2026-05-10,,2026-05-10 22:21:02,2026-05-10 22:31:02,,11606.96,10,,true,false,false,false,false
PED-002680,128,7,1,3,2026-05-10,2026-05-10,,2026-05-10 01:19:55,2026-05-10 04:27:55,,2465.78,188,,true,false,false,false,false
PED-002681,117,1,3,3,2026-05-10,2026-05-10,,2026-05-10 17:53:27,2026-05-10 18:02:27,,6885.12,9,,true,false,false,false,false
PED-002682,168,7,2,3,2026-05-10,2026-05-10,,2026-05-10 11:49:05,2026-05-10 12:17:05,,12185.06,28,,true,false,false,false,false
PED-002683,125,9,2,3,2026-05-10,2026-05-10,,2026-05-10 08:29:27,2026-05-10 09:55:27,,4820.25,86,,true,false,false,false,false
PED-002684,70,4,2,3,2026-05-10,2026-05-10,,2026-05-10 19:46:00,2026-05-10 20:36:00,,573.77,50,,true,false,false,false,false
PED-002685,148,1,3,3,2026-05-10,2026-05-10,,2026-05-10 02:33:26,2026-05-10 20:27:26,,2338.28,1074,,true,false,false,false,false
PED-002687,43,8,4,3,2026-05-11,2026-05-11,,2026-05-11 19:08:51,2026-05-11 21:24:51,,4345.16,136,,true,false,false,false,false
PED-002688,149,6,4,3,2026-05-11,2026-05-11,,2026-05-11 11:52:09,2026-05-11 14:02:09,,46795.08,130,,true,false,false,false,false
PED-002689,122,2,4,3,2026-05-11,2026-05-12,,2026-05-11 23:24:35,2026-05-12 00:29:35,,8398.86,65,,true,false,false,false,false
PED-002690,148,1,4,3,2026-05-11,2026-05-11,,2026-05-11 07:03:49,2026-05-11 09:12:49,,4868.88,129,,true,false,false,false,false
PED-002691,157,10,2,3,2026-05-11,2026-05-11,,2026-05-11 07:07:28,2026-05-11 09:35:28,,5859.36,148,,true,false,false,false,false
PED-002692,69,6,4,3,2026-05-11,2026-05-11,,2026-05-11 01:31:02,2026-05-11 07:07:02,,2421.60,336,,true,false,false,false,false
PED-002693,43,8,2,3,2026-05-11,2026-05-11,,2026-05-11 06:11:06,2026-05-11 11:45:06,,10728.51,334,,true,false,false,false,false
PED-002694,75,5,4,3,2026-05-11,2026-05-11,,2026-05-11 15:07:19,2026-05-11 15:07:19,,4455.32,0,,true,false,false,false,false
PED-002695,81,9,4,3,2026-05-11,2026-05-11,,2026-05-11 20:58:12,2026-05-11 23:41:12,,1044.78,163,,true,false,false,false,false
PED-002696,38,4,2,3,2026-05-11,2026-05-12,,2026-05-11 19:07:04,2026-05-12 07:32:04,,18396.89,745,,true,false,false,false,false
PED-002697,153,7,1,3,2026-05-11,2026-05-12,,2026-05-11 23:06:40,2026-05-12 02:40:40,,19824.77,214,,true,false,false,false,false
PED-002698,39,7,2,3,2026-05-11,2026-05-11,,2026-05-11 02:06:34,2026-05-11 04:00:34,,2940.55,114,,true,false,false,false,false
PED-002699,81,2,2,3,2026-05-11,2026-05-11,,2026-05-11 12:41:22,2026-05-11 14:03:22,,4272.55,82,,true,false,false,false,false
PED-002700,19,1,3,3,2026-05-11,2026-05-11,,2026-05-11 16:14:25,2026-05-11 22:09:25,,6288.13,355,,true,false,false,false,false
PED-002701,27,4,4,3,2026-05-11,2026-05-11,,2026-05-11 02:12:19,2026-05-11 02:14:19,,18891.46,2,,true,false,false,false,false
PED-002703,39,2,1,3,2026-05-11,2026-05-11,,2026-05-11 00:25:59,2026-05-11 03:26:59,,4185.70,181,,true,false,false,false,false
PED-002705,112,2,2,3,2026-05-12,2026-05-12,,2026-05-12 13:14:08,2026-05-12 15:31:08,,14475.76,137,,true,false,false,false,false
PED-002706,109,5,2,3,2026-05-12,2026-05-12,,2026-05-12 04:33:35,2026-05-12 07:44:35,,8456.34,191,,true,false,false,false,false
PED-002707,26,7,2,3,2026-05-12,2026-05-12,,2026-05-12 07:47:15,2026-05-12 10:14:15,,1347.54,147,,true,false,false,false,false
PED-002708,70,9,2,3,2026-05-12,2026-05-12,,2026-05-12 14:52:20,2026-05-12 23:38:20,,2344.90,526,,true,false,false,false,false
PED-002709,39,3,2,3,2026-05-12,2026-05-12,,2026-05-12 01:18:53,2026-05-12 01:39:53,,6601.71,21,,true,false,false,false,false
PED-002710,192,8,3,3,2026-05-12,2026-05-13,,2026-05-12 14:40:56,2026-05-13 03:36:56,,22786.93,776,,true,false,false,false,false
PED-002712,33,7,3,3,2026-05-12,2026-05-12,,2026-05-12 11:20:07,2026-05-12 14:57:07,,6714.24,217,,true,false,false,false,false
PED-002714,119,10,2,3,2026-05-12,2026-05-13,,2026-05-12 18:09:50,2026-05-13 06:38:50,,15151.71,749,,true,false,false,false,false
PED-002715,148,6,2,3,2026-05-12,2026-05-12,,2026-05-12 01:02:56,2026-05-12 02:28:56,,21748.17,86,,true,false,false,false,false
PED-002716,118,6,2,3,2026-05-12,2026-05-12,,2026-05-12 18:43:25,2026-05-12 23:35:25,,2360.95,292,,true,false,false,false,false
PED-002717,118,5,2,3,2026-05-12,2026-05-12,,2026-05-12 10:43:54,2026-05-12 15:02:54,,53732.22,259,,true,false,false,false,false
PED-002718,121,2,3,3,2026-05-12,2026-05-12,,2026-05-12 03:27:34,2026-05-12 07:35:34,,3885.23,248,,true,false,false,false,false
PED-002719,4,6,2,3,2026-05-12,2026-05-12,,2026-05-12 11:01:24,2026-05-12 11:02:24,,2376.15,1,,true,false,false,false,false
PED-002720,145,2,4,3,2026-05-12,2026-05-12,,2026-05-12 20:32:09,2026-05-12 21:05:09,,8754.35,33,,true,false,false,false,false
PED-002721,81,10,3,3,2026-05-12,2026-05-12,,2026-05-12 00:33:50,2026-05-12 12:43:50,,10499.46,730,,true,false,false,false,false
PED-002722,103,4,1,3,2026-05-13,2026-05-13,,2026-05-13 07:09:45,2026-05-13 13:25:45,,1918.90,376,,true,false,false,false,false
PED-002723,141,8,4,4,2026-05-13,2026-05-13,,2026-05-13 08:53:19,2026-05-13 09:22:19,,2102.81,29,,true,false,false,false,false
PED-002724,193,10,2,3,2026-05-13,2026-05-14,,2026-05-13 22:46:13,2026-05-14 03:43:13,,5558.26,297,,true,false,false,false,false
PED-002726,36,3,3,3,2026-05-13,2026-05-13,,2026-05-13 08:20:27,2026-05-13 09:19:27,,84286.80,59,,true,false,false,false,false
PED-002727,148,7,3,3,2026-05-13,2026-05-13,,2026-05-13 15:25:34,2026-05-13 20:16:34,,7424.21,291,,true,false,false,false,false
PED-002731,111,7,2,3,2026-05-13,2026-05-13,,2026-05-13 14:04:46,2026-05-13 14:41:46,,3304.28,37,,true,false,false,false,false
PED-002733,179,2,2,3,2026-05-13,2026-05-13,,2026-05-13 05:39:33,2026-05-13 07:27:33,,736.66,108,,true,false,false,false,false
PED-002734,167,3,4,3,2026-05-13,2026-05-13,,2026-05-13 03:52:58,2026-05-13 05:58:58,,17718.44,126,,true,false,false,false,false
PED-002735,103,4,2,3,2026-05-13,2026-05-14,,2026-05-13 19:42:33,2026-05-14 04:12:33,,14017.88,510,,true,false,false,false,false
PED-002736,86,5,2,3,2026-05-13,2026-05-14,,2026-05-13 06:22:43,2026-05-14 03:57:43,,4029.37,1295,,true,false,false,false,false
PED-002738,167,10,3,3,2026-05-13,2026-05-13,,2026-05-13 16:34:47,2026-05-13 17:08:47,,4988.05,34,,true,false,false,false,false
PED-002739,40,8,2,3,2026-05-13,2026-05-13,,2026-05-13 00:08:15,2026-05-13 03:46:15,,7536.91,218,,true,false,false,false,false
PED-002740,101,4,4,3,2026-05-13,2026-05-13,,2026-05-13 11:07:54,2026-05-13 14:22:54,,6871.36,195,,true,false,false,false,false
PED-002741,167,8,2,4,2026-05-13,2026-05-13,,2026-05-13 14:31:27,2026-05-13 18:10:27,,6612.32,219,,true,false,false,false,false
PED-002742,158,9,4,3,2026-05-13,2026-05-13,,2026-05-13 13:49:44,2026-05-13 19:05:44,,27867.11,316,,true,false,false,false,false
PED-002743,106,10,2,3,2026-05-13,2026-05-14,,2026-05-13 23:26:28,2026-05-14 00:47:28,,8423.69,81,,true,false,false,false,false
PED-002745,164,10,4,4,2026-05-13,2026-05-13,,2026-05-13 03:55:09,2026-05-13 07:16:09,,885.23,201,,true,false,false,false,false
PED-002746,137,2,3,3,2026-05-13,2026-05-13,,2026-05-13 01:28:59,2026-05-13 02:38:59,,25166.75,70,,true,false,false,false,false
PED-002747,19,3,3,4,2026-05-13,2026-05-13,,2026-05-13 03:33:14,2026-05-13 04:09:14,,9072.40,36,,true,false,false,false,false
PED-002748,108,3,2,4,2026-05-13,2026-05-13,,2026-05-13 14:55:54,2026-05-13 18:28:54,,34721.42,213,,true,false,false,false,false
PED-002749,76,5,4,3,2026-05-13,2026-05-13,,2026-05-13 16:17:20,2026-05-13 23:47:20,,3354.53,450,,true,false,false,false,false
PED-002751,194,7,1,3,2026-05-14,2026-05-14,,2026-05-14 03:13:32,2026-05-14 05:44:32,,3537.10,151,,true,false,false,false,false
PED-002752,186,10,2,3,2026-05-14,2026-05-14,,2026-05-14 15:13:37,2026-05-14 22:34:37,,5224.60,441,,true,false,false,false,false
PED-002753,101,10,2,3,2026-05-14,2026-05-14,,2026-05-14 03:27:02,2026-05-14 07:04:02,,1060.91,217,,true,false,false,false,false
PED-002755,127,9,3,3,2026-05-14,2026-05-15,,2026-05-14 16:23:37,2026-05-15 00:55:37,,9052.32,512,,true,false,false,false,false
PED-002757,106,9,2,3,2026-05-14,2026-05-14,,2026-05-14 19:08:39,2026-05-14 22:24:39,,3593.94,196,,true,false,false,false,false
PED-002760,188,1,2,3,2026-05-14,2026-05-15,,2026-05-14 23:46:28,2026-05-15 04:14:28,,11926.12,268,,true,false,false,false,false
PED-002761,87,8,4,3,2026-05-14,2026-05-14,,2026-05-14 09:58:23,2026-05-14 12:25:23,,7383.97,147,,true,false,false,false,false
PED-002762,125,3,4,3,2026-05-14,2026-05-14,,2026-05-14 20:18:53,2026-05-14 22:17:53,,6719.47,119,,true,false,false,false,false
PED-002763,175,4,3,3,2026-05-14,2026-05-14,,2026-05-14 10:59:59,2026-05-14 14:12:59,,6105.23,193,,true,false,false,false,false
PED-002765,1,5,2,3,2026-05-14,2026-05-14,,2026-05-14 17:17:32,2026-05-14 22:38:32,,7593.00,321,,true,false,false,false,false
PED-002766,119,8,2,3,2026-05-14,2026-05-14,,2026-05-14 15:29:22,2026-05-14 17:05:22,,5378.05,96,,true,false,false,false,false
PED-002768,153,10,3,3,2026-05-15,2026-05-15,,2026-05-15 15:08:23,2026-05-15 15:31:23,,7313.92,23,,true,false,false,false,false
PED-002769,80,9,2,3,2026-05-15,2026-05-15,,2026-05-15 01:10:45,2026-05-15 16:46:45,,2989.58,936,,true,false,false,false,false
PED-002770,170,2,3,3,2026-05-15,2026-05-16,,2026-05-15 20:20:03,2026-05-16 00:47:03,,1502.26,267,,true,false,false,false,false
PED-002771,195,2,2,3,2026-05-15,2026-05-15,,2026-05-15 13:53:13,2026-05-15 16:17:13,,16051.39,144,,true,false,false,false,false
PED-002772,174,3,2,3,2026-05-15,2026-05-16,,2026-05-15 23:05:11,2026-05-16 04:56:11,,4891.62,351,,true,false,false,false,false
PED-002773,25,1,3,4,2026-05-15,2026-05-16,,2026-05-15 22:31:40,2026-05-16 02:11:40,,11258.20,220,,true,false,false,false,false
PED-002775,88,3,2,3,2026-05-15,2026-05-15,,2026-05-15 05:45:15,2026-05-15 06:27:15,,968.78,42,,true,false,false,false,false
PED-002778,162,10,3,3,2026-05-16,2026-05-16,,2026-05-16 21:30:01,2026-05-16 23:45:01,,1179.54,135,,true,false,false,false,false
PED-002780,178,3,4,3,2026-05-16,2026-05-16,,2026-05-16 18:19:50,2026-05-16 20:23:50,,7842.27,124,,true,false,false,false,false
PED-002781,82,5,1,3,2026-05-16,2026-05-16,,2026-05-16 18:41:43,2026-05-16 23:33:43,,4672.09,292,,true,false,false,false,false
PED-002782,131,6,4,3,2026-05-16,2026-05-16,,2026-05-16 17:49:29,2026-05-16 19:54:29,,3225.29,125,,true,false,false,false,false
PED-002783,120,5,2,3,2026-05-16,2026-05-16,,2026-05-16 07:30:30,2026-05-16 10:08:30,,6315.59,158,,true,false,false,false,false
PED-002784,12,10,3,3,2026-05-16,2026-05-16,,2026-05-16 12:36:15,2026-05-16 12:52:15,,8801.55,16,,true,false,false,false,false
PED-002785,102,7,2,3,2026-05-16,2026-05-16,,2026-05-16 02:19:45,2026-05-16 04:51:45,,1410.13,152,,true,false,false,false,false
PED-002786,108,2,4,3,2026-05-16,2026-05-17,,2026-05-16 18:04:19,2026-05-17 01:58:19,,8064.40,474,,true,false,false,false,false
PED-002788,100,5,3,3,2026-05-16,2026-05-16,,2026-05-16 08:41:32,2026-05-16 11:32:32,,2877.59,171,,true,false,false,false,false
PED-002790,69,4,3,3,2026-05-16,2026-05-16,,2026-05-16 05:25:39,2026-05-16 05:34:39,,1554.04,9,,true,false,false,false,false
PED-002797,187,7,2,3,2026-05-16,2026-05-16,,2026-05-16 11:00:03,2026-05-16 11:34:03,,9295.25,34,,true,false,false,false,false
PED-002798,14,6,2,3,2026-05-16,2026-05-16,,2026-05-16 12:14:02,2026-05-16 12:19:02,,3797.95,5,,true,false,false,false,false
PED-002799,3,7,1,3,2026-05-16,2026-05-16,,2026-05-16 22:13:16,2026-05-16 22:43:16,,8810.36,30,,true,false,false,false,false
PED-002800,154,4,3,3,2026-05-16,2026-05-16,,2026-05-16 00:29:22,2026-05-16 00:50:22,,8460.92,21,,true,false,false,false,false
PED-002801,135,6,3,3,2026-05-16,2026-05-16,,2026-05-16 14:26:30,2026-05-16 16:45:30,,7865.25,139,,true,false,false,false,false
PED-002803,157,5,2,3,2026-05-16,2026-05-17,,2026-05-16 19:13:56,2026-05-17 00:20:56,,2373.96,307,,true,false,false,false,false
PED-002804,6,8,4,3,2026-05-16,2026-05-16,,2026-05-16 11:16:14,2026-05-16 15:44:14,,6355.25,268,,true,false,false,false,false
PED-002806,109,2,3,3,2026-05-17,2026-05-17,,2026-05-17 03:06:21,2026-05-17 03:20:21,,7454.28,14,,true,false,false,false,false
PED-002807,148,4,2,3,2026-05-17,2026-05-18,,2026-05-17 20:58:29,2026-05-18 00:09:29,,775.76,191,,true,false,false,false,false
PED-002808,76,10,4,3,2026-05-17,2026-05-17,,2026-05-17 15:30:47,2026-05-17 19:32:47,,1892.87,242,,true,false,false,false,false
PED-002810,36,5,2,3,2026-05-17,2026-05-17,,2026-05-17 09:40:34,2026-05-17 16:40:34,,3785.45,420,,true,false,false,false,false
PED-002811,93,7,2,3,2026-05-17,2026-05-18,,2026-05-17 20:49:19,2026-05-18 10:32:19,,1903.24,823,,true,false,false,false,false
PED-002812,182,4,2,3,2026-05-17,2026-05-17,,2026-05-17 08:22:26,2026-05-17 10:02:26,,7858.04,100,,true,false,false,false,false
PED-002813,40,3,3,3,2026-05-17,2026-05-17,,2026-05-17 11:32:30,2026-05-17 15:56:30,,4215.05,264,,true,false,false,false,false
PED-002815,65,8,2,3,2026-05-17,2026-05-17,,2026-05-17 02:32:19,2026-05-17 03:59:19,,3823.33,87,,true,false,false,false,false
PED-002816,71,6,2,4,2026-05-17,2026-05-17,,2026-05-17 03:27:23,2026-05-17 07:35:23,,11732.90,248,,true,false,false,false,false
PED-002817,132,4,4,3,2026-05-17,2026-05-17,,2026-05-17 01:08:10,2026-05-17 02:49:10,,15716.61,101,,true,false,false,false,false
PED-002818,70,2,2,3,2026-05-17,2026-05-17,,2026-05-17 06:05:34,2026-05-17 11:44:34,,18856.07,339,,true,false,false,false,false
PED-002819,98,6,4,3,2026-05-17,2026-05-17,,2026-05-17 10:30:10,2026-05-17 11:21:10,,14656.14,51,,true,false,false,false,false
PED-002821,114,10,2,3,2026-05-18,2026-05-19,,2026-05-18 07:29:59,2026-05-19 01:24:59,,7822.01,1075,,true,false,false,false,false
PED-002822,24,5,2,3,2026-05-18,2026-05-18,,2026-05-18 21:46:33,2026-05-18 23:55:33,,7047.93,129,,true,false,false,false,false
PED-002823,198,8,2,3,2026-05-18,2026-05-18,,2026-05-18 10:04:34,2026-05-18 17:01:34,,2758.06,417,,true,false,false,false,false
PED-002824,86,1,2,4,2026-05-18,2026-05-18,,2026-05-18 07:21:20,2026-05-18 15:48:20,,2779.77,507,,true,false,false,false,false
PED-002826,55,7,2,3,2026-05-18,2026-05-18,,2026-05-18 15:22:50,2026-05-18 16:41:50,,7624.28,79,,true,false,false,false,false
PED-002827,44,5,1,3,2026-05-18,2026-05-18,,2026-05-18 07:36:07,2026-05-18 13:40:07,,1236.43,364,,true,false,false,false,false
PED-002828,89,5,1,3,2026-05-18,2026-05-18,,2026-05-18 18:46:30,2026-05-18 20:26:30,,21930.83,100,,true,false,false,false,false
PED-002829,75,9,2,3,2026-05-18,2026-05-18,,2026-05-18 08:20:50,2026-05-18 15:54:50,,4204.37,454,,true,false,false,false,false
PED-002830,4,7,4,3,2026-05-18,2026-05-18,,2026-05-18 20:48:40,2026-05-18 22:33:40,,6585.67,105,,true,false,false,false,false
PED-002831,6,6,4,3,2026-05-18,2026-05-18,,2026-05-18 06:25:38,2026-05-18 09:14:38,,3231.70,169,,true,false,false,false,false
PED-002833,118,2,4,3,2026-05-18,2026-05-18,,2026-05-18 09:39:07,2026-05-18 12:29:07,,5666.91,170,,true,false,false,false,false
PED-002834,200,8,2,3,2026-05-18,2026-05-19,,2026-05-18 23:18:58,2026-05-19 00:08:58,,3031.65,50,,true,false,false,false,false
PED-002835,14,7,4,3,2026-05-18,2026-05-19,,2026-05-18 23:44:05,2026-05-19 05:34:05,,11407.84,350,,true,false,false,false,false
PED-002836,182,5,2,3,2026-05-18,2026-05-18,,2026-05-18 04:42:57,2026-05-18 06:58:57,,6679.10,136,,true,false,false,false,false
PED-002837,78,10,2,3,2026-05-18,2026-05-18,,2026-05-18 23:11:08,2026-05-18 23:31:08,,3008.18,20,,true,false,false,false,false
PED-002838,172,9,1,3,2026-05-18,2026-05-18,,2026-05-18 01:49:33,2026-05-18 02:43:33,,2519.98,54,,true,false,false,false,false
PED-002839,48,9,1,3,2026-05-18,2026-05-18,,2026-05-18 17:58:38,2026-05-18 20:55:38,,12624.69,177,,true,false,false,false,false
PED-002840,91,2,1,3,2026-05-18,2026-05-18,,2026-05-18 00:40:21,2026-05-18 01:25:21,,369.22,45,,true,false,false,false,false
PED-002841,31,10,2,3,2026-05-18,2026-05-19,,2026-05-18 23:37:23,2026-05-19 04:46:23,,1384.48,309,,true,false,false,false,false
PED-002842,19,4,2,3,2026-05-18,2026-05-18,,2026-05-18 12:35:19,2026-05-18 18:34:19,,3737.56,359,,true,false,false,false,false
PED-002844,193,8,4,3,2026-05-19,2026-05-19,,2026-05-19 18:46:12,2026-05-19 23:18:12,,4768.93,272,,true,false,false,false,false
PED-002845,143,2,3,3,2026-05-19,2026-05-19,,2026-05-19 11:45:15,2026-05-19 12:43:15,,1114.30,58,,true,false,false,false,false
PED-002846,26,8,2,3,2026-05-19,2026-05-19,,2026-05-19 12:15:41,2026-05-19 13:35:41,,7551.08,80,,true,false,false,false,false
PED-002847,194,9,2,3,2026-05-19,2026-05-19,,2026-05-19 00:08:27,2026-05-19 00:14:27,,10049.94,6,,true,false,false,false,false
PED-002848,162,1,3,3,2026-05-19,2026-05-19,,2026-05-19 03:59:56,2026-05-19 06:37:56,,9252.37,158,,true,false,false,false,false
PED-002851,170,10,4,3,2026-05-19,2026-05-19,,2026-05-19 04:50:48,2026-05-19 08:02:48,,11031.95,192,,true,false,false,false,false
PED-002853,126,10,2,3,2026-05-19,2026-05-19,,2026-05-19 17:24:22,2026-05-19 18:17:22,,4495.01,53,,true,false,false,false,false
PED-002854,136,4,4,3,2026-05-19,2026-05-19,,2026-05-19 07:46:26,2026-05-19 08:43:26,,5426.71,57,,true,false,false,false,false
PED-002857,66,6,2,3,2026-05-19,2026-05-19,,2026-05-19 09:41:05,2026-05-19 09:42:05,,6972.11,1,,true,false,false,false,false
PED-002858,64,9,2,3,2026-05-19,2026-05-19,,2026-05-19 22:31:08,2026-05-19 23:03:08,,1730.37,32,,true,false,false,false,false
PED-002859,99,5,3,4,2026-05-19,2026-05-19,,2026-05-19 14:39:21,2026-05-19 15:50:21,,4428.98,71,,true,false,false,false,false
PED-002861,118,9,3,3,2026-05-20,2026-05-20,,2026-05-20 12:17:38,2026-05-20 12:18:38,,11155.55,1,,true,false,false,false,false
PED-002862,80,4,2,3,2026-05-20,2026-05-20,,2026-05-20 06:58:45,2026-05-20 08:25:45,,1753.33,87,,true,false,false,false,false
PED-002866,67,1,1,3,2026-05-20,2026-05-20,,2026-05-20 17:17:05,2026-05-20 17:50:05,,8022.45,33,,true,false,false,false,false
PED-002869,134,5,4,3,2026-05-20,2026-05-20,,2026-05-20 04:26:25,2026-05-20 08:21:25,,2883.99,235,,true,false,false,false,false
PED-002870,189,2,2,3,2026-05-20,2026-05-20,,2026-05-20 00:13:03,2026-05-20 01:49:03,,2214.46,96,,true,false,false,false,false
PED-002871,32,6,4,3,2026-05-20,2026-05-20,,2026-05-20 01:35:03,2026-05-20 03:24:03,,18249.87,109,,true,false,false,false,false
PED-002872,181,8,3,3,2026-05-20,2026-05-21,,2026-05-20 20:41:46,2026-05-21 01:52:46,,2654.20,311,,true,false,false,false,false
PED-002873,66,1,1,3,2026-05-20,2026-05-20,,2026-05-20 21:48:23,2026-05-20 23:07:23,,5062.40,79,,true,false,false,false,false
PED-002874,74,9,4,3,2026-05-20,2026-05-20,,2026-05-20 17:44:20,2026-05-20 19:00:20,,7565.13,76,,true,false,false,false,false
PED-002875,86,2,4,3,2026-05-20,2026-05-20,,2026-05-20 08:03:41,2026-05-20 08:09:41,,8584.70,6,,true,false,false,false,false
PED-002876,9,6,3,3,2026-05-20,2026-05-20,,2026-05-20 17:14:46,2026-05-20 19:34:46,,3935.14,140,,true,false,false,false,false
PED-002877,32,2,3,3,2026-05-20,2026-05-20,,2026-05-20 12:46:55,2026-05-20 14:32:55,,5024.42,106,,true,false,false,false,false
PED-002878,141,10,1,3,2026-05-20,2026-05-20,,2026-05-20 08:39:22,2026-05-20 10:26:22,,2544.08,107,,true,false,false,false,false
PED-002879,185,9,4,3,2026-05-20,2026-05-20,,2026-05-20 10:39:36,2026-05-20 13:21:36,,4499.33,162,,true,false,false,false,false
PED-002880,153,1,2,4,2026-05-20,2026-05-20,,2026-05-20 11:18:51,2026-05-20 11:39:51,,1508.64,21,,true,false,false,false,false
PED-002882,184,5,2,4,2026-05-20,2026-05-20,,2026-05-20 13:41:22,2026-05-20 21:47:22,,1677.74,486,,true,false,false,false,false
PED-002883,45,1,4,3,2026-05-20,2026-05-21,,2026-05-20 22:07:16,2026-05-21 01:23:16,,10720.03,196,,true,false,false,false,false
PED-002884,177,10,2,3,2026-05-21,2026-05-21,,2026-05-21 11:01:43,2026-05-21 12:07:43,,10900.48,66,,true,false,false,false,false
PED-002885,119,4,4,3,2026-05-21,2026-05-21,,2026-05-21 00:25:24,2026-05-21 03:06:24,,9823.53,161,,true,false,false,false,false
PED-002886,192,7,2,3,2026-05-21,2026-05-22,,2026-05-21 22:50:12,2026-05-22 10:55:12,,4111.50,725,,true,false,false,false,false
PED-002887,197,1,2,3,2026-05-21,2026-05-21,,2026-05-21 16:53:04,2026-05-21 16:57:04,,8133.38,4,,true,false,false,false,false
PED-002890,109,6,2,3,2026-05-21,2026-05-21,,2026-05-21 00:37:43,2026-05-21 04:00:43,,6634.26,203,,true,false,false,false,false
PED-002893,169,1,4,3,2026-05-21,2026-05-21,,2026-05-21 03:57:08,2026-05-21 04:35:08,,2546.98,38,,true,false,false,false,false
PED-002894,87,7,4,3,2026-05-21,2026-05-22,,2026-05-21 22:23:21,2026-05-22 10:54:21,,13057.74,751,,true,false,false,false,false
PED-002895,14,10,1,3,2026-05-21,2026-05-21,,2026-05-21 15:29:33,2026-05-21 17:18:33,,7152.05,109,,true,false,false,false,false
PED-002896,25,1,4,3,2026-05-21,2026-05-21,,2026-05-21 08:02:44,2026-05-21 09:06:44,,8437.15,64,,true,false,false,false,false
PED-002898,100,6,4,3,2026-05-21,2026-05-21,,2026-05-21 02:54:57,2026-05-21 07:44:57,,3887.44,290,,true,false,false,false,false
PED-002899,186,3,2,3,2026-05-21,2026-05-21,,2026-05-21 23:20:30,2026-05-21 23:42:30,,10844.18,22,,true,false,false,false,false
PED-002900,23,10,2,3,2026-05-21,2026-05-21,,2026-05-21 06:30:37,2026-05-21 06:49:37,,3939.78,19,,true,false,false,false,false
PED-002901,11,1,1,4,2026-05-21,2026-05-21,,2026-05-21 09:54:27,2026-05-21 15:06:27,,11025.27,312,,true,false,false,false,false
PED-002902,118,9,4,3,2026-05-21,2026-05-21,,2026-05-21 00:20:27,2026-05-21 01:52:27,,11654.53,92,,true,false,false,false,false
PED-002903,14,10,4,3,2026-05-21,2026-05-22,,2026-05-21 22:20:11,2026-05-22 00:47:11,,7846.26,147,,true,false,false,false,false
PED-002905,171,3,4,3,2026-05-22,2026-05-22,,2026-05-22 21:28:03,2026-05-22 22:03:03,,2413.76,35,,true,false,false,false,false
PED-002906,17,4,2,3,2026-05-22,2026-05-22,,2026-05-22 09:19:15,2026-05-22 12:48:15,,11714.07,209,,true,false,false,false,false
PED-002907,137,3,1,4,2026-05-22,2026-05-22,,2026-05-22 15:33:27,2026-05-22 16:26:27,,6111.21,53,,true,false,false,false,false
PED-002909,74,7,2,3,2026-05-22,2026-05-22,,2026-05-22 16:48:35,2026-05-22 20:25:35,,7799.51,217,,true,false,false,false,false
PED-002912,137,7,2,3,2026-05-22,2026-05-23,,2026-05-22 19:05:54,2026-05-23 02:09:54,,2806.49,424,,true,false,false,false,false
PED-002913,8,2,1,3,2026-05-22,2026-05-22,,2026-05-22 03:48:46,2026-05-22 09:17:46,,5581.67,329,,true,false,false,false,false
PED-002914,31,10,2,3,2026-05-22,2026-05-22,,2026-05-22 01:38:05,2026-05-22 04:33:05,,5735.21,175,,true,false,false,false,false
PED-002916,17,2,4,3,2026-05-22,2026-05-22,,2026-05-22 19:24:31,2026-05-22 20:31:31,,11124.52,67,,true,false,false,false,false
PED-002918,164,10,2,3,2026-05-22,2026-05-22,,2026-05-22 03:32:26,2026-05-22 03:32:26,,1517.69,0,,true,false,false,false,false
PED-002919,106,1,2,3,2026-05-22,2026-05-22,,2026-05-22 00:39:12,2026-05-22 01:52:12,,4516.71,73,,true,false,false,false,false
PED-002920,132,4,2,3,2026-05-22,2026-05-22,,2026-05-22 18:28:50,2026-05-22 19:37:50,,4452.70,69,,true,false,false,false,false
PED-002921,155,1,3,3,2026-05-22,2026-05-22,,2026-05-22 00:01:56,2026-05-22 06:40:56,,16570.13,399,,true,false,false,false,false
PED-002922,118,2,2,3,2026-05-22,2026-05-22,,2026-05-22 20:15:18,2026-05-22 23:57:18,,2871.21,222,,true,false,false,false,false
PED-002923,45,7,4,3,2026-05-22,2026-05-22,,2026-05-22 15:48:15,2026-05-22 16:13:15,,35383.79,25,,true,false,false,false,false
PED-002924,40,8,4,4,2026-05-23,2026-05-23,,2026-05-23 08:53:37,2026-05-23 09:22:37,,1876.05,29,,true,false,false,false,false
PED-002926,155,3,4,3,2026-05-23,2026-05-23,,2026-05-23 00:54:40,2026-05-23 05:39:40,,5028.94,285,,true,false,false,false,false
PED-002927,116,5,1,3,2026-05-23,2026-05-23,,2026-05-23 08:10:51,2026-05-23 11:41:51,,7284.88,211,,true,false,false,false,false
PED-002928,138,5,4,4,2026-05-23,2026-05-23,,2026-05-23 05:21:59,2026-05-23 07:13:59,,11011.83,112,,true,false,false,false,false
PED-002929,90,2,4,3,2026-05-23,2026-05-23,,2026-05-23 20:19:37,2026-05-23 21:38:37,,15919.27,79,,true,false,false,false,false
PED-002930,153,9,3,3,2026-05-23,2026-05-23,,2026-05-23 03:15:18,2026-05-23 06:29:18,,4972.83,194,,true,false,false,false,false
PED-002932,117,1,2,3,2026-05-23,2026-05-23,,2026-05-23 07:14:51,2026-05-23 07:37:51,,15285.28,23,,true,false,false,false,false
PED-002933,109,10,2,3,2026-05-23,2026-05-23,,2026-05-23 04:33:03,2026-05-23 07:28:03,,19938.21,175,,true,false,false,false,false
PED-002934,37,9,1,3,2026-05-23,2026-05-24,,2026-05-23 20:42:25,2026-05-24 01:42:25,,11144.15,300,,true,false,false,false,false
PED-002935,83,9,4,3,2026-05-23,2026-05-23,,2026-05-23 12:59:45,2026-05-23 13:18:45,,8186.14,19,,true,false,false,false,false
PED-002936,167,8,2,3,2026-05-23,2026-05-23,,2026-05-23 01:56:52,2026-05-23 07:01:52,,13367.25,305,,true,false,false,false,false
PED-002937,136,5,4,3,2026-05-24,2026-05-24,,2026-05-24 00:32:00,2026-05-24 00:41:00,,397.40,9,,true,false,false,false,false
PED-002938,4,8,2,3,2026-05-24,2026-05-24,,2026-05-24 06:20:20,2026-05-24 11:45:20,,1732.27,325,,true,false,false,false,false
PED-002939,169,4,2,3,2026-05-24,2026-05-24,,2026-05-24 02:39:22,2026-05-24 02:52:22,,6044.88,13,,true,false,false,false,false
PED-002942,72,10,4,3,2026-05-24,2026-05-24,,2026-05-24 01:24:07,2026-05-24 11:42:07,,5089.29,618,,true,false,false,false,false
PED-002943,180,5,1,3,2026-05-24,2026-05-25,,2026-05-24 17:44:35,2026-05-25 03:28:35,,4553.00,584,,true,false,false,false,false
PED-002944,57,10,2,3,2026-05-24,2026-05-24,,2026-05-24 13:04:26,2026-05-24 16:01:26,,1628.47,177,,true,false,false,false,false
PED-002946,47,10,1,3,2026-05-25,2026-05-25,,2026-05-25 07:36:59,2026-05-25 09:21:59,,5278.69,105,,true,false,false,false,false
PED-002947,41,7,1,3,2026-05-25,2026-05-26,,2026-05-25 22:04:15,2026-05-26 00:05:15,,1353.24,121,,true,false,false,false,false
PED-002949,189,2,3,3,2026-05-25,2026-05-25,,2026-05-25 14:05:35,2026-05-25 17:04:35,,2931.77,179,,true,false,false,false,false
PED-002950,107,7,4,3,2026-05-25,2026-05-25,,2026-05-25 16:01:07,2026-05-25 17:11:07,,1025.50,70,,true,false,false,false,false
PED-002951,62,8,2,3,2026-05-25,2026-05-25,,2026-05-25 07:11:33,2026-05-25 11:28:33,,2836.19,257,,true,false,false,false,false
PED-002952,182,10,2,3,2026-05-25,2026-05-25,,2026-05-25 17:15:05,2026-05-25 20:26:05,,21587.71,191,,true,false,false,false,false
PED-002953,70,8,3,3,2026-05-25,2026-05-25,,2026-05-25 18:21:37,2026-05-25 18:31:37,,2510.34,10,,true,false,false,false,false
PED-002954,21,5,4,3,2026-05-25,2026-05-25,,2026-05-25 06:36:41,2026-05-25 08:07:41,,2715.78,91,,true,false,false,false,false
PED-002956,169,8,2,3,2026-05-25,2026-05-25,,2026-05-25 15:38:31,2026-05-25 18:22:31,,6890.80,164,,true,false,false,false,false
PED-002957,144,10,4,3,2026-05-25,2026-05-25,,2026-05-25 14:04:09,2026-05-25 16:33:09,,700.87,149,,true,false,false,false,false
PED-002958,1,9,2,3,2026-05-25,2026-05-25,,2026-05-25 10:20:46,2026-05-25 10:34:46,,12176.86,14,,true,false,false,false,false
PED-002959,130,2,3,3,2026-05-25,2026-05-25,,2026-05-25 10:49:14,2026-05-25 14:56:14,,12447.88,247,,true,false,false,false,false
PED-002960,6,1,3,4,2026-05-25,2026-05-25,,2026-05-25 06:08:40,2026-05-25 12:33:40,,2694.54,385,,true,false,false,false,false
PED-002961,5,1,1,3,2026-05-25,2026-05-25,,2026-05-25 15:27:21,2026-05-25 15:29:21,,2831.69,2,,true,false,false,false,false
PED-002962,58,2,4,3,2026-05-25,2026-05-25,,2026-05-25 05:21:49,2026-05-25 11:53:49,,2934.66,392,,true,false,false,false,false
PED-002963,8,4,4,3,2026-05-25,2026-05-25,,2026-05-25 18:40:59,2026-05-25 18:49:59,,31434.28,9,,true,false,false,false,false
PED-002964,110,2,2,3,2026-05-25,2026-05-25,,2026-05-25 10:06:57,2026-05-25 11:33:57,,3871.19,87,,true,false,false,false,false
PED-002966,165,6,2,3,2026-05-26,2026-05-26,,2026-05-26 03:46:04,2026-05-26 03:54:04,,5049.72,8,,true,false,false,false,false
PED-002967,121,8,2,3,2026-05-26,2026-05-26,,2026-05-26 12:10:35,2026-05-26 12:34:35,,10445.96,24,,true,false,false,false,false
PED-002968,2,6,2,3,2026-05-26,2026-05-27,,2026-05-26 16:34:45,2026-05-27 01:47:45,,2102.34,553,,true,false,false,false,false
PED-002970,188,10,2,3,2026-05-26,2026-05-26,,2026-05-26 03:10:35,2026-05-26 09:46:35,,2635.47,396,,true,false,false,false,false
PED-002971,130,10,4,3,2026-05-26,2026-05-26,,2026-05-26 13:35:24,2026-05-26 15:39:24,,7412.57,124,,true,false,false,false,false
PED-002974,193,6,2,3,2026-05-26,2026-05-26,,2026-05-26 08:20:20,2026-05-26 15:46:20,,2411.71,446,,true,false,false,false,false
PED-002975,176,6,2,3,2026-05-26,2026-05-26,,2026-05-26 18:32:48,2026-05-26 19:31:48,,68530.46,59,,true,false,false,false,false
PED-002976,97,8,3,3,2026-05-26,2026-05-26,,2026-05-26 06:59:02,2026-05-26 12:14:02,,4444.12,315,,true,false,false,false,false
PED-002977,84,3,4,3,2026-05-26,2026-05-27,,2026-05-26 23:07:04,2026-05-27 06:55:04,,8354.15,468,,true,false,false,false,false
PED-002978,63,1,3,3,2026-05-26,2026-05-26,,2026-05-26 04:00:57,2026-05-26 06:46:57,,4038.59,166,,true,false,false,false,false
PED-002979,84,7,4,4,2026-05-26,2026-05-26,,2026-05-26 11:18:09,2026-05-26 16:18:09,,9898.15,300,,true,false,false,false,false
PED-002982,104,8,3,3,2026-05-26,2026-05-26,,2026-05-26 00:43:39,2026-05-26 01:27:39,,2434.53,44,,true,false,false,false,false
PED-002983,174,8,4,3,2026-05-26,2026-05-26,,2026-05-26 14:11:13,2026-05-26 15:48:13,,8713.19,97,,true,false,false,false,false
PED-002984,127,3,3,3,2026-05-26,2026-05-26,,2026-05-26 19:33:17,2026-05-26 20:26:17,,18506.37,53,,true,false,false,false,false
PED-002985,173,3,2,3,2026-05-26,2026-05-26,,2026-05-26 16:24:03,2026-05-26 16:30:03,,3333.17,6,,true,false,false,false,false
PED-002986,31,8,4,3,2026-05-26,2026-05-26,,2026-05-26 13:43:42,2026-05-26 14:03:42,,19561.69,20,,true,false,false,false,false
PED-002987,190,2,2,3,2026-05-26,2026-05-26,,2026-05-26 22:06:27,2026-05-26 23:08:27,,2578.90,62,,true,false,false,false,false
PED-002988,179,4,2,3,2026-05-26,2026-05-26,,2026-05-26 02:42:53,2026-05-26 09:23:53,,2763.44,401,,true,false,false,false,false
PED-002989,92,3,1,4,2026-05-26,2026-05-26,,2026-05-26 12:36:25,2026-05-26 16:39:25,,9856.07,243,,true,false,false,false,false
PED-002990,77,3,2,3,2026-05-27,2026-05-27,,2026-05-27 17:39:55,2026-05-27 20:04:55,,21463.13,145,,true,false,false,false,false
PED-002994,60,8,2,3,2026-05-27,2026-05-28,,2026-05-27 22:28:27,2026-05-28 11:17:27,,3897.26,769,,true,false,false,false,false
PED-002996,187,4,3,3,2026-05-27,2026-05-27,,2026-05-27 13:14:55,2026-05-27 23:31:55,,1692.21,617,,true,false,false,false,false
PED-002997,68,8,4,3,2026-05-27,2026-05-28,,2026-05-27 19:57:56,2026-05-28 00:53:56,,14997.96,296,,true,false,false,false,false
PED-002998,196,4,2,3,2026-05-27,2026-05-27,,2026-05-27 08:13:30,2026-05-27 08:44:30,,4953.99,31,,true,false,false,false,false
PED-002999,155,7,3,3,2026-05-27,2026-05-28,,2026-05-27 19:45:33,2026-05-28 04:16:33,,5959.30,511,,true,false,false,false,false
PED-003000,112,10,4,3,2026-05-27,2026-05-27,,2026-05-27 14:29:47,2026-05-27 16:38:47,,4194.89,129,,true,false,false,false,false
PED-003001,115,3,3,4,2026-05-27,2026-05-27,,2026-05-27 03:35:48,2026-05-27 03:57:48,,3300.69,22,,true,false,false,false,false
PED-003002,120,10,1,3,2026-05-27,2026-05-27,,2026-05-27 09:46:04,2026-05-27 11:34:04,,2535.38,108,,true,false,false,false,false
PED-003003,34,2,2,3,2026-05-27,2026-05-27,,2026-05-27 17:05:35,2026-05-27 18:15:35,,19875.14,70,,true,false,false,false,false
PED-003005,119,1,1,3,2026-05-27,2026-05-27,,2026-05-27 06:49:57,2026-05-27 07:06:57,,4486.34,17,,true,false,false,false,false
PED-003007,126,4,4,4,2026-05-27,2026-05-28,,2026-05-27 20:25:41,2026-05-28 00:13:41,,2749.62,228,,true,false,false,false,false
PED-003008,60,6,2,3,2026-05-27,2026-05-27,,2026-05-27 18:30:10,2026-05-27 19:45:10,,3346.52,75,,true,false,false,false,false
PED-003009,200,7,2,3,2026-05-27,2026-05-27,,2026-05-27 14:09:17,2026-05-27 14:13:17,,11233.70,4,,true,false,false,false,false
PED-003010,114,6,4,3,2026-05-27,2026-05-27,,2026-05-27 12:47:42,2026-05-27 14:53:42,,985.61,126,,true,false,false,false,false
PED-003011,114,9,3,3,2026-05-27,2026-05-27,,2026-05-27 19:43:07,2026-05-27 19:44:07,,13516.90,1,,true,false,false,false,false
PED-003012,99,3,2,3,2026-05-27,2026-05-27,,2026-05-27 11:38:36,2026-05-27 13:12:36,,6240.70,94,,true,false,false,false,false
PED-003013,143,5,2,3,2026-05-27,2026-05-27,,2026-05-27 16:08:55,2026-05-27 17:29:55,,4711.05,81,,true,false,false,false,false
PED-003014,142,10,1,3,2026-05-27,2026-05-27,,2026-05-27 15:59:49,2026-05-27 16:31:49,,1346.37,32,,true,false,false,false,false
PED-003016,75,7,1,3,2026-05-27,2026-05-27,,2026-05-27 05:55:31,2026-05-27 08:42:31,,7575.71,167,,true,false,false,false,false
PED-003017,63,6,2,3,2026-05-27,2026-05-27,,2026-05-27 07:11:13,2026-05-27 13:31:13,,175.90,380,,true,false,false,false,false
PED-003018,102,1,2,3,2026-05-27,2026-05-28,,2026-05-27 23:02:37,2026-05-28 01:37:37,,3223.63,155,,true,false,false,false,false
PED-003019,178,10,2,3,2026-05-27,2026-05-27,,2026-05-27 20:30:15,2026-05-27 20:50:15,,13387.53,20,,true,false,false,false,false
PED-003021,44,10,2,3,2026-05-27,2026-05-27,,2026-05-27 16:05:24,2026-05-27 16:49:24,,5203.90,44,,true,false,false,false,false
PED-003022,33,7,4,3,2026-05-27,2026-05-27,,2026-05-27 14:44:09,2026-05-27 16:13:09,,14577.80,89,,true,false,false,false,false
PED-003023,27,6,2,3,2026-05-28,2026-05-28,,2026-05-28 06:59:54,2026-05-28 08:09:54,,17347.84,70,,true,false,false,false,false
PED-003024,56,8,3,3,2026-05-28,2026-05-28,,2026-05-28 06:50:27,2026-05-28 13:41:27,,17415.61,411,,true,false,false,false,false
PED-003025,128,1,2,4,2026-05-28,2026-05-28,,2026-05-28 20:18:44,2026-05-28 22:14:44,,18498.07,116,,true,false,false,false,false
PED-003027,25,4,2,3,2026-05-28,2026-05-28,,2026-05-28 12:32:54,2026-05-28 12:47:54,,4323.24,15,,true,false,false,false,false
PED-003028,161,4,3,3,2026-05-28,2026-05-28,,2026-05-28 15:38:22,2026-05-28 20:02:22,,26192.26,264,,true,false,false,false,false
PED-003029,5,5,2,3,2026-05-28,2026-05-28,,2026-05-28 11:47:31,2026-05-28 12:09:31,,37709.97,22,,true,false,false,false,false
PED-003031,76,2,4,3,2026-05-28,2026-05-28,,2026-05-28 04:42:53,2026-05-28 06:24:53,,2090.07,102,,true,false,false,false,false
PED-003032,75,7,2,3,2026-05-28,2026-05-28,,2026-05-28 15:58:55,2026-05-28 18:56:55,,1223.96,178,,true,false,false,false,false
PED-003033,83,10,2,3,2026-05-28,2026-05-28,,2026-05-28 21:08:00,2026-05-28 21:49:00,,7585.16,41,,true,false,false,false,false
PED-003034,113,7,2,3,2026-05-28,2026-05-28,,2026-05-28 06:32:30,2026-05-28 09:14:30,,13143.52,162,,true,false,false,false,false
PED-003035,156,4,2,4,2026-05-28,2026-05-28,,2026-05-28 00:37:42,2026-05-28 02:28:42,,3697.82,111,,true,false,false,false,false
PED-003036,33,7,2,3,2026-05-28,2026-05-28,,2026-05-28 08:04:40,2026-05-28 08:06:40,,3899.05,2,,true,false,false,false,false
PED-003038,181,6,2,3,2026-05-28,2026-05-28,,2026-05-28 01:38:28,2026-05-28 03:54:28,,1114.93,136,,true,false,false,false,false
PED-003040,48,4,2,3,2026-05-28,2026-05-28,,2026-05-28 02:18:48,2026-05-28 03:37:48,,17001.28,79,,true,false,false,false,false
PED-003041,31,8,4,3,2026-05-28,2026-05-28,,2026-05-28 10:01:31,2026-05-28 10:58:31,,2098.88,57,,true,false,false,false,false
PED-003043,189,10,2,3,2026-05-29,2026-05-29,,2026-05-29 02:02:42,2026-05-29 06:24:42,,3793.25,262,,true,false,false,false,false
PED-003044,196,7,2,3,2026-05-29,2026-05-29,,2026-05-29 12:25:37,2026-05-29 16:30:37,,11400.74,245,,true,false,false,false,false
PED-003051,195,3,2,3,2026-05-29,2026-05-29,,2026-05-29 16:50:39,2026-05-29 20:44:39,,2021.83,234,,true,false,false,false,false
PED-003053,147,5,4,3,2026-05-29,2026-05-29,,2026-05-29 06:33:34,2026-05-29 07:00:34,,3941.78,27,,true,false,false,false,false
PED-003054,7,8,2,3,2026-05-29,2026-05-29,,2026-05-29 07:08:53,2026-05-29 07:41:53,,3919.24,33,,true,false,false,false,false
PED-003055,29,5,2,3,2026-05-29,2026-05-29,,2026-05-29 04:32:22,2026-05-29 05:53:22,,11964.26,81,,true,false,false,false,false
PED-003056,135,10,1,3,2026-05-29,2026-05-29,,2026-05-29 14:58:58,2026-05-29 19:04:58,,2260.51,246,,true,false,false,false,false
PED-003057,42,1,2,3,2026-05-29,2026-05-29,,2026-05-29 14:42:53,2026-05-29 19:09:53,,14076.72,267,,true,false,false,false,false
PED-003060,15,4,2,3,2026-05-29,2026-05-29,,2026-05-29 00:07:51,2026-05-29 03:40:51,,2983.60,213,,true,false,false,false,false
PED-003061,112,4,4,3,2026-05-29,2026-05-30,,2026-05-29 19:44:30,2026-05-30 03:46:30,,3891.53,482,,true,false,false,false,false
PED-003062,145,3,3,3,2026-05-29,2026-05-29,,2026-05-29 22:53:47,2026-05-29 23:25:47,,3886.90,32,,true,false,false,false,false
PED-003063,68,9,2,4,2026-05-29,2026-05-29,,2026-05-29 04:17:17,2026-05-29 05:15:17,,2011.43,58,,true,false,false,false,false
PED-003064,166,8,4,3,2026-05-29,2026-05-29,,2026-05-29 15:32:51,2026-05-29 20:05:51,,2212.43,273,,true,false,false,false,false
PED-003066,195,6,2,3,2026-05-29,2026-05-29,,2026-05-29 08:50:43,2026-05-29 09:28:43,,10149.83,38,,true,false,false,false,false
PED-003067,45,6,4,3,2026-05-29,2026-05-30,,2026-05-29 21:43:12,2026-05-30 03:27:12,,3296.62,344,,true,false,false,false,false
PED-003068,142,4,3,3,2026-05-29,2026-05-29,,2026-05-29 19:20:26,2026-05-29 19:32:26,,5296.22,12,,true,false,false,false,false
PED-003069,104,10,2,3,2026-05-29,2026-05-30,,2026-05-29 23:12:15,2026-05-30 04:07:15,,2401.49,295,,true,false,false,false,false
PED-003070,108,9,1,4,2026-05-29,2026-05-29,,2026-05-29 17:42:09,2026-05-29 18:58:09,,6284.53,76,,true,false,false,false,false
PED-003071,135,6,3,3,2026-05-30,2026-05-30,,2026-05-30 02:43:51,2026-05-30 04:43:51,,3335.12,120,,true,false,false,false,false
PED-003072,84,10,3,3,2026-05-30,2026-05-30,,2026-05-30 21:36:17,2026-05-30 23:51:17,,7445.36,135,,true,false,false,false,false
PED-003073,73,2,1,3,2026-05-30,2026-05-30,,2026-05-30 01:31:50,2026-05-30 02:28:50,,11853.04,57,,true,false,false,false,false
PED-003074,123,1,2,3,2026-05-30,2026-05-30,,2026-05-30 05:22:12,2026-05-30 07:48:12,,1604.24,146,,true,false,false,false,false
PED-003076,101,5,2,3,2026-05-30,2026-05-30,,2026-05-30 07:29:55,2026-05-30 08:06:55,,2483.00,37,,true,false,false,false,false
PED-003077,30,6,1,3,2026-05-30,2026-05-30,,2026-05-30 10:00:46,2026-05-30 14:07:46,,1256.73,247,,true,false,false,false,false
PED-003078,122,4,2,3,2026-05-30,2026-05-30,,2026-05-30 00:04:17,2026-05-30 02:09:17,,2407.18,125,,true,false,false,false,false
PED-003079,165,7,2,4,2026-05-30,2026-05-31,,2026-05-30 21:29:19,2026-05-31 00:35:19,,5029.05,186,,true,false,false,false,false
PED-003081,91,3,1,3,2026-05-30,2026-05-30,,2026-05-30 15:35:37,2026-05-30 15:59:37,,10418.02,24,,true,false,false,false,false
PED-003082,199,9,4,3,2026-05-30,2026-05-30,,2026-05-30 10:39:46,2026-05-30 11:16:46,,7394.41,37,,true,false,false,false,false
PED-003083,9,5,2,4,2026-05-30,2026-05-30,,2026-05-30 11:23:53,2026-05-30 15:59:53,,869.56,276,,true,false,false,false,false
PED-003084,112,10,4,3,2026-05-30,2026-05-30,,2026-05-30 08:12:26,2026-05-30 14:26:26,,3514.36,374,,true,false,false,false,false
PED-003086,58,9,2,3,2026-05-30,2026-05-30,,2026-05-30 09:07:04,2026-05-30 19:38:04,,3188.32,631,,true,false,false,false,false
PED-003087,137,5,2,3,2026-05-30,2026-05-30,,2026-05-30 00:45:12,2026-05-30 04:00:12,,11154.93,195,,true,false,false,false,false
PED-003088,74,9,4,3,2026-05-30,2026-05-31,,2026-05-30 23:41:30,2026-05-31 10:57:30,,4104.45,676,,true,false,false,false,false
PED-003089,84,9,4,3,2026-05-30,2026-05-30,,2026-05-30 20:10:03,2026-05-30 20:58:03,,4956.27,48,,true,false,false,false,false
PED-003090,190,4,2,3,2026-05-30,2026-05-31,,2026-05-30 23:53:56,2026-05-31 06:23:56,,8862.29,390,,true,false,false,false,false
PED-003091,167,2,2,3,2026-05-30,2026-05-30,,2026-05-30 03:27:57,2026-05-30 09:00:57,,1221.01,333,,true,false,false,false,false
PED-003092,100,10,2,3,2026-05-30,2026-05-30,,2026-05-30 18:03:21,2026-05-30 18:46:21,,5530.20,43,,true,false,false,false,false
PED-003094,173,9,2,3,2026-05-31,2026-05-31,,2026-05-31 18:50:58,2026-05-31 19:12:58,,12907.21,22,,true,false,false,false,false
PED-003096,101,4,2,3,2026-05-31,2026-05-31,,2026-05-31 09:30:59,2026-05-31 13:57:59,,8258.40,267,,true,false,false,false,false
PED-003097,193,1,2,3,2026-05-31,2026-05-31,,2026-05-31 10:15:36,2026-05-31 15:19:36,,7546.68,304,,true,false,false,false,false
PED-003098,61,9,4,3,2026-05-31,2026-05-31,,2026-05-31 02:01:53,2026-05-31 03:51:53,,7237.63,110,,true,false,false,false,false
PED-003100,68,4,2,3,2026-05-31,2026-05-31,,2026-05-31 08:11:49,2026-05-31 08:51:49,,17088.84,40,,true,false,false,false,false
PED-003101,14,8,4,3,2026-05-31,2026-05-31,,2026-05-31 16:54:41,2026-05-31 17:46:41,,8887.38,52,,true,false,false,false,false
PED-003103,128,8,1,3,2026-05-31,2026-05-31,,2026-05-31 14:00:15,2026-05-31 15:25:15,,10719.31,85,,true,false,false,false,false
PED-003107,167,10,1,3,2026-05-31,2026-05-31,,2026-05-31 09:40:01,2026-05-31 09:49:01,,2688.98,9,,true,false,false,false,false
PED-003108,162,8,2,3,2026-05-31,2026-05-31,,2026-05-31 03:19:19,2026-05-31 04:07:19,,16951.48,48,,true,false,false,false,false
PED-003109,108,7,4,4,2026-05-31,2026-05-31,,2026-05-31 13:07:26,2026-05-31 15:49:26,,16848.10,162,,true,false,false,false,false
PED-003110,2,9,4,3,2026-05-31,2026-05-31,,2026-05-31 14:44:55,2026-05-31 15:14:55,,16840.79,30,,true,false,false,false,false
PED-003112,156,7,2,4,2026-05-31,2026-06-01,,2026-05-31 03:57:12,2026-06-01 03:16:12,,9307.25,1399,,true,false,false,false,false
PED-003113,156,5,1,3,2026-05-31,2026-05-31,,2026-05-31 14:32:36,2026-05-31 17:17:36,,1267.08,165,,true,false,false,false,false
PED-003115,167,2,4,3,2026-05-31,2026-05-31,,2026-05-31 01:40:00,2026-05-31 02:50:00,,8332.56,70,,true,false,false,false,false
PED-003116,17,10,2,4,2026-05-31,2026-06-01,,2026-05-31 23:24:13,2026-06-01 00:56:13,,7479.57,92,,true,false,false,false,false
PED-003119,54,6,2,3,2026-06-01,2026-06-01,,2026-06-01 02:26:13,2026-06-01 02:34:13,,3656.18,8,,true,false,false,false,false
PED-003122,160,9,3,3,2026-06-01,2026-06-01,,2026-06-01 18:36:08,2026-06-01 20:23:08,,3774.64,107,,true,false,false,false,false
PED-003123,126,1,2,3,2026-06-01,2026-06-01,,2026-06-01 21:39:02,2026-06-01 22:01:02,,7945.68,22,,true,false,false,false,false
PED-003124,179,7,4,3,2026-06-01,2026-06-02,,2026-06-01 22:15:24,2026-06-02 14:45:24,,2750.06,990,,true,false,false,false,false
PED-003126,13,1,1,4,2026-06-01,2026-06-01,,2026-06-01 03:30:19,2026-06-01 03:35:19,,29716.65,5,,true,false,false,false,false
PED-003128,25,5,3,4,2026-06-01,2026-06-02,,2026-06-01 18:38:54,2026-06-02 01:02:54,,3555.27,384,,true,false,false,false,false
PED-003129,92,3,2,3,2026-06-01,2026-06-01,,2026-06-01 08:47:38,2026-06-01 11:22:38,,7955.75,155,,true,false,false,false,false
PED-003130,124,6,3,3,2026-06-01,2026-06-02,,2026-06-01 21:48:59,2026-06-02 00:23:59,,8157.51,155,,true,false,false,false,false
PED-003134,184,6,4,3,2026-06-02,2026-06-02,,2026-06-02 14:15:32,2026-06-02 14:33:32,,4169.45,18,,true,false,false,false,false
PED-003135,92,10,4,3,2026-06-02,2026-06-02,,2026-06-02 05:51:43,2026-06-02 05:59:43,,3611.14,8,,true,false,false,false,false
PED-003140,177,2,3,3,2026-06-02,2026-06-02,,2026-06-02 02:03:28,2026-06-02 02:07:28,,6227.44,4,,true,false,false,false,false
PED-003141,43,9,4,3,2026-06-02,2026-06-02,,2026-06-02 13:42:49,2026-06-02 15:30:49,,17265.10,108,,true,false,false,false,false
PED-003142,32,5,1,3,2026-06-02,2026-06-02,,2026-06-02 06:15:15,2026-06-02 10:40:15,,35101.89,265,,true,false,false,false,false
PED-003144,145,2,1,3,2026-06-02,2026-06-02,,2026-06-02 11:12:36,2026-06-02 18:45:36,,3489.21,453,,true,false,false,false,false
PED-003147,76,9,4,3,2026-06-02,2026-06-02,,2026-06-02 08:00:54,2026-06-02 08:07:54,,10219.09,7,,true,false,false,false,false
PED-003148,36,3,3,3,2026-06-02,2026-06-02,,2026-06-02 00:42:59,2026-06-02 03:44:59,,24060.96,182,,true,false,false,false,false
PED-003152,125,9,1,3,2026-06-02,2026-06-02,,2026-06-02 03:36:36,2026-06-02 03:37:36,,1628.52,1,,true,false,false,false,false
PED-003154,96,8,3,3,2026-06-02,2026-06-02,,2026-06-02 18:08:15,2026-06-02 18:26:15,,4041.79,18,,true,false,false,false,false
PED-003155,78,1,2,3,2026-06-03,2026-06-03,,2026-06-03 04:29:53,2026-06-03 06:45:53,,13551.31,136,,true,false,false,false,false
PED-003156,6,9,2,4,2026-06-03,2026-06-03,,2026-06-03 17:19:11,2026-06-03 18:14:11,,4744.57,55,,true,false,false,false,false
PED-003157,121,5,3,3,2026-06-03,2026-06-03,,2026-06-03 00:51:30,2026-06-03 05:25:30,,3880.23,274,,true,false,false,false,false
PED-003158,113,8,3,3,2026-06-03,2026-06-03,,2026-06-03 14:32:18,2026-06-03 14:53:18,,1172.01,21,,true,false,false,false,false
PED-003159,198,8,2,3,2026-06-03,2026-06-03,,2026-06-03 10:41:31,2026-06-03 11:49:31,,30641.72,68,,true,false,false,false,false
PED-003160,117,2,3,3,2026-06-03,2026-06-03,,2026-06-03 12:58:34,2026-06-03 21:12:34,,1980.41,494,,true,false,false,false,false
PED-003161,72,3,4,4,2026-06-03,2026-06-03,,2026-06-03 07:42:56,2026-06-03 08:36:56,,1487.53,54,,true,false,false,false,false
PED-003162,96,5,4,3,2026-06-03,2026-06-03,,2026-06-03 19:44:41,2026-06-03 20:46:41,,9284.49,62,,true,false,false,false,false
PED-003163,9,7,4,4,2026-06-03,2026-06-04,,2026-06-03 17:18:55,2026-06-04 01:07:55,,3902.65,469,,true,false,false,false,false
PED-003167,125,8,4,3,2026-06-03,2026-06-03,,2026-06-03 06:29:34,2026-06-03 07:48:34,,4602.67,79,,true,false,false,false,false
PED-003168,188,6,2,3,2026-06-03,2026-06-03,,2026-06-03 03:02:19,2026-06-03 05:59:19,,1454.53,177,,true,false,false,false,false
PED-003169,108,9,2,4,2026-06-03,2026-06-03,,2026-06-03 00:02:09,2026-06-03 13:19:09,,24157.47,797,,true,false,false,false,false
PED-003171,36,2,2,3,2026-06-03,2026-06-03,,2026-06-03 16:04:32,2026-06-03 17:49:32,,2445.26,105,,true,false,false,false,false
PED-003174,128,2,2,3,2026-06-03,2026-06-04,,2026-06-03 11:52:22,2026-06-04 00:31:22,,10747.93,759,,true,false,false,false,false
PED-003175,66,9,1,3,2026-06-03,2026-06-03,,2026-06-03 03:29:15,2026-06-03 05:46:15,,11982.52,137,,true,false,false,false,false
PED-003177,199,3,2,4,2026-06-03,2026-06-03,,2026-06-03 22:02:27,2026-06-03 22:04:27,,5145.90,2,,true,false,false,false,false
PED-003178,61,2,4,3,2026-06-03,2026-06-03,,2026-06-03 14:22:10,2026-06-03 23:53:10,,5673.62,571,,true,false,false,false,false
PED-003179,192,10,4,3,2026-06-03,2026-06-03,,2026-06-03 01:31:29,2026-06-03 03:23:29,,3407.05,112,,true,false,false,false,false
PED-003180,173,8,4,3,2026-06-03,2026-06-03,,2026-06-03 03:24:41,2026-06-03 04:24:41,,1461.95,60,,true,false,false,false,false
PED-003182,168,3,3,3,2026-06-03,2026-06-03,,2026-06-03 10:03:54,2026-06-03 12:19:54,,3771.08,136,,true,false,false,false,false
PED-003184,199,8,1,4,2026-06-04,2026-06-04,,2026-06-04 14:02:34,2026-06-04 20:53:34,,10011.65,411,,true,false,false,false,false
PED-003185,130,6,4,3,2026-06-04,2026-06-04,,2026-06-04 13:46:31,2026-06-04 17:21:31,,2280.88,215,,true,false,false,false,false
PED-003187,89,4,1,3,2026-06-04,2026-06-04,,2026-06-04 11:12:19,2026-06-04 14:59:19,,5613.42,227,,true,false,false,false,false
PED-003188,29,5,4,3,2026-06-04,2026-06-04,,2026-06-04 11:10:18,2026-06-04 12:23:18,,24478.81,73,,true,false,false,false,false
PED-003190,180,3,2,3,2026-06-04,2026-06-04,,2026-06-04 14:44:13,2026-06-04 17:28:13,,29592.98,164,,true,false,false,false,false
PED-003193,182,1,1,3,2026-06-04,2026-06-04,,2026-06-04 04:54:12,2026-06-04 07:52:12,,2105.31,178,,true,false,false,false,false
PED-003194,136,4,4,3,2026-06-04,2026-06-04,,2026-06-04 01:53:25,2026-06-04 06:49:25,,3854.19,296,,true,false,false,false,false
PED-003195,67,3,4,3,2026-06-04,2026-06-04,,2026-06-04 02:35:20,2026-06-04 04:09:20,,1696.47,94,,true,false,false,false,false
PED-003197,64,1,2,4,2026-06-04,2026-06-04,,2026-06-04 03:29:57,2026-06-04 06:00:57,,1548.09,151,,true,false,false,false,false
PED-003199,36,3,2,3,2026-06-05,2026-06-05,,2026-06-05 02:36:49,2026-06-05 05:04:49,,2032.52,148,,true,false,false,false,false
PED-003201,98,4,4,3,2026-06-05,2026-06-06,,2026-06-05 23:07:03,2026-06-06 01:32:03,,659.17,145,,true,false,false,false,false
PED-003203,160,7,2,3,2026-06-05,2026-06-05,,2026-06-05 11:55:46,2026-06-05 12:22:46,,16600.03,27,,true,false,false,false,false
PED-003204,132,4,3,3,2026-06-05,2026-06-05,,2026-06-05 11:34:21,2026-06-05 12:40:21,,6610.94,66,,true,false,false,false,false
PED-003205,76,8,4,3,2026-06-05,2026-06-05,,2026-06-05 07:48:42,2026-06-05 09:07:42,,18082.96,79,,true,false,false,false,false
PED-003206,41,8,4,3,2026-06-05,2026-06-05,,2026-06-05 11:36:08,2026-06-05 11:38:08,,2791.39,2,,true,false,false,false,false
PED-003207,25,1,2,3,2026-06-05,2026-06-05,,2026-06-05 14:58:40,2026-06-05 15:43:40,,7898.77,45,,true,false,false,false,false
PED-003208,100,1,2,3,2026-06-06,2026-06-06,,2026-06-06 16:04:24,2026-06-06 16:56:24,,1850.79,52,,true,false,false,false,false
PED-003211,135,8,2,3,2026-06-06,2026-06-06,,2026-06-06 01:59:02,2026-06-06 02:57:02,,32528.74,58,,true,false,false,false,false
PED-003212,98,6,2,3,2026-06-06,2026-06-06,,2026-06-06 13:33:04,2026-06-06 15:37:04,,17260.96,124,,true,false,false,false,false
PED-003213,150,8,2,3,2026-06-06,2026-06-06,,2026-06-06 20:48:42,2026-06-06 20:56:42,,4492.53,8,,true,false,false,false,false
PED-003214,1,1,1,3,2026-06-06,2026-06-06,,2026-06-06 09:45:12,2026-06-06 10:11:12,,1865.08,26,,true,false,false,false,false
PED-003215,8,9,1,3,2026-06-06,2026-06-06,,2026-06-06 02:09:17,2026-06-06 07:58:17,,4203.39,349,,true,false,false,false,false
PED-003216,127,9,4,3,2026-06-06,2026-06-06,,2026-06-06 14:37:53,2026-06-06 15:51:53,,4664.27,74,,true,false,false,false,false
PED-003217,178,9,4,3,2026-06-06,2026-06-06,,2026-06-06 15:47:29,2026-06-06 20:07:29,,1101.39,260,,true,false,false,false,false
PED-003218,117,3,4,3,2026-06-06,2026-06-06,,2026-06-06 15:27:03,2026-06-06 17:09:03,,3667.49,102,,true,false,false,false,false
PED-003220,197,2,4,3,2026-06-06,2026-06-06,,2026-06-06 11:27:51,2026-06-06 11:39:51,,4497.70,12,,true,false,false,false,false
PED-003222,105,9,2,3,2026-06-06,2026-06-06,,2026-06-06 18:59:27,2026-06-06 20:14:27,,4617.90,75,,true,false,false,false,false
PED-003223,14,10,4,3,2026-06-06,2026-06-06,,2026-06-06 01:49:13,2026-06-06 03:23:13,,1670.65,94,,true,false,false,false,false
PED-003230,120,6,2,3,2026-06-06,2026-06-06,,2026-06-06 07:13:13,2026-06-06 10:49:13,,9822.52,216,,true,false,false,false,false
PED-003231,171,4,2,3,2026-06-06,2026-06-06,,2026-06-06 01:59:40,2026-06-06 04:08:40,,5387.58,129,,true,false,false,false,false
PED-003232,83,8,3,3,2026-06-07,2026-06-07,,2026-06-07 09:38:41,2026-06-07 11:25:41,,5349.87,107,,true,false,false,false,false
PED-003234,151,1,1,3,2026-06-07,2026-06-07,,2026-06-07 08:02:45,2026-06-07 10:46:45,,6133.86,164,,true,false,false,false,false
PED-003236,40,10,1,3,2026-06-07,2026-06-07,,2026-06-07 06:41:37,2026-06-07 07:07:37,,1710.53,26,,true,false,false,false,false
PED-003237,172,6,1,3,2026-06-07,2026-06-07,,2026-06-07 17:44:11,2026-06-07 18:38:11,,2553.27,54,,true,false,false,false,false
PED-003238,114,10,2,3,2026-06-07,2026-06-07,,2026-06-07 12:34:21,2026-06-07 13:08:21,,3466.25,34,,true,false,false,false,false
PED-003239,179,10,2,4,2026-06-07,2026-06-07,,2026-06-07 22:20:44,2026-06-07 23:07:44,,4021.26,47,,true,false,false,false,false
PED-003240,23,4,1,3,2026-06-07,2026-06-07,,2026-06-07 01:48:54,2026-06-07 02:43:54,,1852.09,55,,true,false,false,false,false
PED-003241,131,2,2,3,2026-06-07,2026-06-07,,2026-06-07 12:51:19,2026-06-07 17:35:19,,3663.28,284,,true,false,false,false,false
PED-003242,196,2,2,3,2026-06-07,2026-06-07,,2026-06-07 22:25:41,2026-06-07 23:17:41,,14984.40,52,,true,false,false,false,false
PED-003244,34,4,4,3,2026-06-07,2026-06-07,,2026-06-07 06:09:10,2026-06-07 06:28:10,,3080.29,19,,true,false,false,false,false
PED-003245,18,1,3,3,2026-06-07,2026-06-07,,2026-06-07 18:31:41,2026-06-07 20:45:41,,11544.93,134,,true,false,false,false,false
PED-003246,48,8,4,3,2026-06-08,2026-06-08,,2026-06-08 05:45:30,2026-06-08 06:02:30,,10802.96,17,,true,false,false,false,false
PED-003247,169,1,2,3,2026-06-08,2026-06-08,,2026-06-08 05:50:31,2026-06-08 07:46:31,,3795.55,116,,true,false,false,false,false
PED-003249,185,5,4,3,2026-06-08,2026-06-08,,2026-06-08 12:44:58,2026-06-08 13:55:58,,5179.57,71,,true,false,false,false,false
PED-003251,2,4,2,3,2026-06-08,2026-06-08,,2026-06-08 18:42:28,2026-06-08 21:55:28,,1147.00,193,,true,false,false,false,false
PED-003252,53,3,3,3,2026-06-08,2026-06-08,,2026-06-08 01:02:50,2026-06-08 01:23:50,,751.65,21,,true,false,false,false,false
PED-003253,18,3,2,3,2026-06-08,2026-06-08,,2026-06-08 11:05:54,2026-06-08 12:33:54,,2660.93,88,,true,false,false,false,false
PED-003256,117,3,2,4,2026-06-08,2026-06-08,,2026-06-08 16:34:22,2026-06-08 21:09:22,,2160.59,275,,true,false,false,false,false
PED-003257,171,10,2,3,2026-06-08,2026-06-08,,2026-06-08 09:36:57,2026-06-08 10:26:57,,3774.35,50,,true,false,false,false,false
PED-003258,46,10,3,3,2026-06-08,2026-06-08,,2026-06-08 13:12:33,2026-06-08 18:39:33,,13967.71,327,,true,false,false,false,false
PED-003259,1,6,1,3,2026-06-08,2026-06-08,,2026-06-08 22:47:36,2026-06-08 22:59:36,,2358.56,12,,true,false,false,false,false
PED-003260,141,2,3,4,2026-06-08,2026-06-09,,2026-06-08 23:08:03,2026-06-09 06:52:03,,5845.30,464,,true,false,false,false,false
PED-003261,147,8,2,3,2026-06-08,2026-06-09,,2026-06-08 20:02:19,2026-06-09 00:16:19,,4659.51,254,,true,false,false,false,false
PED-003262,34,10,1,3,2026-06-08,2026-06-08,,2026-06-08 09:42:05,2026-06-08 12:57:05,,3978.35,195,,true,false,false,false,false
PED-003263,26,1,4,3,2026-06-09,2026-06-09,,2026-06-09 13:01:43,2026-06-09 15:01:43,,6301.73,120,,true,false,false,false,false
PED-003264,100,5,2,3,2026-06-09,2026-06-09,,2026-06-09 19:17:21,2026-06-09 19:23:21,,718.93,6,,true,false,false,false,false
PED-003265,110,3,2,3,2026-06-09,2026-06-09,,2026-06-09 18:23:53,2026-06-09 19:48:53,,1675.26,85,,true,false,false,false,false
PED-003267,12,2,1,3,2026-06-09,2026-06-09,,2026-06-09 18:05:43,2026-06-09 19:08:43,,9031.18,63,,true,false,false,false,false
PED-003268,40,7,2,3,2026-06-09,2026-06-10,,2026-06-09 23:58:25,2026-06-10 00:18:25,,5117.30,20,,true,false,false,false,false
PED-003270,169,5,3,4,2026-06-09,2026-06-09,,2026-06-09 08:04:29,2026-06-09 09:36:29,,1938.75,92,,true,false,false,false,false
PED-003271,193,6,4,3,2026-06-09,2026-06-10,,2026-06-09 21:30:29,2026-06-10 00:38:29,,2225.69,188,,true,false,false,false,false
PED-003272,109,10,2,3,2026-06-09,2026-06-09,,2026-06-09 12:40:22,2026-06-09 16:21:22,,3208.83,221,,true,false,false,false,false
PED-003273,81,9,2,3,2026-06-09,2026-06-09,,2026-06-09 04:32:13,2026-06-09 11:25:13,,8818.89,413,,true,false,false,false,false
PED-003274,194,10,2,3,2026-06-09,2026-06-09,,2026-06-09 12:01:19,2026-06-09 16:00:19,,28833.79,239,,true,false,false,false,false
PED-003276,145,3,3,3,2026-06-09,2026-06-10,,2026-06-09 19:34:04,2026-06-10 00:52:04,,2794.80,318,,true,false,false,false,false
PED-003282,186,4,4,3,2026-06-09,2026-06-10,,2026-06-09 22:55:57,2026-06-10 00:01:57,,8719.03,66,,true,false,false,false,false
PED-003283,8,6,2,4,2026-06-09,2026-06-09,,2026-06-09 09:19:30,2026-06-09 12:31:30,,37773.30,192,,true,false,false,false,false
PED-003284,162,4,4,3,2026-06-09,2026-06-09,,2026-06-09 09:49:06,2026-06-09 11:51:06,,2046.95,122,,true,false,false,false,false
PED-003285,86,8,4,3,2026-06-09,2026-06-09,,2026-06-09 04:54:14,2026-06-09 07:16:14,,1976.96,142,,true,false,false,false,false
PED-003286,198,2,1,3,2026-06-10,2026-06-10,,2026-06-10 04:07:08,2026-06-10 06:58:08,,2306.42,171,,true,false,false,false,false
PED-003287,38,9,3,3,2026-06-10,2026-06-10,,2026-06-10 23:45:46,2026-06-10 23:53:46,,12845.91,8,,true,false,false,false,false
PED-003289,38,5,1,4,2026-06-10,2026-06-11,,2026-06-10 23:02:25,2026-06-11 01:57:25,,10206.88,175,,true,false,false,false,false
PED-003290,107,5,3,3,2026-06-10,2026-06-11,,2026-06-10 23:39:19,2026-06-11 01:45:19,,1000.42,126,,true,false,false,false,false
PED-003294,65,3,3,3,2026-06-10,2026-06-10,,2026-06-10 08:40:41,2026-06-10 12:58:41,,13043.64,258,,true,false,false,false,false
PED-003295,173,1,1,3,2026-06-10,2026-06-11,,2026-06-10 19:35:49,2026-06-11 00:57:49,,1279.05,322,,true,false,false,false,false
PED-003296,52,6,2,3,2026-06-10,2026-06-10,,2026-06-10 13:02:33,2026-06-10 13:16:33,,1851.80,14,,true,false,false,false,false
PED-003299,167,7,2,3,2026-06-10,2026-06-11,,2026-06-10 16:41:23,2026-06-11 03:55:23,,35979.99,674,,true,false,false,false,false
PED-003300,185,3,4,3,2026-06-10,2026-06-10,,2026-06-10 05:55:56,2026-06-10 06:10:56,,14960.85,15,,true,false,false,false,false
PED-003302,29,5,4,3,2026-06-10,2026-06-10,,2026-06-10 17:24:41,2026-06-10 20:29:41,,2361.56,185,,true,false,false,false,false
PED-003303,52,7,3,3,2026-06-10,2026-06-11,,2026-06-10 20:03:42,2026-06-11 04:58:42,,17397.69,535,,true,false,false,false,false
PED-003304,185,2,4,3,2026-06-10,2026-06-10,,2026-06-10 05:29:37,2026-06-10 06:31:37,,9525.19,62,,true,false,false,false,false
PED-003305,121,2,3,3,2026-06-10,2026-06-10,,2026-06-10 20:19:17,2026-06-10 21:06:17,,3236.08,47,,true,false,false,false,false
PED-003306,158,10,4,3,2026-06-10,2026-06-11,,2026-06-10 18:05:24,2026-06-11 02:33:24,,3957.45,508,,true,false,false,false,false
PED-003308,154,2,3,3,2026-06-11,2026-06-11,,2026-06-11 03:02:44,2026-06-11 03:38:44,,4117.60,36,,true,false,false,false,false
PED-003310,153,3,1,3,2026-06-11,2026-06-11,,2026-06-11 19:28:40,2026-06-11 20:09:40,,2789.41,41,,true,false,false,false,false
PED-003311,68,3,2,3,2026-06-11,2026-06-11,,2026-06-11 00:50:11,2026-06-11 12:46:11,,4545.94,716,,true,false,false,false,false
PED-003314,126,5,4,3,2026-06-11,2026-06-11,,2026-06-11 00:58:12,2026-06-11 01:42:12,,784.06,44,,true,false,false,false,false
PED-003316,130,5,1,3,2026-06-11,2026-06-12,,2026-06-11 18:14:36,2026-06-12 01:39:36,,2684.57,445,,true,false,false,false,false
PED-003317,56,2,2,3,2026-06-11,2026-06-12,,2026-06-11 20:17:56,2026-06-12 09:11:56,,7077.40,774,,true,false,false,false,false
PED-003318,200,10,4,3,2026-06-11,2026-06-11,,2026-06-11 06:21:48,2026-06-11 12:32:48,,2358.40,371,,true,false,false,false,false
PED-003319,108,1,2,3,2026-06-11,2026-06-11,,2026-06-11 06:13:27,2026-06-11 10:32:27,,734.18,259,,true,false,false,false,false
PED-003320,132,5,2,3,2026-06-11,2026-06-11,,2026-06-11 18:46:21,2026-06-11 19:02:21,,4217.61,16,,true,false,false,false,false
PED-003321,72,2,3,3,2026-06-11,2026-06-11,,2026-06-11 12:24:54,2026-06-11 13:19:54,,16288.67,55,,true,false,false,false,false
PED-003322,9,4,4,3,2026-06-11,2026-06-11,,2026-06-11 06:22:46,2026-06-11 08:41:46,,13941.85,139,,true,false,false,false,false
PED-003323,130,7,4,3,2026-06-12,2026-06-12,,2026-06-12 12:35:45,2026-06-12 16:36:45,,3627.22,241,,true,false,false,false,false
PED-003325,23,9,2,3,2026-06-12,2026-06-12,,2026-06-12 16:57:55,2026-06-12 18:28:55,,2551.87,91,,true,false,false,false,false
PED-003326,149,10,4,3,2026-06-12,2026-06-12,,2026-06-12 11:25:24,2026-06-12 11:47:24,,1897.34,22,,true,false,false,false,false
PED-003327,18,2,1,3,2026-06-12,2026-06-12,,2026-06-12 08:46:04,2026-06-12 10:37:04,,6255.51,111,,true,false,false,false,false
PED-003329,25,9,2,3,2026-06-12,2026-06-12,,2026-06-12 21:07:22,2026-06-12 22:42:22,,9608.60,95,,true,false,false,false,false
PED-003331,41,8,2,3,2026-06-12,2026-06-13,,2026-06-12 21:08:08,2026-06-13 01:08:08,,7164.62,240,,true,false,false,false,false
PED-003332,174,5,2,3,2026-06-12,2026-06-12,,2026-06-12 03:38:31,2026-06-12 04:43:31,,740.72,65,,true,false,false,false,false
PED-003333,98,7,2,3,2026-06-12,2026-06-13,,2026-06-12 19:11:00,2026-06-13 03:32:00,,20996.73,501,,true,false,false,false,false
PED-003336,85,9,1,3,2026-06-12,2026-06-12,,2026-06-12 06:32:48,2026-06-12 08:54:48,,524.07,142,,true,false,false,false,false
PED-003337,139,10,4,3,2026-06-12,2026-06-12,,2026-06-12 02:22:27,2026-06-12 03:15:27,,4546.88,53,,true,false,false,false,false
PED-003339,102,10,4,3,2026-06-13,2026-06-13,,2026-06-13 21:15:13,2026-06-13 21:44:13,,6534.29,29,,true,false,false,false,false
PED-003340,170,9,2,3,2026-06-13,2026-06-13,,2026-06-13 06:35:16,2026-06-13 06:38:16,,10945.82,3,,true,false,false,false,false
PED-003342,10,7,3,3,2026-06-13,2026-06-13,,2026-06-13 10:00:11,2026-06-13 10:39:11,,12096.12,39,,true,false,false,false,false
PED-003344,190,3,4,3,2026-06-13,2026-06-13,,2026-06-13 03:05:44,2026-06-13 07:50:44,,8771.50,285,,true,false,false,false,false
PED-003346,51,9,4,4,2026-06-13,2026-06-13,,2026-06-13 19:50:13,2026-06-13 23:55:13,,4245.95,245,,true,false,false,false,false
PED-003347,115,10,2,3,2026-06-13,2026-06-13,,2026-06-13 11:18:37,2026-06-13 14:58:37,,3522.01,220,,true,false,false,false,false
PED-003348,1,5,2,3,2026-06-13,2026-06-13,,2026-06-13 11:06:05,2026-06-13 11:29:05,,11452.75,23,,true,false,false,false,false
PED-003349,156,10,2,3,2026-06-13,2026-06-13,,2026-06-13 03:50:02,2026-06-13 07:16:02,,5334.45,206,,true,false,false,false,false
PED-003352,147,4,1,3,2026-06-14,2026-06-14,,2026-06-14 11:58:17,2026-06-14 12:43:17,,6754.98,45,,true,false,false,false,false
PED-003353,110,7,2,3,2026-06-14,2026-06-14,,2026-06-14 09:08:17,2026-06-14 09:48:17,,10225.33,40,,true,false,false,false,false
PED-003354,175,10,2,3,2026-06-14,2026-06-14,,2026-06-14 07:05:23,2026-06-14 07:41:23,,7557.67,36,,true,false,false,false,false
PED-003355,34,4,2,3,2026-06-14,2026-06-14,,2026-06-14 08:16:50,2026-06-14 10:58:50,,518.43,162,,true,false,false,false,false
PED-003356,91,7,2,4,2026-06-14,2026-06-15,,2026-06-14 22:50:38,2026-06-15 06:08:38,,7027.10,438,,true,false,false,false,false
PED-003357,114,3,4,3,2026-06-14,2026-06-14,,2026-06-14 00:53:40,2026-06-14 05:01:40,,5899.14,248,,true,false,false,false,false
PED-003359,46,8,1,3,2026-06-14,2026-06-14,,2026-06-14 10:43:15,2026-06-14 11:11:15,,4963.08,28,,true,false,false,false,false
PED-003360,166,3,1,3,2026-06-14,2026-06-14,,2026-06-14 20:41:29,2026-06-14 22:47:29,,5705.14,126,,true,false,false,false,false
PED-003361,72,7,2,3,2026-06-14,2026-06-14,,2026-06-14 16:04:24,2026-06-14 17:02:24,,8817.00,58,,true,false,false,false,false
PED-003363,39,9,1,3,2026-06-14,2026-06-14,,2026-06-14 07:57:15,2026-06-14 10:44:15,,2402.02,167,,true,false,false,false,false
PED-003365,178,5,1,3,2026-06-14,2026-06-14,,2026-06-14 23:13:50,2026-06-14 23:46:50,,11372.76,33,,true,false,false,false,false
PED-003367,188,1,3,3,2026-06-14,2026-06-14,,2026-06-14 12:09:21,2026-06-14 15:57:21,,6974.12,228,,true,false,false,false,false
PED-003369,129,9,2,3,2026-06-14,2026-06-14,,2026-06-14 08:55:26,2026-06-14 09:05:26,,812.60,10,,true,false,false,false,false
PED-003370,107,9,3,3,2026-06-14,2026-06-14,,2026-06-14 11:46:06,2026-06-14 14:02:06,,4472.41,136,,true,false,false,false,false
PED-003372,137,2,2,3,2026-06-14,2026-06-14,,2026-06-14 04:14:19,2026-06-14 07:49:19,,2887.38,215,,true,false,false,false,false
PED-003373,8,2,1,3,2026-06-14,2026-06-14,,2026-06-14 09:31:43,2026-06-14 11:50:43,,16780.06,139,,true,false,false,false,false
PED-003374,106,1,4,3,2026-06-14,2026-06-14,,2026-06-14 15:29:26,2026-06-14 17:41:26,,1217.44,132,,true,false,false,false,false
PED-003375,39,4,3,3,2026-06-14,2026-06-14,,2026-06-14 17:30:04,2026-06-14 19:54:04,,2624.37,144,,true,false,false,false,false
PED-003376,33,7,2,3,2026-06-15,2026-06-15,,2026-06-15 19:54:21,2026-06-15 22:49:21,,7950.54,175,,true,false,false,false,false
PED-003377,41,6,3,3,2026-06-15,2026-06-16,,2026-06-15 21:49:06,2026-06-16 02:13:06,,73776.32,264,,true,false,false,false,false
PED-003378,68,6,2,3,2026-06-15,2026-06-15,,2026-06-15 11:00:12,2026-06-15 13:01:12,,3347.05,121,,true,false,false,false,false
PED-003379,46,4,1,3,2026-06-15,2026-06-15,,2026-06-15 19:23:14,2026-06-15 19:26:14,,2600.79,3,,true,false,false,false,false
PED-003380,6,5,3,3,2026-06-15,2026-06-15,,2026-06-15 18:02:24,2026-06-15 19:40:24,,3537.44,98,,true,false,false,false,false
PED-003381,4,2,2,3,2026-06-15,2026-06-15,,2026-06-15 03:36:41,2026-06-15 14:36:41,,17410.98,660,,true,false,false,false,false
PED-003382,98,5,2,3,2026-06-15,2026-06-15,,2026-06-15 13:27:54,2026-06-15 15:19:54,,67918.64,112,,true,false,false,false,false
PED-003383,189,5,2,3,2026-06-15,2026-06-15,,2026-06-15 01:50:05,2026-06-15 05:09:05,,10805.60,199,,true,false,false,false,false
PED-003384,44,4,2,3,2026-06-15,2026-06-15,,2026-06-15 21:47:17,2026-06-15 23:55:17,,1918.59,128,,true,false,false,false,false
PED-003385,13,1,2,3,2026-06-15,2026-06-15,,2026-06-15 07:02:11,2026-06-15 07:05:11,,6638.96,3,,true,false,false,false,false
PED-003386,158,3,4,3,2026-06-15,2026-06-15,,2026-06-15 02:26:02,2026-06-15 05:30:02,,7444.51,184,,true,false,false,false,false
PED-003387,98,10,2,3,2026-06-15,2026-06-15,,2026-06-15 09:53:47,2026-06-15 14:27:47,,10919.21,274,,true,false,false,false,false
PED-003388,60,4,4,4,2026-06-15,2026-06-15,,2026-06-15 06:43:21,2026-06-15 09:06:21,,2893.98,143,,true,false,false,false,false
PED-003389,187,4,2,3,2026-06-15,2026-06-15,,2026-06-15 12:47:38,2026-06-15 18:41:38,,12331.54,354,,true,false,false,false,false
PED-003393,24,4,3,3,2026-06-15,2026-06-15,,2026-06-15 10:54:12,2026-06-15 14:20:12,,3339.75,206,,true,false,false,false,false
PED-003395,62,3,1,3,2026-06-15,2026-06-16,,2026-06-15 15:24:25,2026-06-16 00:24:25,,1791.45,540,,true,false,false,false,false
PED-003396,131,9,2,3,2026-06-15,2026-06-15,,2026-06-15 07:57:45,2026-06-15 13:48:45,,995.95,351,,true,false,false,false,false
PED-003397,196,4,2,3,2026-06-15,2026-06-15,,2026-06-15 17:07:34,2026-06-15 17:44:34,,2642.17,37,,true,false,false,false,false
PED-003399,158,7,1,3,2026-06-15,2026-06-16,,2026-06-15 23:53:36,2026-06-16 01:21:36,,6319.03,88,,true,false,false,false,false
PED-003400,187,1,2,3,2026-06-16,2026-06-16,,2026-06-16 02:24:15,2026-06-16 03:03:15,,2904.38,39,,true,false,false,false,false
PED-003402,159,9,2,3,2026-06-16,2026-06-17,,2026-06-16 23:53:41,2026-06-17 00:47:41,,12742.37,54,,true,false,false,false,false
PED-003403,196,9,2,3,2026-06-16,2026-06-16,,2026-06-16 13:23:13,2026-06-16 13:30:13,,3103.69,7,,true,false,false,false,false
PED-003407,24,4,2,3,2026-06-16,2026-06-16,,2026-06-16 07:35:04,2026-06-16 08:09:04,,18967.25,34,,true,false,false,false,false
PED-003408,62,7,4,3,2026-06-16,2026-06-16,,2026-06-16 02:21:44,2026-06-16 02:43:44,,4987.02,22,,true,false,false,false,false
PED-003410,28,3,2,3,2026-06-16,2026-06-16,,2026-06-16 01:07:50,2026-06-16 15:18:50,,3372.89,851,,true,false,false,false,false
PED-003412,133,3,2,3,2026-06-16,2026-06-16,,2026-06-16 03:00:16,2026-06-16 03:57:16,,6333.94,57,,true,false,false,false,false
PED-003413,125,6,2,3,2026-06-16,2026-06-16,,2026-06-16 08:21:43,2026-06-16 13:25:43,,1476.55,304,,true,false,false,false,false
PED-003415,7,2,2,3,2026-06-16,2026-06-16,,2026-06-16 09:52:24,2026-06-16 17:45:24,,6568.46,473,,true,false,false,false,false
PED-003417,60,8,1,3,2026-06-16,2026-06-16,,2026-06-16 04:11:08,2026-06-16 05:34:08,,4251.80,83,,true,false,false,false,false
PED-003418,144,1,2,4,2026-06-16,2026-06-16,,2026-06-16 04:40:07,2026-06-16 05:17:07,,8570.15,37,,true,false,false,false,false
PED-003420,24,2,2,3,2026-06-16,2026-06-16,,2026-06-16 06:46:08,2026-06-16 07:19:08,,5447.52,33,,true,false,false,false,false
PED-003422,169,1,2,3,2026-06-16,2026-06-16,,2026-06-16 08:07:49,2026-06-16 08:59:49,,1324.68,52,,true,false,false,false,false
PED-003423,9,4,4,3,2026-06-16,2026-06-17,,2026-06-16 22:04:46,2026-06-17 00:43:46,,1284.02,159,,true,false,false,false,false
PED-003424,148,3,1,3,2026-06-17,2026-06-18,,2026-06-17 22:36:55,2026-06-18 01:36:55,,3811.53,180,,true,false,false,false,false
PED-003425,35,9,2,3,2026-06-17,2026-06-17,,2026-06-17 17:45:14,2026-06-17 19:15:14,,8834.39,90,,true,false,false,false,false
PED-003426,153,3,2,3,2026-06-17,2026-06-18,,2026-06-17 20:50:51,2026-06-18 00:00:51,,1430.21,190,,true,false,false,false,false
PED-003427,10,2,4,4,2026-06-17,2026-06-17,,2026-06-17 12:41:22,2026-06-17 13:44:22,,13062.17,63,,true,false,false,false,false
PED-003428,59,4,2,3,2026-06-17,2026-06-17,,2026-06-17 13:49:23,2026-06-17 15:06:23,,10648.86,77,,true,false,false,false,false
PED-003429,18,4,3,3,2026-06-17,2026-06-18,,2026-06-17 18:04:26,2026-06-18 00:55:26,,3442.85,411,,true,false,false,false,false
PED-003430,131,9,1,3,2026-06-17,2026-06-18,,2026-06-17 07:55:00,2026-06-18 15:23:00,,3091.19,1888,,true,false,false,false,false
PED-003431,167,3,4,3,2026-06-17,2026-06-17,,2026-06-17 11:37:52,2026-06-17 11:47:52,,1962.00,10,,true,false,false,false,false
PED-003432,15,6,4,3,2026-06-17,2026-06-17,,2026-06-17 20:40:38,2026-06-17 22:05:38,,1625.89,85,,true,false,false,false,false
PED-003433,136,3,3,3,2026-06-17,2026-06-17,,2026-06-17 03:03:07,2026-06-17 04:57:07,,4857.04,114,,true,false,false,false,false
PED-003434,67,2,4,3,2026-06-17,2026-06-17,,2026-06-17 11:19:53,2026-06-17 12:32:53,,10776.53,73,,true,false,false,false,false
PED-003435,49,9,2,3,2026-06-17,2026-06-17,,2026-06-17 18:12:54,2026-06-17 22:07:54,,6653.47,235,,true,false,false,false,false
PED-003436,110,10,3,3,2026-06-17,2026-06-17,,2026-06-17 20:29:20,2026-06-17 21:49:20,,10804.91,80,,true,false,false,false,false
PED-003437,136,4,3,3,2026-06-17,2026-06-17,,2026-06-17 16:03:41,2026-06-17 18:05:41,,2793.81,122,,true,false,false,false,false
PED-003439,24,6,2,3,2026-06-17,2026-06-17,,2026-06-17 01:56:14,2026-06-17 06:26:14,,9536.83,270,,true,false,false,false,false
PED-003440,169,9,2,3,2026-06-17,2026-06-17,,2026-06-17 01:42:42,2026-06-17 02:22:42,,3557.53,40,,true,false,false,false,false
PED-003441,191,8,2,4,2026-06-17,2026-06-17,,2026-06-17 16:17:49,2026-06-17 21:34:49,,4528.70,317,,true,false,false,false,false
PED-003444,81,6,2,3,2026-06-18,2026-06-18,,2026-06-18 17:35:48,2026-06-18 21:07:48,,6027.13,212,,true,false,false,false,false
PED-003445,164,10,4,3,2026-06-18,2026-06-19,,2026-06-18 23:55:57,2026-06-19 00:17:57,,5409.35,22,,true,false,false,false,false
PED-003447,106,1,2,3,2026-06-18,2026-06-18,,2026-06-18 06:46:32,2026-06-18 08:55:32,,10974.67,129,,true,false,false,false,false
PED-003448,84,4,1,3,2026-06-18,2026-06-19,,2026-06-18 22:22:13,2026-06-19 04:33:13,,4431.50,371,,true,false,false,false,false
PED-003449,27,4,4,4,2026-06-18,2026-06-18,,2026-06-18 07:04:10,2026-06-18 08:19:10,,7391.53,75,,true,false,false,false,false
PED-003450,89,9,2,3,2026-06-18,2026-06-19,,2026-06-18 20:43:36,2026-06-19 06:46:36,,4451.77,603,,true,false,false,false,false
PED-003452,20,5,2,3,2026-06-18,2026-06-18,,2026-06-18 05:44:37,2026-06-18 06:43:37,,26012.58,59,,true,false,false,false,false
PED-003453,174,1,3,3,2026-06-18,2026-06-18,,2026-06-18 07:23:23,2026-06-18 07:59:23,,3687.85,36,,true,false,false,false,false
PED-003454,19,10,1,3,2026-06-18,2026-06-18,,2026-06-18 02:16:10,2026-06-18 03:14:10,,7994.04,58,,true,false,false,false,false
PED-003455,95,9,2,3,2026-06-18,2026-06-18,,2026-06-18 16:21:41,2026-06-18 19:48:41,,8625.19,207,,true,false,false,false,false
PED-003456,125,9,3,3,2026-06-18,2026-06-18,,2026-06-18 15:21:30,2026-06-18 20:38:30,,4671.07,317,,true,false,false,false,false
PED-003459,41,9,4,4,2026-06-18,2026-06-18,,2026-06-18 00:21:49,2026-06-18 01:09:49,,1186.47,48,,true,false,false,false,false
PED-003460,148,10,2,3,2026-06-18,2026-06-18,,2026-06-18 16:12:03,2026-06-18 18:19:03,,4765.64,127,,true,false,false,false,false
PED-003462,198,8,4,3,2026-06-18,2026-06-18,,2026-06-18 03:24:35,2026-06-18 03:37:35,,4624.42,13,,true,false,false,false,false
PED-003465,197,4,2,3,2026-06-19,2026-06-19,,2026-06-19 05:36:36,2026-06-19 09:12:36,,3569.92,216,,true,false,false,false,false
PED-003466,57,10,4,4,2026-06-19,2026-06-19,,2026-06-19 04:34:50,2026-06-19 07:00:50,,3586.58,146,,true,false,false,false,false
PED-003467,154,4,4,4,2026-06-19,2026-06-19,,2026-06-19 20:36:54,2026-06-19 21:15:54,,4709.10,39,,true,false,false,false,false
PED-003468,152,5,4,3,2026-06-19,2026-06-19,,2026-06-19 20:32:04,2026-06-19 22:44:04,,944.93,132,,true,false,false,false,false
PED-003469,48,9,2,3,2026-06-19,2026-06-19,,2026-06-19 04:21:47,2026-06-19 05:45:47,,1598.45,84,,true,false,false,false,false
PED-003470,156,5,4,3,2026-06-19,2026-06-19,,2026-06-19 02:16:36,2026-06-19 03:41:36,,4871.75,85,,true,false,false,false,false
PED-003472,166,4,3,3,2026-06-19,2026-06-19,,2026-06-19 09:36:32,2026-06-19 16:26:32,,14786.94,410,,true,false,false,false,false
PED-003473,129,5,4,3,2026-06-19,2026-06-19,,2026-06-19 02:18:40,2026-06-19 02:41:40,,11049.57,23,,true,false,false,false,false
PED-003474,156,7,2,3,2026-06-19,2026-06-19,,2026-06-19 15:55:12,2026-06-19 20:15:12,,2518.02,260,,true,false,false,false,false
PED-003475,184,9,4,3,2026-06-19,2026-06-19,,2026-06-19 18:49:31,2026-06-19 19:04:31,,4757.12,15,,true,false,false,false,false
PED-003476,154,6,4,3,2026-06-19,2026-06-20,,2026-06-19 15:16:40,2026-06-20 00:20:40,,1826.89,544,,true,false,false,false,false
PED-003477,2,9,2,3,2026-06-19,2026-06-19,,2026-06-19 01:03:27,2026-06-19 01:38:27,,4108.59,35,,true,false,false,false,false
PED-003478,88,1,2,3,2026-06-19,2026-06-19,,2026-06-19 18:50:19,2026-06-19 19:33:19,,4725.64,43,,true,false,false,false,false
PED-003479,47,2,1,3,2026-06-19,2026-06-19,,2026-06-19 18:55:39,2026-06-19 19:53:39,,3640.58,58,,true,false,false,false,false
PED-003486,30,4,2,3,2026-06-19,2026-06-19,,2026-06-19 05:07:48,2026-06-19 07:36:48,,3071.31,149,,true,false,false,false,false
PED-003487,137,6,2,3,2026-06-19,2026-06-19,,2026-06-19 20:16:51,2026-06-19 21:06:51,,12904.17,50,,true,false,false,false,false
PED-003488,93,9,4,3,2026-06-19,2026-06-20,,2026-06-19 20:25:56,2026-06-20 02:29:56,,5634.48,364,,true,false,false,false,false
PED-003490,183,10,4,3,2026-06-20,2026-06-20,,2026-06-20 04:44:37,2026-06-20 04:57:37,,3792.80,13,,true,false,false,false,false
PED-003492,195,2,2,4,2026-06-20,2026-06-20,,2026-06-20 12:10:12,2026-06-20 18:26:12,,31794.16,376,,true,false,false,false,false
PED-003495,49,9,3,3,2026-06-20,2026-06-20,,2026-06-20 02:11:58,2026-06-20 06:33:58,,7686.73,262,,true,false,false,false,false
PED-003496,116,7,3,3,2026-06-20,2026-06-20,,2026-06-20 21:40:16,2026-06-20 23:06:16,,9827.64,86,,true,false,false,false,false
PED-003497,185,1,2,3,2026-06-20,2026-06-20,,2026-06-20 04:20:14,2026-06-20 05:42:14,,3483.01,82,,true,false,false,false,false
PED-003498,43,3,4,3,2026-06-20,2026-06-21,,2026-06-20 18:47:09,2026-06-21 00:17:09,,14550.62,330,,true,false,false,false,false
PED-003499,72,8,2,3,2026-06-20,2026-06-20,,2026-06-20 06:58:08,2026-06-20 09:18:08,,2778.98,140,,true,false,false,false,false
PED-003500,133,2,2,3,2026-06-20,2026-06-20,,2026-06-20 16:17:37,2026-06-20 17:15:37,,11076.28,58,,true,false,false,false,false
PED-003501,51,3,4,4,2026-06-20,2026-06-20,,2026-06-20 05:33:25,2026-06-20 06:05:25,,2285.58,32,,true,false,false,false,false
PED-003504,121,5,4,3,2026-06-20,2026-06-21,,2026-06-20 21:25:16,2026-06-21 00:55:16,,28215.77,210,,true,false,false,false,false
PED-003505,196,4,2,3,2026-06-20,2026-06-20,,2026-06-20 22:16:48,2026-06-20 22:24:48,,11661.75,8,,true,false,false,false,false
PED-003509,99,3,4,3,2026-06-21,2026-06-21,,2026-06-21 17:17:36,2026-06-21 17:41:36,,2749.06,24,,true,false,false,false,false
PED-003510,112,8,4,4,2026-06-21,2026-06-21,,2026-06-21 04:31:02,2026-06-21 08:05:02,,3796.27,214,,true,false,false,false,false
PED-003515,67,4,4,3,2026-06-21,2026-06-21,,2026-06-21 10:42:36,2026-06-21 11:03:36,,1162.10,21,,true,false,false,false,false
PED-003517,92,3,3,3,2026-06-21,2026-06-21,,2026-06-21 04:14:25,2026-06-21 05:42:25,,1380.38,88,,true,false,false,false,false
PED-003520,73,7,3,3,2026-06-21,2026-06-21,,2026-06-21 14:45:49,2026-06-21 18:02:49,,1899.55,197,,true,false,false,false,false
PED-003521,66,1,4,3,2026-06-21,2026-06-21,,2026-06-21 05:04:17,2026-06-21 06:44:17,,9356.12,100,,true,false,false,false,false
PED-003522,63,7,4,3,2026-06-21,2026-06-21,,2026-06-21 12:41:29,2026-06-21 15:01:29,,5299.04,140,,true,false,false,false,false
PED-003523,161,7,4,3,2026-06-21,2026-06-21,,2026-06-21 05:14:54,2026-06-21 06:13:54,,4473.38,59,,true,false,false,false,false
PED-003524,107,2,4,3,2026-06-21,2026-06-21,,2026-06-21 11:19:27,2026-06-21 13:22:27,,7518.38,123,,true,false,false,false,false
PED-003525,35,7,3,4,2026-06-21,2026-06-21,,2026-06-21 07:46:12,2026-06-21 08:58:12,,1376.63,72,,true,false,false,false,false
PED-003527,11,5,2,3,2026-06-22,2026-06-22,,2026-06-22 05:49:17,2026-06-22 08:51:17,,9617.84,182,,true,false,false,false,false
PED-003528,14,8,4,3,2026-06-22,2026-06-22,,2026-06-22 19:50:40,2026-06-22 21:36:40,,2759.57,106,,true,false,false,false,false
PED-003529,137,1,2,3,2026-06-22,2026-06-22,,2026-06-22 05:59:29,2026-06-22 08:16:29,,3339.91,137,,true,false,false,false,false
PED-003533,102,1,2,3,2026-06-22,2026-06-22,,2026-06-22 07:28:37,2026-06-22 11:28:37,,8614.14,240,,true,false,false,false,false
PED-003534,26,1,2,3,2026-06-22,2026-06-22,,2026-06-22 12:43:44,2026-06-22 18:48:44,,3355.36,365,,true,false,false,false,false
PED-003535,184,8,2,3,2026-06-22,2026-06-22,,2026-06-22 03:04:05,2026-06-22 03:06:05,,5838.06,2,,true,false,false,false,false
PED-003538,90,10,2,3,2026-06-22,2026-06-22,,2026-06-22 12:30:00,2026-06-22 20:23:00,,4608.54,473,,true,false,false,false,false
PED-003539,190,4,2,3,2026-06-22,2026-06-22,,2026-06-22 22:38:13,2026-06-22 22:50:13,,5514.04,12,,true,false,false,false,false
PED-003540,165,5,4,3,2026-06-22,2026-06-22,,2026-06-22 05:57:54,2026-06-22 06:19:54,,5700.82,22,,true,false,false,false,false
PED-003544,109,6,3,3,2026-06-22,2026-06-22,,2026-06-22 08:27:03,2026-06-22 08:34:03,,10138.94,7,,true,false,false,false,false
PED-003545,99,3,4,3,2026-06-22,2026-06-22,,2026-06-22 14:58:54,2026-06-22 16:15:54,,19173.66,77,,true,false,false,false,false
PED-003546,162,4,1,3,2026-06-22,2026-06-22,,2026-06-22 16:32:19,2026-06-22 18:59:19,,3546.96,147,,true,false,false,false,false
PED-003547,91,3,1,3,2026-06-23,2026-06-24,,2026-06-23 22:59:59,2026-06-24 03:56:59,,347.52,297,,true,false,false,false,false
PED-003549,156,10,2,3,2026-06-23,2026-06-23,,2026-06-23 21:46:11,2026-06-23 22:29:11,,4007.79,43,,true,false,false,false,false
PED-003552,145,5,2,3,2026-06-23,2026-06-24,,2026-06-23 18:32:09,2026-06-24 00:31:09,,3849.95,359,,true,false,false,false,false
PED-003553,27,6,1,3,2026-06-23,2026-06-23,,2026-06-23 03:11:42,2026-06-23 04:17:42,,3615.95,66,,true,false,false,false,false
PED-003554,130,4,2,3,2026-06-23,2026-06-23,,2026-06-23 22:37:24,2026-06-23 23:58:24,,3206.63,81,,true,false,false,false,false
PED-003555,17,10,2,4,2026-06-23,2026-06-23,,2026-06-23 08:16:38,2026-06-23 09:20:38,,6265.17,64,,true,false,false,false,false
PED-003556,190,5,2,3,2026-06-23,2026-06-23,,2026-06-23 14:39:16,2026-06-23 15:46:16,,13955.34,67,,true,false,false,false,false
PED-003558,84,1,1,3,2026-06-23,2026-06-23,,2026-06-23 18:43:29,2026-06-23 21:34:29,,1490.30,171,,true,false,false,false,false
PED-003560,26,2,2,3,2026-06-23,2026-06-23,,2026-06-23 13:47:32,2026-06-23 14:28:32,,8227.96,41,,true,false,false,false,false
PED-003562,190,5,1,3,2026-06-23,2026-06-23,,2026-06-23 11:07:11,2026-06-23 11:17:11,,4335.99,10,,true,false,false,false,false
PED-003563,52,4,1,3,2026-06-23,2026-06-23,,2026-06-23 01:11:53,2026-06-23 02:38:53,,17816.22,87,,true,false,false,false,false
PED-003565,68,6,2,3,2026-06-23,2026-06-24,,2026-06-23 16:57:38,2026-06-24 00:10:38,,4162.44,433,,true,false,false,false,false
PED-003566,186,2,4,3,2026-06-24,2026-06-24,,2026-06-24 15:09:31,2026-06-24 16:27:31,,4230.10,78,,true,false,false,false,false
PED-003573,166,9,4,3,2026-06-24,2026-06-24,,2026-06-24 02:49:23,2026-06-24 05:16:23,,3708.61,147,,true,false,false,false,false
PED-003574,35,4,3,3,2026-06-24,2026-06-24,,2026-06-24 05:42:05,2026-06-24 10:56:05,,4372.25,314,,true,false,false,false,false
PED-003575,36,1,2,3,2026-06-24,2026-06-24,,2026-06-24 15:02:37,2026-06-24 22:49:37,,5256.33,467,,true,false,false,false,false
PED-003578,156,5,1,3,2026-06-24,2026-06-25,,2026-06-24 21:11:48,2026-06-25 02:34:48,,13102.50,323,,true,false,false,false,false
PED-003580,175,8,2,3,2026-06-24,2026-06-25,,2026-06-24 23:15:22,2026-06-25 00:34:22,,16725.75,79,,true,false,false,false,false
PED-003581,13,4,4,3,2026-06-24,2026-06-24,,2026-06-24 09:44:14,2026-06-24 12:08:14,,6773.08,144,,true,false,false,false,false
PED-003582,161,2,2,3,2026-06-24,2026-06-24,,2026-06-24 06:05:10,2026-06-24 10:40:10,,2822.03,275,,true,false,false,false,false
PED-003585,15,7,2,3,2026-06-24,2026-06-24,,2026-06-24 06:48:41,2026-06-24 07:50:41,,7874.97,62,,true,false,false,false,false
PED-003586,79,8,1,3,2026-06-24,2026-06-24,,2026-06-24 10:35:18,2026-06-24 12:22:18,,2591.50,107,,true,false,false,false,false
PED-003587,32,3,2,3,2026-06-25,2026-06-25,,2026-06-25 07:07:38,2026-06-25 08:03:38,,11662.62,56,,true,false,false,false,false
PED-003590,51,5,4,4,2026-06-25,2026-06-26,,2026-06-25 23:49:04,2026-06-26 01:32:04,,4861.03,103,,true,false,false,false,false
PED-003594,145,10,1,4,2026-06-25,2026-06-25,,2026-06-25 11:28:38,2026-06-25 17:45:38,,14285.34,377,,true,false,false,false,false
PED-003595,139,4,2,3,2026-06-25,2026-06-25,,2026-06-25 16:13:53,2026-06-25 17:02:53,,2018.01,49,,true,false,false,false,false
PED-003596,117,7,2,3,2026-06-25,2026-06-25,,2026-06-25 01:17:44,2026-06-25 04:13:44,,16719.88,176,,true,false,false,false,false
PED-003600,141,2,4,3,2026-06-25,2026-06-25,,2026-06-25 01:25:41,2026-06-25 04:55:41,,996.61,210,,true,false,false,false,false
PED-003603,88,7,1,3,2026-06-25,2026-06-25,,2026-06-25 16:15:32,2026-06-25 20:53:32,,4378.87,278,,true,false,false,false,false
PED-003607,44,5,1,3,2026-06-25,2026-06-25,,2026-06-25 01:00:07,2026-06-25 02:00:07,,9387.15,60,,true,false,false,false,false
PED-003612,72,5,2,3,2026-06-25,2026-06-25,,2026-06-25 22:51:36,2026-06-25 23:34:36,,1333.43,43,,true,false,false,false,false
PED-003614,144,1,1,3,2026-06-25,2026-06-26,,2026-06-25 18:57:06,2026-06-26 01:51:06,,2121.27,414,,true,false,false,false,false
PED-003615,76,3,2,3,2026-06-25,2026-06-26,,2026-06-25 22:39:04,2026-06-26 03:58:04,,11894.40,319,,true,false,false,false,false
PED-003617,22,6,3,3,2026-06-25,2026-06-25,,2026-06-25 15:39:55,2026-06-25 15:57:55,,3267.02,18,,true,false,false,false,false
PED-003620,21,7,3,4,2026-06-26,2026-06-26,,2026-06-26 02:49:11,2026-06-26 07:08:11,,8575.71,259,,true,false,false,false,false
PED-003624,72,10,4,4,2026-06-26,2026-06-26,,2026-06-26 04:56:53,2026-06-26 04:56:53,,9063.35,0,,true,false,false,false,false
PED-003628,177,10,3,3,2026-06-26,2026-06-26,,2026-06-26 05:35:53,2026-06-26 05:35:53,,5566.77,0,,true,false,false,false,false
PED-003632,59,3,4,3,2026-06-26,2026-06-26,,2026-06-26 07:10:45,2026-06-26 10:14:45,,2607.92,184,,true,false,false,false,false
PED-003633,95,5,2,4,2026-06-26,2026-06-26,,2026-06-26 20:03:24,2026-06-26 20:03:24,,7767.91,0,,true,false,false,false,false
PED-003635,101,1,1,4,2026-06-26,2026-06-26,,2026-06-26 18:46:09,2026-06-26 19:52:09,,10010.41,66,,true,false,false,false,false
PED-003636,40,6,2,3,2026-06-26,2026-06-26,,2026-06-26 15:06:07,2026-06-26 16:28:07,,14595.93,82,,true,false,false,false,false
PED-003641,170,8,1,3,2026-06-26,2026-06-27,,2026-06-26 16:27:35,2026-06-27 03:26:35,,15523.67,659,,true,false,false,false,false
PED-003644,82,4,2,3,2026-06-26,2026-06-26,,2026-06-26 10:52:12,2026-06-26 10:56:12,,11632.35,4,,true,false,false,false,false
PED-003647,35,1,4,3,2026-06-27,2026-06-28,,2026-06-27 23:24:47,2026-06-28 02:52:47,,6270.07,208,,true,false,false,false,false
PED-003653,187,8,4,4,2026-06-27,2026-06-28,,2026-06-27 23:37:10,2026-06-28 01:38:10,,7445.61,121,,true,false,false,false,false
PED-003654,67,2,2,3,2026-06-27,2026-06-27,,2026-06-27 16:36:54,2026-06-27 21:14:54,,6881.51,278,,true,false,false,false,false
PED-003658,141,7,1,3,2026-06-27,2026-06-27,,2026-06-27 02:44:49,2026-06-27 09:48:49,,1407.92,424,,true,false,false,false,false
PED-003659,35,5,4,3,2026-06-27,2026-06-27,,2026-06-27 09:16:46,2026-06-27 09:19:46,,2959.18,3,,true,false,false,false,false
PED-003662,93,6,2,3,2026-06-27,2026-06-28,,2026-06-27 23:54:28,2026-06-28 04:30:28,,1940.03,276,,true,false,false,false,false
PED-003663,172,8,3,3,2026-06-27,2026-06-27,,2026-06-27 19:50:59,2026-06-27 21:15:59,,2153.51,85,,true,false,false,false,false
PED-003669,71,6,2,4,2026-06-27,2026-06-27,,2026-06-27 16:15:42,2026-06-27 17:34:42,,6815.60,79,,true,false,false,false,false
PED-003671,104,5,1,3,2026-06-27,2026-06-27,,2026-06-27 06:22:45,2026-06-27 19:11:45,,6476.31,769,,true,false,false,false,false
PED-003672,1,7,2,3,2026-06-27,2026-06-27,,2026-06-27 06:25:06,2026-06-27 11:30:06,,2266.60,305,,true,false,false,false,false
PED-003673,143,8,4,4,2026-06-27,2026-06-27,,2026-06-27 17:45:09,2026-06-27 18:41:09,,8964.28,56,,true,false,false,false,false
PED-003674,77,2,4,4,2026-06-27,2026-06-27,,2026-06-27 08:32:48,2026-06-27 09:45:48,,11845.29,73,,true,false,false,false,false
PED-003677,119,2,4,3,2026-06-28,2026-06-28,,2026-06-28 07:12:12,2026-06-28 13:57:12,,2044.73,405,,true,false,false,false,false
PED-003678,49,9,2,4,2026-06-28,2026-06-28,,2026-06-28 04:25:03,2026-06-28 08:04:03,,7030.88,219,,true,false,false,false,false
PED-003681,57,7,4,4,2026-06-28,2026-06-28,,2026-06-28 08:35:33,2026-06-28 09:13:33,,2781.01,38,,true,false,false,false,false
PED-003682,95,9,2,3,2026-06-28,2026-06-28,,2026-06-28 19:34:34,2026-06-28 21:52:34,,2163.04,138,,true,false,false,false,false
PED-003687,88,8,3,3,2026-06-28,2026-06-28,,2026-06-28 17:53:12,2026-06-28 18:38:12,,678.24,45,,true,false,false,false,false
PED-003690,13,2,3,3,2026-06-28,2026-06-28,,2026-06-28 09:25:33,2026-06-28 10:47:33,,5392.90,82,,true,false,false,false,false
PED-003691,168,6,3,3,2026-06-28,2026-06-28,,2026-06-28 03:05:08,2026-06-28 07:03:08,,3097.12,238,,true,false,false,false,false
PED-003698,22,2,1,3,2026-06-29,2026-06-29,,2026-06-29 06:32:03,2026-06-29 07:46:03,,4052.53,74,,true,false,false,false,false
PED-003699,79,10,2,3,2026-06-29,2026-06-29,,2026-06-29 10:33:18,2026-06-29 10:59:18,,15152.53,26,,true,false,false,false,false
PED-003704,173,4,2,3,2026-06-29,2026-06-29,,2026-06-29 00:48:28,2026-06-29 02:12:28,,5233.38,84,,true,false,false,false,false
PED-003709,57,7,2,3,2026-06-29,2026-06-29,,2026-06-29 10:15:12,2026-06-29 13:05:12,,8010.94,170,,true,false,false,false,false
PED-003710,199,3,2,3,2026-06-29,2026-06-29,,2026-06-29 09:39:26,2026-06-29 16:09:26,,1061.38,390,,true,false,false,false,false
PED-002051,166,,1,1,2026-04-10,,2026-04-11,2026-04-10 15:06:24,,2026-04-11 01:04:24,42459.95,,598,false,true,false,false,false
PED-002052,178,,1,1,2026-04-10,,2026-04-11,2026-04-10 21:11:58,,2026-04-11 01:45:58,24790.16,,274,false,true,false,false,false
PED-002055,103,,2,1,2026-04-11,,2026-04-12,2026-04-11 21:03:49,,2026-04-12 16:38:49,2249.01,,1175,false,true,false,false,false
PED-002056,42,,1,1,2026-04-11,,2026-04-11,2026-04-11 19:43:07,,2026-04-11 21:23:07,3955.03,,100,false,true,false,false,false
PED-002058,100,,3,1,2026-04-11,,2026-04-12,2026-04-11 23:18:16,,2026-04-12 07:03:16,3775.86,,465,false,true,false,false,false
PED-002061,122,,2,1,2026-04-11,,2026-04-11,2026-04-11 07:45:52,,2026-04-11 08:39:52,12593.50,,54,false,true,false,false,false
PED-002073,105,,3,1,2026-04-12,,2026-04-12,2026-04-12 02:28:08,,2026-04-12 14:09:08,12197.18,,701,false,true,false,false,false
PED-002081,33,,2,1,2026-04-12,,2026-04-13,2026-04-12 11:43:46,,2026-04-13 12:45:46,15900.94,,1502,false,true,false,false,false
PED-002084,144,,2,1,2026-04-12,,2026-04-12,2026-04-12 06:12:26,,2026-04-12 07:13:26,1499.69,,61,false,true,false,false,false
PED-002091,194,,2,1,2026-04-13,,2026-04-14,2026-04-13 16:08:11,,2026-04-14 05:45:11,11732.09,,817,false,true,false,false,false
PED-002094,179,,4,1,2026-04-13,,2026-04-13,2026-04-13 02:19:12,,2026-04-13 05:49:12,4012.91,,210,false,true,false,false,false
PED-002097,153,,2,1,2026-04-13,,2026-04-14,2026-04-13 18:12:17,,2026-04-14 01:10:17,9001.15,,418,false,true,false,false,false
PED-002099,25,,4,1,2026-04-13,,2026-04-13,2026-04-13 09:34:48,,2026-04-13 12:48:48,8679.66,,194,false,true,false,false,false
PED-002100,157,,2,1,2026-04-13,,2026-04-14,2026-04-13 23:40:26,,2026-04-14 02:55:26,1291.05,,195,false,true,false,false,false
PED-002105,70,,2,1,2026-04-13,,2026-04-13,2026-04-13 15:57:35,,2026-04-13 18:17:35,10057.26,,140,false,true,false,false,false
PED-002106,20,,4,1,2026-04-13,,2026-04-13,2026-04-13 13:54:06,,2026-04-13 15:20:06,683.01,,86,false,true,false,false,false
PED-002110,124,,2,1,2026-04-13,,2026-04-14,2026-04-13 18:45:14,,2026-04-14 09:44:14,6896.78,,899,false,true,false,false,false
PED-002111,162,,4,1,2026-04-13,,2026-04-13,2026-04-13 02:10:15,,2026-04-13 16:47:15,927.95,,877,false,true,false,false,false
PED-002112,109,,4,1,2026-04-13,,2026-04-14,2026-04-13 23:44:14,,2026-04-14 03:32:14,5233.19,,228,false,true,false,false,false
PED-002114,19,,2,1,2026-04-14,,2026-04-14,2026-04-14 18:50:38,,2026-04-14 22:02:38,666.94,,192,false,true,false,false,false
PED-002118,119,,2,1,2026-04-14,,2026-04-14,2026-04-14 07:34:20,,2026-04-14 07:45:20,3004.61,,11,false,true,false,false,false
PED-002121,35,,4,1,2026-04-14,,2026-04-14,2026-04-14 15:11:33,,2026-04-14 17:40:33,2289.54,,149,false,true,false,false,false
PED-002128,123,,1,1,2026-04-14,,2026-04-14,2026-04-14 00:00:03,,2026-04-14 04:07:03,19983.76,,247,false,true,false,false,false
PED-002132,72,,2,1,2026-04-15,,2026-04-15,2026-04-15 04:51:17,,2026-04-15 07:10:17,6364.99,,139,false,true,false,false,false
PED-002133,56,,2,1,2026-04-15,,2026-04-15,2026-04-15 02:33:09,,2026-04-15 09:21:09,3953.29,,408,false,true,false,false,false
PED-002135,180,,4,1,2026-04-15,,2026-04-16,2026-04-15 12:14:24,,2026-04-16 07:13:24,5911.01,,1139,false,true,false,false,false
PED-002136,178,,4,1,2026-04-15,,2026-04-15,2026-04-15 10:04:37,,2026-04-15 14:15:37,6446.79,,251,false,true,false,false,false
PED-002144,142,,2,1,2026-04-15,,2026-04-16,2026-04-15 13:30:27,,2026-04-16 02:47:27,1824.47,,797,false,true,false,false,false
PED-002145,5,,3,1,2026-04-15,,2026-04-16,2026-04-15 17:01:03,,2026-04-16 17:03:03,14534.33,,1442,false,true,false,false,false
PED-002147,32,,3,1,2026-04-15,,2026-04-16,2026-04-15 22:27:37,,2026-04-16 01:43:37,13722.76,,196,false,true,false,false,false
PED-002151,76,,2,1,2026-04-15,,2026-04-16,2026-04-15 18:33:58,,2026-04-16 02:37:58,913.16,,484,false,true,false,false,false
PED-002161,87,,2,1,2026-04-16,,2026-04-17,2026-04-16 18:54:12,,2026-04-17 08:36:12,8584.32,,822,false,true,false,false,false
PED-002164,152,,4,1,2026-04-16,,2026-04-17,2026-04-16 11:06:58,,2026-04-17 10:00:58,1596.95,,1374,false,true,false,false,false
PED-002168,132,,2,1,2026-04-16,,2026-04-17,2026-04-16 23:48:57,,2026-04-17 03:08:57,4762.95,,200,false,true,false,false,false
PED-002171,45,,2,1,2026-04-17,,2026-04-17,2026-04-17 10:52:37,,2026-04-17 11:17:37,2626.42,,25,false,true,false,false,false
PED-002173,189,,2,1,2026-04-17,,2026-04-17,2026-04-17 11:49:27,,2026-04-17 17:21:27,1104.95,,332,false,true,false,false,false
PED-002176,114,,1,1,2026-04-17,,2026-04-17,2026-04-17 09:41:07,,2026-04-17 14:43:07,10500.32,,302,false,true,false,false,false
PED-002177,161,,2,1,2026-04-17,,2026-04-17,2026-04-17 01:24:14,,2026-04-17 04:55:14,13427.22,,211,false,true,false,false,false
PED-002178,81,,1,1,2026-04-17,,2026-04-18,2026-04-17 22:27:41,,2026-04-18 07:27:41,2256.42,,540,false,true,false,false,false
PED-002180,151,,4,1,2026-04-17,,2026-04-17,2026-04-17 14:28:09,,2026-04-17 18:01:09,4054.19,,213,false,true,false,false,false
PED-002183,66,,2,1,2026-04-17,,2026-04-17,2026-04-17 06:02:51,,2026-04-17 12:57:51,1778.33,,415,false,true,false,false,false
PED-002192,48,,1,1,2026-04-17,,2026-04-17,2026-04-17 01:21:01,,2026-04-17 05:17:01,5406.05,,236,false,true,false,false,false
PED-002193,1,,4,1,2026-04-17,,2026-04-18,2026-04-17 19:23:42,,2026-04-18 09:41:42,2108.36,,858,false,true,false,false,false
PED-002195,127,,4,1,2026-04-17,,2026-04-17,2026-04-17 08:04:04,,2026-04-17 22:22:04,6439.49,,858,false,true,false,false,false
PED-002198,21,,2,1,2026-04-17,,2026-04-17,2026-04-17 08:35:32,,2026-04-17 14:14:32,1526.33,,339,false,true,false,false,false
PED-002199,120,,3,1,2026-04-17,,2026-04-17,2026-04-17 09:20:28,,2026-04-17 10:15:28,3222.90,,55,false,true,false,false,false
PED-002210,52,,1,1,2026-04-18,,2026-04-19,2026-04-18 10:26:18,,2026-04-19 12:59:18,4922.49,,1593,false,true,false,false,false
PED-002211,182,,4,1,2026-04-18,,2026-04-18,2026-04-18 15:37:11,,2026-04-18 17:09:11,12053.80,,92,false,true,false,false,false
PED-002216,180,,1,1,2026-04-18,,2026-04-19,2026-04-18 19:49:52,,2026-04-19 05:16:52,9267.76,,567,false,true,false,false,false
PED-002218,17,,4,1,2026-04-18,,2026-04-19,2026-04-18 23:44:38,,2026-04-19 11:24:38,636.95,,700,false,true,false,false,false
PED-002223,138,,4,1,2026-04-18,,2026-04-21,2026-04-18 14:24:31,,2026-04-21 05:39:31,1820.24,,3795,false,true,false,false,false
PED-002226,27,,2,1,2026-04-18,,2026-04-18,2026-04-18 11:41:29,,2026-04-18 17:20:29,7038.52,,339,false,true,false,false,false
PED-002234,161,,3,1,2026-04-19,,2026-04-20,2026-04-19 12:39:04,,2026-04-20 02:13:04,5064.88,,814,false,true,false,false,false
PED-002237,159,,3,1,2026-04-19,,2026-04-19,2026-04-19 18:58:02,,2026-04-19 20:08:02,11921.17,,70,false,true,false,false,false
PED-002246,145,,3,1,2026-04-20,,2026-04-21,2026-04-20 22:15:25,,2026-04-21 02:53:25,2391.06,,278,false,true,false,false,false
PED-002247,170,,2,1,2026-04-20,,2026-04-21,2026-04-20 17:49:18,,2026-04-21 00:18:18,3224.04,,389,false,true,false,false,false
PED-002252,64,,3,1,2026-04-20,,2026-04-20,2026-04-20 03:26:57,,2026-04-20 11:05:57,6234.82,,459,false,true,false,false,false
PED-002256,4,,4,1,2026-04-20,,2026-04-20,2026-04-20 03:42:14,,2026-04-20 05:25:14,4386.51,,103,false,true,false,false,false
PED-002258,145,,2,1,2026-04-21,,2026-04-22,2026-04-21 11:19:47,,2026-04-22 07:40:47,4429.56,,1221,false,true,false,false,false
PED-002259,188,,1,1,2026-04-21,,2026-04-21,2026-04-21 13:41:35,,2026-04-21 19:36:35,4612.93,,355,false,true,false,false,false
PED-002260,117,,1,1,2026-04-21,,2026-04-21,2026-04-21 20:46:29,,2026-04-21 21:11:29,13410.98,,25,false,true,false,false,false
PED-002266,23,,3,1,2026-04-21,,2026-04-21,2026-04-21 10:15:44,,2026-04-21 13:46:44,400.07,,211,false,true,false,false,false
PED-002268,158,,4,1,2026-04-21,,2026-04-22,2026-04-21 13:33:48,,2026-04-22 02:41:48,4335.64,,788,false,true,false,false,false
PED-002270,55,,2,1,2026-04-21,,2026-04-22,2026-04-21 03:26:58,,2026-04-22 01:54:58,4657.15,,1348,false,true,false,false,false
PED-002273,142,,4,1,2026-04-21,,2026-04-21,2026-04-21 22:22:36,,2026-04-21 23:51:36,2059.95,,89,false,true,false,false,false
PED-002275,164,,2,1,2026-04-21,,2026-04-22,2026-04-21 17:37:53,,2026-04-22 06:01:53,6376.82,,744,false,true,false,false,false
PED-002276,100,,4,1,2026-04-21,,2026-04-21,2026-04-21 01:19:23,,2026-04-21 14:38:23,4350.37,,799,false,true,false,false,false
PED-002279,2,,4,1,2026-04-21,,2026-04-21,2026-04-21 06:17:52,,2026-04-21 16:02:52,5548.63,,585,false,true,false,false,false
PED-002282,170,,2,1,2026-04-21,,2026-04-22,2026-04-21 19:20:26,,2026-04-22 07:07:26,17727.37,,707,false,true,false,false,false
PED-002283,114,,3,1,2026-04-21,,2026-04-22,2026-04-21 18:28:00,,2026-04-22 03:09:00,7925.92,,521,false,true,false,false,false
PED-002300,142,,4,1,2026-04-22,,2026-04-22,2026-04-22 13:21:42,,2026-04-22 18:53:42,2413.89,,332,false,true,false,false,false
PED-002302,196,,4,1,2026-04-22,,2026-04-23,2026-04-22 12:58:33,,2026-04-23 01:58:33,12112.42,,780,false,true,false,false,false
PED-002306,30,,2,1,2026-04-23,,2026-04-24,2026-04-23 00:23:21,,2026-04-24 07:36:21,8218.04,,1873,false,true,false,false,false
PED-002307,117,,2,1,2026-04-23,,2026-04-23,2026-04-23 03:41:26,,2026-04-23 10:27:26,10263.73,,406,false,true,false,false,false
PED-002313,174,,2,1,2026-04-23,,2026-04-23,2026-04-23 17:41:20,,2026-04-23 22:57:20,5579.94,,316,false,true,false,false,false
PED-002315,132,,3,1,2026-04-23,,2026-04-24,2026-04-23 06:17:01,,2026-04-24 05:04:01,17555.65,,1367,false,true,false,false,false
PED-002316,113,,3,1,2026-04-23,,2026-04-23,2026-04-23 12:33:09,,2026-04-23 16:55:09,24434.80,,262,false,true,false,false,false
PED-002318,36,,4,1,2026-04-23,,2026-04-24,2026-04-23 19:19:11,,2026-04-24 10:15:11,3937.55,,896,false,true,false,false,false
PED-002319,10,,4,1,2026-04-23,,2026-04-23,2026-04-23 11:15:15,,2026-04-23 15:19:15,3665.59,,244,false,true,false,false,false
PED-002321,74,,4,1,2026-04-23,,2026-04-23,2026-04-23 19:08:57,,2026-04-23 22:43:57,8121.60,,215,false,true,false,false,false
PED-002342,109,,2,1,2026-04-24,,2026-04-24,2026-04-24 10:19:04,,2026-04-24 12:37:04,12122.28,,138,false,true,false,false,false
PED-002345,192,,3,1,2026-04-24,,2026-04-24,2026-04-24 08:30:10,,2026-04-24 10:39:10,2809.19,,129,false,true,false,false,false
PED-002350,159,,3,1,2026-04-25,,2026-04-25,2026-04-25 03:50:36,,2026-04-25 05:04:36,1408.96,,74,false,true,false,false,false
PED-002352,82,,1,1,2026-04-25,,2026-04-25,2026-04-25 11:04:43,,2026-04-25 15:42:43,16236.33,,278,false,true,false,false,false
PED-002355,128,,2,1,2026-04-25,,2026-04-25,2026-04-25 15:50:38,,2026-04-25 21:49:38,11600.83,,359,false,true,false,false,false
PED-002356,148,,2,1,2026-04-25,,2026-04-25,2026-04-25 09:47:40,,2026-04-25 11:29:40,2724.06,,102,false,true,false,false,false
PED-002363,169,,4,1,2026-04-25,,2026-04-26,2026-04-25 21:28:02,,2026-04-26 20:35:02,2633.07,,1387,false,true,false,false,false
PED-002366,174,,2,1,2026-04-25,,2026-04-26,2026-04-25 12:51:44,,2026-04-26 03:02:44,6309.45,,851,false,true,false,false,false
PED-002373,177,,1,1,2026-04-25,,2026-04-25,2026-04-25 02:19:47,,2026-04-25 20:33:47,6321.66,,1094,false,true,false,false,false
PED-002375,191,,4,1,2026-04-25,,2026-04-25,2026-04-25 11:57:59,,2026-04-25 14:57:59,9946.72,,180,false,true,false,false,false
PED-002384,84,,3,1,2026-04-25,,2026-04-26,2026-04-25 11:28:58,,2026-04-26 08:05:58,3266.54,,1237,false,true,false,false,false
PED-002389,104,,2,1,2026-04-26,,2026-04-26,2026-04-26 14:11:51,,2026-04-26 20:57:51,13011.71,,406,false,true,false,false,false
PED-002390,102,,2,1,2026-04-26,,2026-04-27,2026-04-26 11:19:43,,2026-04-27 00:32:43,3031.82,,793,false,true,false,false,false
PED-002392,131,,4,1,2026-04-26,,2026-04-27,2026-04-26 20:14:42,,2026-04-27 06:15:42,4010.78,,601,false,true,false,false,false
PED-002393,12,,3,1,2026-04-26,,2026-04-26,2026-04-26 04:50:41,,2026-04-26 10:23:41,17423.05,,333,false,true,false,false,false
PED-002394,184,,4,1,2026-04-26,,2026-04-26,2026-04-26 10:34:31,,2026-04-26 14:14:31,21178.65,,220,false,true,false,false,false
PED-002395,73,,2,2,2026-04-26,,,2026-04-26 17:11:11,,,4980.70,,,false,false,true,false,false
PED-002396,151,,4,2,2026-04-26,,,2026-04-26 15:38:41,,,7043.59,,,false,false,true,false,false
PED-002402,7,,4,2,2026-04-26,,,2026-04-26 16:44:51,,,4898.34,,,false,false,true,false,false
PED-002406,83,,2,1,2026-04-26,,2026-04-26,2026-04-26 11:27:38,,2026-04-26 13:24:38,5023.09,,117,false,true,false,false,false
PED-002408,7,,4,1,2026-04-27,,2026-04-28,2026-04-27 22:28:52,,2026-04-28 05:52:52,584.65,,444,false,true,false,false,false
PED-002409,155,,3,1,2026-04-27,,2026-04-29,2026-04-27 12:43:30,,2026-04-29 01:05:30,2888.24,,2182,false,true,false,false,false
PED-002410,37,,1,2,2026-04-27,,,2026-04-27 03:45:00,,,14352.98,,,false,false,true,false,false
PED-002412,163,,2,1,2026-04-27,,2026-04-27,2026-04-27 13:59:17,,2026-04-27 22:41:17,669.66,,522,false,true,false,false,false
PED-002434,176,,1,1,2026-04-28,,2026-04-29,2026-04-28 22:56:55,,2026-04-29 10:14:55,2636.88,,678,false,true,false,false,false
PED-002435,188,,4,1,2026-04-28,,2026-04-28,2026-04-28 19:08:50,,2026-04-28 22:33:50,6145.68,,205,false,true,false,false,false
PED-002438,162,,2,1,2026-04-28,,2026-04-29,2026-04-28 04:20:07,,2026-04-29 07:08:07,24114.43,,1608,false,true,false,false,false
PED-002442,180,,3,1,2026-04-28,,2026-04-28,2026-04-28 08:29:14,,2026-04-28 08:48:14,3803.46,,19,false,true,false,false,false
PED-002453,114,,2,1,2026-04-29,,2026-04-30,2026-04-29 16:25:36,,2026-04-30 05:04:36,8484.47,,759,false,true,false,false,false
PED-002467,67,,3,1,2026-04-29,,2026-04-29,2026-04-29 05:46:11,,2026-04-29 23:58:11,4036.89,,1092,false,true,false,false,false
PED-002470,70,,3,1,2026-04-29,,2026-04-30,2026-04-29 16:50:24,,2026-04-30 07:48:24,7146.76,,898,false,true,false,false,false
PED-002478,186,,1,2,2026-04-29,,,2026-04-29 20:20:41,,,5402.05,,,false,false,true,false,false
PED-002479,38,,4,1,2026-04-29,,2026-04-29,2026-04-29 20:13:05,,2026-04-29 22:15:05,10822.28,,122,false,true,false,false,false
PED-002481,175,,2,1,2026-04-30,,2026-04-30,2026-04-30 01:45:33,,2026-04-30 09:26:33,8129.40,,461,false,true,false,false,false
PED-002482,74,,2,1,2026-04-30,,2026-04-30,2026-04-30 08:41:34,,2026-04-30 13:56:34,1308.44,,315,false,true,false,false,false
PED-002486,161,,2,1,2026-04-30,,2026-04-30,2026-04-30 17:44:04,,2026-04-30 20:21:04,2777.37,,157,false,true,false,false,false
PED-002487,82,,2,1,2026-04-30,,2026-05-01,2026-04-30 13:44:29,,2026-05-01 08:48:29,13335.89,,1144,false,true,false,false,false
PED-002488,137,,2,1,2026-04-30,,2026-04-30,2026-04-30 03:02:34,,2026-04-30 20:44:34,2412.54,,1062,false,true,false,false,false
PED-002500,29,,4,1,2026-04-30,,2026-05-01,2026-04-30 12:40:06,,2026-05-01 20:18:06,1130.05,,1898,false,true,false,false,false
PED-002506,86,,2,2,2026-05-01,,,2026-05-01 13:21:50,,,4444.74,,,false,false,true,false,false
PED-002512,150,,2,1,2026-05-01,,2026-05-02,2026-05-01 21:33:55,,2026-05-02 16:15:55,16005.46,,1122,false,true,false,false,false
PED-002515,179,,1,1,2026-05-01,,2026-05-01,2026-05-01 01:14:12,,2026-05-01 03:50:12,6895.35,,156,false,true,false,false,false
PED-002518,179,,4,1,2026-05-01,,2026-05-01,2026-05-01 19:53:57,,2026-05-01 20:14:57,6028.78,,21,false,true,false,false,false
PED-002522,114,,3,1,2026-05-02,,2026-05-02,2026-05-02 07:57:58,,2026-05-02 20:37:58,3368.92,,760,false,true,false,false,false
PED-002525,88,,2,1,2026-05-02,,2026-05-03,2026-05-02 16:08:11,,2026-05-03 03:59:11,40836.83,,711,false,true,false,false,false
PED-002527,152,,2,1,2026-05-02,,2026-05-02,2026-05-02 07:04:23,,2026-05-02 09:12:23,10933.88,,128,false,true,false,false,false
PED-002533,76,,1,1,2026-05-02,,2026-05-03,2026-05-02 19:19:38,,2026-05-03 19:07:38,966.10,,1428,false,true,false,false,false
PED-002534,157,,1,1,2026-05-02,,2026-05-03,2026-05-02 21:03:27,,2026-05-03 00:40:27,16047.67,,217,false,true,false,false,false
PED-002537,22,,2,1,2026-05-02,,2026-05-02,2026-05-02 10:21:57,,2026-05-02 17:01:57,12789.79,,400,false,true,false,false,false
PED-002538,169,,2,1,2026-05-02,,2026-05-02,2026-05-02 08:42:34,,2026-05-02 23:29:34,4425.76,,887,false,true,false,false,false
PED-002543,59,,2,1,2026-05-03,,2026-05-03,2026-05-03 03:25:57,,2026-05-03 09:47:57,8456.58,,382,false,true,false,false,false
PED-002544,22,,3,1,2026-05-03,,2026-05-03,2026-05-03 08:21:31,,2026-05-03 20:34:31,910.53,,733,false,true,false,false,false
PED-002550,156,,3,1,2026-05-03,,2026-05-04,2026-05-03 07:53:58,,2026-05-04 08:39:58,4269.70,,1486,false,true,false,false,false
PED-002551,7,,1,1,2026-05-03,,2026-05-04,2026-05-03 18:55:56,,2026-05-04 04:37:56,45613.55,,582,false,true,false,false,false
PED-002560,72,,1,1,2026-05-04,,2026-05-04,2026-05-04 09:10:52,,2026-05-04 15:14:52,11809.16,,364,false,true,false,false,false
PED-002574,164,,1,1,2026-05-04,,2026-05-05,2026-05-04 20:57:19,,2026-05-05 03:21:19,3848.90,,384,false,true,false,false,false
PED-002575,16,,4,1,2026-05-04,,2026-05-05,2026-05-04 17:48:14,,2026-05-05 05:52:14,1408.11,,724,false,true,false,false,false
PED-002577,106,,4,1,2026-05-05,,2026-05-05,2026-05-05 04:04:03,,2026-05-05 08:45:03,32979.86,,281,false,true,false,false,false
PED-002578,64,,2,2,2026-05-05,,,2026-05-05 03:28:25,,,2922.24,,,false,false,true,false,false
PED-002580,197,,2,1,2026-05-05,,2026-05-06,2026-05-05 09:26:44,,2026-05-06 00:06:44,11901.87,,880,false,true,false,false,false
PED-002582,113,,2,1,2026-05-05,,2026-05-05,2026-05-05 11:34:30,,2026-05-05 15:30:30,6891.97,,236,false,true,false,false,false
PED-002592,153,,2,1,2026-05-06,,2026-05-06,2026-05-06 18:53:19,,2026-05-06 21:37:19,1929.20,,164,false,true,false,false,false
PED-002599,54,,2,1,2026-05-06,,2026-05-07,2026-05-06 23:23:11,,2026-05-07 01:54:11,13069.50,,151,false,true,false,false,false
PED-002602,148,,1,2,2026-05-06,,,2026-05-06 09:24:26,,,28236.14,,,false,false,true,false,false
PED-002605,196,,3,1,2026-05-07,,2026-05-07,2026-05-07 08:15:29,,2026-05-07 14:40:29,14915.32,,385,false,true,false,false,false
PED-002606,46,,2,1,2026-05-07,,2026-05-07,2026-05-07 00:58:13,,2026-05-07 06:58:13,26587.27,,360,false,true,false,false,false
PED-002607,29,,2,1,2026-05-07,,2026-05-07,2026-05-07 19:27:44,,2026-05-07 22:38:44,26144.50,,191,false,true,false,false,false
PED-002608,184,,4,1,2026-05-07,,2026-05-08,2026-05-07 11:16:34,,2026-05-08 08:37:34,2077.33,,1281,false,true,false,false,false
PED-002612,22,,4,1,2026-05-07,,2026-05-07,2026-05-07 05:21:14,,2026-05-07 15:58:14,2100.22,,637,false,true,false,false,false
PED-002618,183,,2,1,2026-05-07,,2026-05-07,2026-05-07 00:17:50,,2026-05-07 00:45:50,17114.46,,28,false,true,false,false,false
PED-002619,113,,4,1,2026-05-07,,2026-05-08,2026-05-07 22:08:17,,2026-05-08 20:42:17,1336.67,,1354,false,true,false,false,false
PED-002621,140,,3,1,2026-05-07,,2026-05-08,2026-05-07 06:02:36,,2026-05-08 06:59:36,1333.47,,1497,false,true,false,false,false
PED-002623,186,,2,2,2026-05-08,,,2026-05-08 09:54:42,,,12851.24,,,false,false,true,false,false
PED-002634,189,,2,1,2026-05-08,,2026-05-08,2026-05-08 20:38:16,,2026-05-08 22:02:16,7369.77,,84,false,true,false,false,false
PED-002635,38,,4,1,2026-05-08,,2026-05-08,2026-05-08 01:46:16,,2026-05-08 02:47:16,2132.66,,61,false,true,false,false,false
PED-002636,106,,2,1,2026-05-08,,2026-05-08,2026-05-08 02:30:31,,2026-05-08 18:28:31,8604.97,,958,false,true,false,false,false
PED-002637,75,,2,1,2026-05-08,,2026-05-08,2026-05-08 01:03:02,,2026-05-08 02:02:02,23732.34,,59,false,true,false,false,false
PED-002641,75,,2,1,2026-05-09,,2026-05-11,2026-05-09 19:25:07,,2026-05-11 16:04:07,8674.89,,2679,false,true,false,false,false
PED-002642,6,,1,1,2026-05-09,,2026-05-09,2026-05-09 22:06:51,,2026-05-09 23:37:51,8684.99,,91,false,true,false,false,false
PED-002643,111,,4,2,2026-05-09,,,2026-05-09 13:58:16,,,11981.74,,,false,false,true,false,false
PED-002645,114,,2,1,2026-05-09,,2026-05-10,2026-05-09 14:09:13,,2026-05-10 02:32:13,5923.68,,743,false,true,false,false,false
PED-002647,175,,1,1,2026-05-09,,2026-05-09,2026-05-09 07:44:17,,2026-05-09 18:03:17,7150.87,,619,false,true,false,false,false
PED-002652,122,,2,1,2026-05-09,,2026-05-09,2026-05-09 05:05:10,,2026-05-09 08:45:10,6144.02,,220,false,true,false,false,false
PED-002653,17,,2,1,2026-05-09,,2026-05-10,2026-05-09 16:53:44,,2026-05-10 04:07:44,7637.23,,674,false,true,false,false,false
PED-002656,112,,2,1,2026-05-09,,2026-05-09,2026-05-09 19:18:10,,2026-05-09 23:43:10,7316.17,,265,false,true,false,false,false
PED-002662,183,,2,1,2026-05-09,,2026-05-10,2026-05-09 20:35:47,,2026-05-10 11:37:47,11486.26,,902,false,true,false,false,false
PED-002663,142,,2,1,2026-05-09,,2026-05-09,2026-05-09 00:14:59,,2026-05-09 04:17:59,11841.74,,243,false,true,false,false,false
PED-002666,76,,2,1,2026-05-10,,2026-05-10,2026-05-10 06:48:51,,2026-05-10 07:17:51,17682.48,,29,false,true,false,false,false
PED-002670,117,,4,1,2026-05-10,,2026-05-11,2026-05-10 21:41:57,,2026-05-11 01:36:57,51297.01,,235,false,true,false,false,false
PED-002671,9,,2,1,2026-05-10,,2026-05-10,2026-05-10 04:44:30,,2026-05-10 05:42:30,2607.49,,58,false,true,false,false,false
PED-002673,100,,2,1,2026-05-10,,2026-05-11,2026-05-10 20:51:28,,2026-05-11 21:58:28,9595.25,,1507,false,true,false,false,false
PED-002676,113,,2,1,2026-05-10,,2026-05-10,2026-05-10 15:21:18,,2026-05-10 15:22:18,2395.12,,1,false,true,false,false,false
PED-002677,170,,1,1,2026-05-10,,2026-05-10,2026-05-10 11:44:21,,2026-05-10 23:27:21,30297.24,,703,false,true,false,false,false
PED-002686,20,,1,2,2026-05-11,,,2026-05-11 13:53:44,,,4904.24,,,false,false,true,false,false
PED-002702,95,,2,1,2026-05-11,,2026-05-12,2026-05-11 22:25:03,,2026-05-12 01:51:03,11332.73,,206,false,true,false,false,false
PED-002711,112,,1,1,2026-05-12,,2026-05-12,2026-05-12 19:41:52,,2026-05-12 20:29:52,2150.59,,48,false,true,false,false,false
PED-002713,103,,2,1,2026-05-12,,2026-05-12,2026-05-12 10:39:56,,2026-05-12 10:45:56,2442.64,,6,false,true,false,false,false
PED-002725,92,,2,1,2026-05-13,,2026-05-13,2026-05-13 00:09:02,,2026-05-13 03:09:02,2075.24,,180,false,true,false,false,false
PED-002728,81,,4,1,2026-05-13,,2026-05-13,2026-05-13 07:37:06,,2026-05-13 08:18:06,1167.48,,41,false,true,false,false,false
PED-002729,82,,1,1,2026-05-13,,2026-05-13,2026-05-13 11:50:09,,2026-05-13 15:35:09,15661.61,,225,false,true,false,false,false
PED-002730,7,,4,1,2026-05-13,,2026-05-13,2026-05-13 00:57:52,,2026-05-13 05:25:52,5093.50,,268,false,true,false,false,false
PED-002732,85,,4,1,2026-05-13,,2026-05-13,2026-05-13 16:58:49,,2026-05-13 17:14:49,19101.55,,16,false,true,false,false,false
PED-002737,35,,3,1,2026-05-13,,2026-05-13,2026-05-13 09:05:55,,2026-05-13 19:34:55,3146.53,,629,false,true,false,false,false
PED-002744,128,,2,1,2026-05-13,,2026-05-13,2026-05-13 00:28:25,,2026-05-13 05:24:25,1372.17,,296,false,true,false,false,false
PED-002750,193,,2,1,2026-05-14,,2026-05-16,2026-05-14 19:20:07,,2026-05-16 00:18:07,1210.77,,1738,false,true,false,false,false
PED-002754,119,,2,1,2026-05-14,,2026-05-14,2026-05-14 02:12:58,,2026-05-14 21:05:58,21650.14,,1133,false,true,false,false,false
PED-002756,83,,2,2,2026-05-14,,,2026-05-14 04:38:12,,,1678.07,,,false,false,true,false,false
PED-002758,3,,2,1,2026-05-14,,2026-05-14,2026-05-14 03:47:05,,2026-05-14 15:00:05,3063.51,,673,false,true,false,false,false
PED-002764,197,,4,1,2026-05-14,,2026-05-15,2026-05-14 15:43:59,,2026-05-15 06:39:59,3786.96,,896,false,true,false,false,false
PED-002774,108,,4,1,2026-05-15,,2026-05-15,2026-05-15 22:27:58,,2026-05-15 23:43:58,3683.67,,76,false,true,false,false,false
PED-002776,165,,1,1,2026-05-15,,2026-05-16,2026-05-15 20:05:28,,2026-05-16 17:11:28,4461.27,,1266,false,true,false,false,false
PED-002777,146,,2,1,2026-05-16,,2026-05-16,2026-05-16 14:57:12,,2026-05-16 16:06:12,4173.63,,69,false,true,false,false,false
PED-002779,98,,2,1,2026-05-16,,2026-05-17,2026-05-16 20:44:03,,2026-05-17 09:13:03,8131.01,,749,false,true,false,false,false
PED-002787,2,,2,2,2026-05-16,,,2026-05-16 05:35:22,,,11335.77,,,false,false,true,false,false
PED-002789,17,,1,1,2026-05-16,,2026-05-16,2026-05-16 07:33:34,,2026-05-16 19:34:34,7270.89,,721,false,true,false,false,false
PED-002792,158,,1,1,2026-05-16,,2026-05-17,2026-05-16 17:46:20,,2026-05-17 09:18:20,10126.03,,932,false,true,false,false,false
PED-002793,4,,3,1,2026-05-16,,2026-05-17,2026-05-16 18:50:30,,2026-05-17 01:20:30,1836.16,,390,false,true,false,false,false
PED-002794,148,,1,1,2026-05-16,,2026-05-16,2026-05-16 04:33:33,,2026-05-16 11:53:33,11645.95,,440,false,true,false,false,false
PED-002795,7,,2,1,2026-05-16,,2026-05-17,2026-05-16 10:29:52,,2026-05-17 05:19:52,1081.89,,1130,false,true,false,false,false
PED-002796,81,,2,1,2026-05-16,,2026-05-16,2026-05-16 05:24:57,,2026-05-16 07:51:57,4592.29,,147,false,true,false,false,false
PED-002802,29,,3,1,2026-05-16,,2026-05-16,2026-05-16 17:22:47,,2026-05-16 18:14:47,887.95,,52,false,true,false,false,false
PED-002805,94,,4,1,2026-05-17,,2026-05-17,2026-05-17 05:12:07,,2026-05-17 09:38:07,2699.67,,266,false,true,false,false,false
PED-002809,33,,4,2,2026-05-17,,,2026-05-17 08:36:01,,,2312.83,,,false,false,true,false,false
PED-002814,26,,2,1,2026-05-17,,2026-05-18,2026-05-17 15:25:11,,2026-05-18 07:01:11,4951.16,,936,false,true,false,false,false
PED-002820,149,,2,1,2026-05-17,,2026-05-17,2026-05-17 00:46:11,,2026-05-17 08:46:11,6968.02,,480,false,true,false,false,false
PED-002825,109,,4,1,2026-05-18,,2026-05-18,2026-05-18 08:05:00,,2026-05-18 18:29:00,2376.86,,624,false,true,false,false,false
PED-002832,77,,4,1,2026-05-18,,2026-05-19,2026-05-18 08:41:16,,2026-05-19 16:44:16,13346.88,,1923,false,true,false,false,false
PED-002843,112,,2,1,2026-05-19,,2026-05-19,2026-05-19 06:27:35,,2026-05-19 08:18:35,9148.02,,111,false,true,false,false,false
PED-002849,48,,1,1,2026-05-19,,2026-05-19,2026-05-19 00:37:38,,2026-05-19 17:43:38,19195.94,,1026,false,true,false,false,false
PED-002850,164,,4,1,2026-05-19,,2026-05-19,2026-05-19 01:26:07,,2026-05-19 04:45:07,4942.82,,199,false,true,false,false,false
PED-002852,126,,2,1,2026-05-19,,2026-05-19,2026-05-19 14:26:26,,2026-05-19 20:59:26,2152.61,,393,false,true,false,false,false
PED-002855,103,,4,1,2026-05-19,,2026-05-19,2026-05-19 15:31:42,,2026-05-19 16:18:42,23798.03,,47,false,true,false,false,false
PED-002860,158,,1,1,2026-05-19,,2026-05-20,2026-05-19 21:48:30,,2026-05-20 10:30:30,2066.95,,762,false,true,false,false,false
PED-002863,87,,2,1,2026-05-20,,2026-05-20,2026-05-20 11:16:26,,2026-05-20 16:40:26,2665.40,,324,false,true,false,false,false
PED-002864,148,,1,1,2026-05-20,,2026-05-20,2026-05-20 10:18:53,,2026-05-20 22:08:53,6510.01,,710,false,true,false,false,false
PED-002865,160,,1,2,2026-05-20,,,2026-05-20 16:33:45,,,10475.14,,,false,false,true,false,false
PED-002867,29,,2,1,2026-05-20,,2026-05-20,2026-05-20 08:22:31,,2026-05-20 19:59:31,7713.58,,697,false,true,false,false,false
PED-002868,47,,3,1,2026-05-20,,2026-05-20,2026-05-20 04:04:17,,2026-05-20 04:26:17,1224.93,,22,false,true,false,false,false
PED-002881,90,,3,1,2026-05-20,,2026-05-21,2026-05-20 18:53:21,,2026-05-21 11:49:21,3079.73,,1016,false,true,false,false,false
PED-002888,99,,3,2,2026-05-21,,,2026-05-21 01:44:41,,,5091.50,,,false,false,true,false,false
PED-002889,200,,2,1,2026-05-21,,2026-05-21,2026-05-21 17:22:10,,2026-05-21 23:00:10,2036.67,,338,false,true,false,false,false
PED-002891,3,,1,1,2026-05-21,,2026-05-21,2026-05-21 06:01:01,,2026-05-21 18:06:01,2288.37,,725,false,true,false,false,false
PED-002892,181,,2,1,2026-05-21,,2026-05-21,2026-05-21 06:49:29,,2026-05-21 13:29:29,6697.67,,400,false,true,false,false,false
PED-002897,89,,3,2,2026-05-21,,,2026-05-21 09:14:10,,,6752.05,,,false,false,true,false,false
PED-002904,23,,3,1,2026-05-22,,2026-05-22,2026-05-22 08:25:03,,2026-05-22 19:16:03,3786.67,,651,false,true,false,false,false
PED-002908,87,,3,1,2026-05-22,,2026-05-23,2026-05-22 23:24:26,,2026-05-23 05:26:26,1527.41,,362,false,true,false,false,false
PED-002910,117,,4,1,2026-05-22,,2026-05-22,2026-05-22 01:58:53,,2026-05-22 05:15:53,4715.54,,197,false,true,false,false,false
PED-002917,122,,2,1,2026-05-22,,2026-05-22,2026-05-22 04:59:41,,2026-05-22 06:09:41,4122.20,,70,false,true,false,false,false
PED-002925,167,,4,1,2026-05-23,,2026-05-23,2026-05-23 13:42:46,,2026-05-23 22:40:46,4591.42,,538,false,true,false,false,false
PED-002931,103,,4,1,2026-05-23,,2026-05-24,2026-05-23 20:40:20,,2026-05-24 11:30:20,2650.63,,890,false,true,false,false,false
PED-002940,107,,2,1,2026-05-24,,2026-05-25,2026-05-24 09:35:28,,2026-05-25 12:02:28,7175.15,,1587,false,true,false,false,false
PED-002941,11,,4,1,2026-05-24,,2026-05-24,2026-05-24 15:27:51,,2026-05-24 16:18:51,2613.88,,51,false,true,false,false,false
PED-002945,99,,1,1,2026-05-25,,2026-05-25,2026-05-25 17:03:02,,2026-05-25 19:57:02,2446.19,,174,false,true,false,false,false
PED-002948,176,,4,1,2026-05-25,,2026-05-26,2026-05-25 08:23:53,,2026-05-26 13:12:53,9086.40,,1729,false,true,false,false,false
PED-002955,153,,4,2,2026-05-25,,,2026-05-25 01:10:43,,,5614.25,,,false,false,true,false,false
PED-002965,144,,3,1,2026-05-26,,2026-05-26,2026-05-26 12:04:22,,2026-05-26 17:10:22,9362.33,,306,false,true,false,false,false
PED-002969,1,,2,1,2026-05-26,,2026-05-26,2026-05-26 03:45:45,,2026-05-26 16:46:45,36181.25,,781,false,true,false,false,false
PED-002972,157,,2,1,2026-05-26,,2026-05-26,2026-05-26 11:20:51,,2026-05-26 18:59:51,9784.22,,459,false,true,false,false,false
PED-002973,8,,1,2,2026-05-26,,,2026-05-26 15:50:17,,,7665.42,,,false,false,true,false,false
PED-002980,171,,2,1,2026-05-26,,2026-05-27,2026-05-26 01:54:20,,2026-05-27 21:23:20,6564.57,,2609,false,true,false,false,false
PED-002981,108,,4,1,2026-05-26,,2026-05-26,2026-05-26 19:58:13,,2026-05-26 22:05:13,13349.94,,127,false,true,false,false,false
PED-002991,88,,2,1,2026-05-27,,2026-05-28,2026-05-27 16:09:16,,2026-05-28 00:56:16,10415.05,,527,false,true,false,false,false
PED-002992,101,,2,1,2026-05-27,,2026-05-27,2026-05-27 06:21:11,,2026-05-27 09:56:11,16576.04,,215,false,true,false,false,false
PED-002993,199,,3,1,2026-05-27,,2026-05-27,2026-05-27 13:56:41,,2026-05-27 15:31:41,2121.12,,95,false,true,false,false,false
PED-002995,193,,4,1,2026-05-27,,2026-05-27,2026-05-27 19:51:24,,2026-05-27 20:22:24,3766.82,,31,false,true,false,false,false
PED-003004,47,,2,1,2026-05-27,,2026-05-27,2026-05-27 10:38:08,,2026-05-27 11:35:08,4660.86,,57,false,true,false,false,false
PED-003020,92,,2,1,2026-05-27,,2026-05-28,2026-05-27 21:33:18,,2026-05-28 01:38:18,9535.08,,245,false,true,false,false,false
PED-003026,79,,4,1,2026-05-28,,2026-05-29,2026-05-28 19:30:53,,2026-05-29 13:37:53,10208.38,,1087,false,true,false,false,false
PED-003037,59,,2,1,2026-05-28,,2026-05-29,2026-05-28 10:17:26,,2026-05-29 03:11:26,2651.22,,1014,false,true,false,false,false
PED-003039,96,,2,1,2026-05-28,,2026-05-28,2026-05-28 14:00:53,,2026-05-28 15:01:53,8566.02,,61,false,true,false,false,false
PED-003045,75,,3,1,2026-05-29,,2026-05-29,2026-05-29 05:42:52,,2026-05-29 08:08:52,5635.15,,146,false,true,false,false,false
PED-003046,61,,1,1,2026-05-29,,2026-05-30,2026-05-29 18:47:37,,2026-05-30 03:55:37,4460.34,,548,false,true,false,false,false
PED-003048,106,,3,1,2026-05-29,,2026-05-29,2026-05-29 00:46:16,,2026-05-29 15:11:16,29988.24,,865,false,true,false,false,false
PED-003049,144,,1,1,2026-05-29,,2026-05-29,2026-05-29 07:11:30,,2026-05-29 22:33:30,4344.09,,922,false,true,false,false,false
PED-003050,170,,2,1,2026-05-29,,2026-05-30,2026-05-29 12:15:51,,2026-05-30 02:21:51,15920.03,,846,false,true,false,false,false
PED-003052,98,,3,1,2026-05-29,,2026-05-29,2026-05-29 19:23:40,,2026-05-29 22:37:40,1643.63,,194,false,true,false,false,false
PED-003059,10,,2,1,2026-05-29,,2026-05-29,2026-05-29 03:53:54,,2026-05-29 11:24:54,441.42,,451,false,true,false,false,false
PED-003065,97,,3,2,2026-05-29,,,2026-05-29 02:47:06,,,514.61,,,false,false,true,false,false
PED-003075,171,,2,1,2026-05-30,,2026-05-30,2026-05-30 08:51:48,,2026-05-30 13:49:48,3448.02,,298,false,true,false,false,false
PED-003085,33,,2,1,2026-05-30,,2026-05-31,2026-05-30 23:53:30,,2026-05-31 22:17:30,15502.32,,1344,false,true,false,false,false
PED-003093,114,,1,1,2026-05-31,,2026-06-01,2026-05-31 19:59:22,,2026-06-01 11:24:22,2639.64,,925,false,true,false,false,false
PED-003095,146,,1,1,2026-05-31,,2026-05-31,2026-05-31 19:01:46,,2026-05-31 22:39:46,15932.94,,218,false,true,false,false,false
PED-003099,28,,1,1,2026-05-31,,2026-05-31,2026-05-31 08:25:44,,2026-05-31 11:37:44,4294.46,,192,false,true,false,false,false
PED-003102,145,,2,1,2026-05-31,,2026-06-02,2026-05-31 23:55:31,,2026-06-02 01:48:31,3926.23,,1553,false,true,false,false,false
PED-003104,139,,2,1,2026-05-31,,2026-05-31,2026-05-31 09:35:33,,2026-05-31 23:55:33,3193.55,,860,false,true,false,false,false
PED-003105,198,,1,1,2026-05-31,,2026-05-31,2026-05-31 19:40:03,,2026-05-31 19:46:03,18690.72,,6,false,true,false,false,false
PED-003106,155,,2,1,2026-05-31,,2026-05-31,2026-05-31 12:15:46,,2026-05-31 17:16:46,17807.07,,301,false,true,false,false,false
PED-003111,151,,2,1,2026-05-31,,2026-05-31,2026-05-31 14:45:57,,2026-05-31 22:08:57,28636.96,,443,false,true,false,false,false
PED-003114,66,,2,1,2026-05-31,,2026-05-31,2026-05-31 04:49:04,,2026-05-31 05:46:04,2515.66,,57,false,true,false,false,false
PED-003117,51,,2,2,2026-05-31,,,2026-05-31 01:46:16,,,11199.48,,,false,false,true,false,false
PED-003118,142,,4,1,2026-06-01,,2026-06-01,2026-06-01 12:05:11,,2026-06-01 12:42:11,27922.92,,37,false,true,false,false,false
PED-003120,77,,3,1,2026-06-01,,2026-06-02,2026-06-01 13:39:28,,2026-06-02 01:56:28,8814.70,,737,false,true,false,false,false
PED-003121,105,,2,1,2026-06-01,,2026-06-01,2026-06-01 00:51:17,,2026-06-01 11:18:17,4057.15,,627,false,true,false,false,false
PED-003125,172,,3,2,2026-06-01,,,2026-06-01 06:47:23,,,19860.93,,,false,false,true,false,false
PED-003127,37,,3,1,2026-06-01,,2026-06-01,2026-06-01 22:35:49,,2026-06-01 22:37:49,7721.76,,2,false,true,false,false,false
PED-003131,27,,3,1,2026-06-01,,2026-06-01,2026-06-01 20:37:13,,2026-06-01 23:43:13,62311.46,,186,false,true,false,false,false
PED-003132,77,,4,1,2026-06-01,,2026-06-01,2026-06-01 20:40:40,,2026-06-01 23:33:40,3105.12,,173,false,true,false,false,false
PED-003133,125,,3,2,2026-06-01,,,2026-06-01 13:34:45,,,7818.86,,,false,false,true,false,false
PED-003136,50,,4,1,2026-06-02,,2026-06-02,2026-06-02 13:14:29,,2026-06-02 19:09:29,8197.82,,355,false,true,false,false,false
PED-003137,187,,4,1,2026-06-02,,2026-06-02,2026-06-02 01:17:02,,2026-06-02 08:33:02,4446.91,,436,false,true,false,false,false
PED-003138,163,,4,1,2026-06-02,,2026-06-03,2026-06-02 20:16:08,,2026-06-03 03:59:08,2564.32,,463,false,true,false,false,false
PED-003139,8,,2,1,2026-06-02,,2026-06-03,2026-06-02 12:16:25,,2026-06-03 00:06:25,4937.82,,710,false,true,false,false,false
PED-003143,183,,1,1,2026-06-02,,2026-06-03,2026-06-02 20:24:10,,2026-06-03 19:28:10,2792.51,,1384,false,true,false,false,false
PED-003149,73,,3,1,2026-06-02,,2026-06-03,2026-06-02 08:51:18,,2026-06-03 23:43:18,4664.66,,2332,false,true,false,false,false
PED-003150,148,,2,2,2026-06-02,,,2026-06-02 13:08:16,,,4380.28,,,false,false,true,false,false
PED-003151,24,,3,1,2026-06-02,,2026-06-02,2026-06-02 06:20:27,,2026-06-02 06:58:27,4418.97,,38,false,true,false,false,false
PED-003165,116,,3,1,2026-06-03,,2026-06-03,2026-06-03 18:22:15,,2026-06-03 22:30:15,41293.49,,248,false,true,false,false,false
PED-003166,128,,3,1,2026-06-03,,2026-06-03,2026-06-03 04:14:32,,2026-06-03 06:26:32,4876.35,,132,false,true,false,false,false
PED-003170,16,,3,1,2026-06-03,,2026-06-04,2026-06-03 23:33:06,,2026-06-04 00:35:06,9257.95,,62,false,true,false,false,false
PED-003173,107,,1,1,2026-06-03,,2026-06-03,2026-06-03 07:31:41,,2026-06-03 17:00:41,1009.21,,569,false,true,false,false,false
PED-003176,91,,2,1,2026-06-03,,2026-06-03,2026-06-03 00:24:46,,2026-06-03 13:01:46,8033.43,,757,false,true,false,false,false
PED-003181,109,,2,1,2026-06-03,,2026-06-03,2026-06-03 04:29:40,,2026-06-03 08:09:40,3983.02,,220,false,true,false,false,false
PED-003183,23,,3,1,2026-06-03,,2026-06-04,2026-06-03 20:15:42,,2026-06-04 14:06:42,3326.78,,1071,false,true,false,false,false
PED-003186,74,,3,1,2026-06-04,,2026-06-04,2026-06-04 18:26:55,,2026-06-04 21:15:55,1606.13,,169,false,true,false,false,false
PED-003189,32,,2,1,2026-06-04,,2026-06-04,2026-06-04 03:58:35,,2026-06-04 14:56:35,12732.92,,658,false,true,false,false,false
PED-003191,50,,2,1,2026-06-04,,2026-06-04,2026-06-04 10:15:27,,2026-06-04 13:55:27,542.62,,220,false,true,false,false,false
PED-003192,182,,2,1,2026-06-04,,2026-06-04,2026-06-04 17:18:18,,2026-06-04 18:53:18,25384.87,,95,false,true,false,false,false
PED-003196,79,,4,1,2026-06-04,,2026-06-05,2026-06-04 14:13:33,,2026-06-05 07:33:33,7948.68,,1040,false,true,false,false,false
PED-003200,118,,3,1,2026-06-05,,2026-06-06,2026-06-05 01:52:14,,2026-06-06 01:26:14,1769.27,,1414,false,true,false,false,false
PED-003202,157,,1,1,2026-06-05,,2026-06-05,2026-06-05 18:58:50,,2026-06-05 22:40:50,34799.61,,222,false,true,false,false,false
PED-003209,112,,2,1,2026-06-06,,2026-06-06,2026-06-06 00:51:33,,2026-06-06 20:20:33,7274.53,,1169,false,true,false,false,false
PED-003210,44,,4,1,2026-06-06,,2026-06-06,2026-06-06 23:30:40,,2026-06-06 23:59:40,11519.08,,29,false,true,false,false,false
PED-003219,162,,4,1,2026-06-06,,2026-06-08,2026-06-06 15:12:53,,2026-06-08 00:45:53,1418.75,,2013,false,true,false,false,false
PED-003221,192,,2,1,2026-06-06,,2026-06-06,2026-06-06 17:04:29,,2026-06-06 20:17:29,6538.48,,193,false,true,false,false,false
PED-003225,20,,4,1,2026-06-06,,2026-06-08,2026-06-06 16:38:46,,2026-06-08 13:26:46,13211.08,,2688,false,true,false,false,false
PED-003226,101,,2,1,2026-06-06,,2026-06-06,2026-06-06 10:14:31,,2026-06-06 12:48:31,7017.33,,154,false,true,false,false,false
PED-003227,101,,2,1,2026-06-06,,2026-06-06,2026-06-06 05:07:36,,2026-06-06 07:11:36,19347.84,,124,false,true,false,false,false
PED-003228,163,,2,1,2026-06-06,,2026-06-06,2026-06-06 03:46:28,,2026-06-06 13:17:28,6325.78,,571,false,true,false,false,false
PED-003229,73,,1,1,2026-06-06,,2026-06-06,2026-06-06 08:55:35,,2026-06-06 22:37:35,3529.65,,822,false,true,false,false,false
PED-003235,87,,4,1,2026-06-07,,2026-06-07,2026-06-07 16:42:12,,2026-06-07 17:29:12,7479.32,,47,false,true,false,false,false
PED-003248,103,,2,1,2026-06-08,,2026-06-09,2026-06-08 23:38:17,,2026-06-09 01:29:17,3404.49,,111,false,true,false,false,false
PED-003250,194,,2,1,2026-06-08,,2026-06-08,2026-06-08 09:47:20,,2026-06-08 14:38:20,2792.67,,291,false,true,false,false,false
PED-003254,85,,2,1,2026-06-08,,2026-06-08,2026-06-08 00:48:10,,2026-06-08 04:47:10,8002.44,,239,false,true,false,false,false
PED-003255,87,,1,1,2026-06-08,,2026-06-08,2026-06-08 16:32:55,,2026-06-08 16:51:55,6716.84,,19,false,true,false,false,false
PED-003266,196,,4,1,2026-06-09,,2026-06-09,2026-06-09 09:56:16,,2026-06-09 14:07:16,4090.33,,251,false,true,false,false,false
PED-003269,88,,1,1,2026-06-09,,2026-06-09,2026-06-09 13:06:30,,2026-06-09 16:38:30,10516.33,,212,false,true,false,false,false
PED-003277,99,,4,1,2026-06-09,,2026-06-10,2026-06-09 21:04:11,,2026-06-10 02:25:11,2750.92,,321,false,true,false,false,false
PED-003278,130,,2,1,2026-06-09,,2026-06-09,2026-06-09 07:08:43,,2026-06-09 13:09:43,2711.04,,361,false,true,false,false,false
PED-003279,157,,4,1,2026-06-09,,2026-06-09,2026-06-09 20:49:23,,2026-06-09 21:58:23,5141.55,,69,false,true,false,false,false
PED-003280,196,,3,1,2026-06-09,,2026-06-09,2026-06-09 15:48:19,,2026-06-09 19:11:19,5020.21,,203,false,true,false,false,false
PED-003281,100,,1,1,2026-06-09,,2026-06-09,2026-06-09 12:46:51,,2026-06-09 16:26:51,8018.93,,220,false,true,false,false,false
PED-003288,52,,1,1,2026-06-10,,2026-06-10,2026-06-10 18:16:30,,2026-06-10 20:12:30,13577.27,,116,false,true,false,false,false
PED-003292,95,,3,1,2026-06-10,,2026-06-11,2026-06-10 22:26:13,,2026-06-11 03:33:13,6095.55,,307,false,true,false,false,false
PED-003293,180,,4,1,2026-06-10,,2026-06-10,2026-06-10 03:38:06,,2026-06-10 10:19:06,3304.66,,401,false,true,false,false,false
PED-003297,8,,4,1,2026-06-10,,2026-06-10,2026-06-10 03:19:49,,2026-06-10 16:42:49,3564.79,,803,false,true,false,false,false
PED-003298,174,,2,1,2026-06-10,,2026-06-10,2026-06-10 04:09:09,,2026-06-10 06:08:09,1495.64,,119,false,true,false,false,false
PED-003301,40,,1,1,2026-06-10,,2026-06-10,2026-06-10 03:09:15,,2026-06-10 03:24:15,511.29,,15,false,true,false,false,false
PED-003307,21,,2,1,2026-06-10,,2026-06-10,2026-06-10 02:36:43,,2026-06-10 14:23:43,5201.84,,707,false,true,false,false,false
PED-003309,58,,3,1,2026-06-11,,2026-06-11,2026-06-11 03:23:02,,2026-06-11 06:50:02,4221.73,,207,false,true,false,false,false
PED-003312,76,,2,1,2026-06-11,,2026-06-11,2026-06-11 04:09:03,,2026-06-11 04:20:03,3338.44,,11,false,true,false,false,false
PED-003313,17,,2,1,2026-06-11,,2026-06-12,2026-06-11 17:41:46,,2026-06-12 03:58:46,2531.53,,617,false,true,false,false,false
PED-003315,26,,4,1,2026-06-11,,2026-06-11,2026-06-11 02:27:23,,2026-06-11 03:43:23,6547.46,,76,false,true,false,false,false
PED-003324,156,,2,1,2026-06-12,,2026-06-12,2026-06-12 05:31:31,,2026-06-12 16:02:31,2118.91,,631,false,true,false,false,false
PED-003328,170,,2,1,2026-06-12,,2026-06-13,2026-06-12 15:16:49,,2026-06-13 21:52:49,950.21,,1836,false,true,false,false,false
PED-003334,22,,3,1,2026-06-12,,2026-06-13,2026-06-12 12:50:10,,2026-06-13 06:22:10,3715.38,,1052,false,true,false,false,false
PED-003335,95,,2,1,2026-06-12,,2026-06-12,2026-06-12 11:40:16,,2026-06-12 20:11:16,1902.88,,511,false,true,false,false,false
PED-003338,36,,1,1,2026-06-12,,2026-06-12,2026-06-12 00:30:51,,2026-06-12 06:46:51,3498.85,,376,false,true,false,false,false
PED-003341,137,,2,1,2026-06-13,,2026-06-14,2026-06-13 22:52:17,,2026-06-14 12:02:17,2549.52,,790,false,true,false,false,false
PED-003343,86,,1,1,2026-06-13,,2026-06-13,2026-06-13 02:41:10,,2026-06-13 14:18:10,4886.67,,697,false,true,false,false,false
PED-003345,179,,2,1,2026-06-13,,2026-06-15,2026-06-13 21:28:48,,2026-06-15 10:11:48,6052.17,,2203,false,true,false,false,false
PED-003350,168,,2,1,2026-06-13,,2026-06-14,2026-06-13 21:28:30,,2026-06-14 23:24:30,3081.54,,1556,false,true,false,false,false
PED-003362,139,,2,1,2026-06-14,,2026-06-14,2026-06-14 13:37:37,,2026-06-14 18:09:37,640.59,,272,false,true,false,false,false
PED-003364,138,,2,1,2026-06-14,,2026-06-15,2026-06-14 16:31:24,,2026-06-15 10:33:24,12842.22,,1082,false,true,false,false,false
PED-003366,93,,3,1,2026-06-14,,2026-06-15,2026-06-14 13:06:21,,2026-06-15 05:13:21,4530.58,,967,false,true,false,false,false
PED-003368,26,,2,1,2026-06-14,,2026-06-14,2026-06-14 08:43:14,,2026-06-14 12:25:14,4962.92,,222,false,true,false,false,false
PED-003371,193,,2,1,2026-06-14,,2026-06-16,2026-06-14 00:07:17,,2026-06-16 01:14:17,4317.94,,2947,false,true,false,false,false
PED-003390,64,,4,1,2026-06-15,,2026-06-15,2026-06-15 01:58:06,,2026-06-15 02:09:06,549.48,,11,false,true,false,false,false
PED-003391,191,,1,1,2026-06-15,,2026-06-15,2026-06-15 06:36:42,,2026-06-15 12:44:42,30612.56,,368,false,true,false,false,false
PED-003392,60,,2,1,2026-06-15,,2026-06-15,2026-06-15 15:23:20,,2026-06-15 22:54:20,15330.85,,451,false,true,false,false,false
PED-003394,148,,1,1,2026-06-15,,2026-06-16,2026-06-15 08:12:26,,2026-06-16 02:51:26,2379.21,,1119,false,true,false,false,false
PED-003398,23,,1,1,2026-06-15,,2026-06-16,2026-06-15 16:48:32,,2026-06-16 00:16:32,2586.90,,448,false,true,false,false,false
PED-003401,112,,4,1,2026-06-16,,2026-06-16,2026-06-16 11:48:48,,2026-06-16 13:58:48,5745.66,,130,false,true,false,false,false
PED-003404,152,,2,1,2026-06-16,,2026-06-17,2026-06-16 00:32:56,,2026-06-17 06:42:56,7291.21,,1810,false,true,false,false,false
PED-003405,49,,3,1,2026-06-16,,2026-06-16,2026-06-16 00:52:28,,2026-06-16 01:22:28,5078.94,,30,false,true,false,false,false
PED-003406,108,,1,1,2026-06-16,,2026-06-17,2026-06-16 08:46:05,,2026-06-17 01:42:05,16028.80,,1016,false,true,false,false,false
PED-003409,188,,3,1,2026-06-16,,2026-06-16,2026-06-16 01:36:44,,2026-06-16 06:01:44,10997.10,,265,false,true,false,false,false
PED-003411,118,,3,1,2026-06-16,,2026-06-16,2026-06-16 02:42:02,,2026-06-16 04:32:02,1743.19,,110,false,true,false,false,false
PED-003414,19,,1,1,2026-06-16,,2026-06-16,2026-06-16 07:11:33,,2026-06-16 08:35:33,4167.78,,84,false,true,false,false,false
PED-003416,46,,1,1,2026-06-16,,2026-06-17,2026-06-16 21:12:42,,2026-06-17 03:40:42,6753.91,,388,false,true,false,false,false
PED-003419,185,,1,1,2026-06-16,,2026-06-16,2026-06-16 08:35:32,,2026-06-16 12:41:32,6254.04,,246,false,true,false,false,false
PED-003421,124,,2,1,2026-06-16,,2026-06-16,2026-06-16 03:17:35,,2026-06-16 11:31:35,2704.57,,494,false,true,false,false,false
PED-003438,103,,3,1,2026-06-17,,2026-06-18,2026-06-17 17:45:22,,2026-06-18 10:08:22,1335.63,,983,false,true,false,false,false
PED-003442,107,,4,1,2026-06-17,,2026-06-17,2026-06-17 10:06:40,,2026-06-17 18:26:40,2714.13,,500,false,true,false,false,false
PED-003443,148,,2,1,2026-06-18,,2026-06-19,2026-06-18 00:15:50,,2026-06-19 08:51:50,2012.25,,1956,false,true,false,false,false
PED-003446,174,,2,1,2026-06-18,,2026-06-18,2026-06-18 01:23:15,,2026-06-18 01:41:15,1124.06,,18,false,true,false,false,false
PED-003451,59,,3,1,2026-06-18,,2026-06-19,2026-06-18 23:55:26,,2026-06-19 04:30:26,2023.25,,275,false,true,false,false,false
PED-003457,25,,4,1,2026-06-18,,2026-06-19,2026-06-18 19:11:56,,2026-06-19 18:26:56,7999.94,,1395,false,true,false,false,false
PED-003461,86,,3,1,2026-06-18,,2026-06-18,2026-06-18 20:03:24,,2026-06-18 20:21:24,3559.24,,18,false,true,false,false,false
PED-003463,35,,1,1,2026-06-18,,2026-06-19,2026-06-18 14:16:14,,2026-06-19 16:27:14,3732.52,,1571,false,true,false,false,false
PED-003464,41,,1,1,2026-06-19,,2026-06-19,2026-06-19 14:49:27,,2026-06-19 14:59:27,4771.42,,10,false,true,false,false,false
PED-003471,88,,1,1,2026-06-19,,2026-06-19,2026-06-19 08:12:37,,2026-06-19 09:35:37,5044.66,,83,false,true,false,false,false
PED-003480,91,,2,1,2026-06-19,,2026-06-20,2026-06-19 09:14:23,,2026-06-20 00:38:23,1906.11,,924,false,true,false,false,false
PED-003482,53,,2,1,2026-06-19,,2026-06-19,2026-06-19 03:56:34,,2026-06-19 21:59:34,3069.29,,1083,false,true,false,false,false
PED-003483,136,,4,1,2026-06-19,,2026-06-19,2026-06-19 06:22:46,,2026-06-19 07:05:46,1966.58,,43,false,true,false,false,false
PED-003484,68,,4,1,2026-06-19,,2026-06-20,2026-06-19 11:00:23,,2026-06-20 02:54:23,13838.57,,954,false,true,false,false,false
PED-003489,32,,1,1,2026-06-19,,2026-06-19,2026-06-19 06:04:58,,2026-06-19 23:11:58,13955.06,,1027,false,true,false,false,false
PED-003491,79,,2,1,2026-06-20,,2026-06-20,2026-06-20 02:01:43,,2026-06-20 09:10:43,4680.08,,429,false,true,false,false,false
PED-003493,78,,4,1,2026-06-20,,2026-06-21,2026-06-20 10:43:09,,2026-06-21 07:07:09,1639.69,,1224,false,true,false,false,false
PED-003494,54,,4,1,2026-06-20,,2026-06-20,2026-06-20 16:30:19,,2026-06-20 19:40:19,4515.74,,190,false,true,false,false,false
PED-003502,102,,2,1,2026-06-20,,2026-06-20,2026-06-20 21:33:32,,2026-06-20 23:11:32,7062.15,,98,false,true,false,false,false
PED-003503,135,,2,2,2026-06-20,,,2026-06-20 15:18:30,,,5194.97,,,false,false,true,false,false
PED-003506,44,,2,1,2026-06-20,,2026-06-20,2026-06-20 01:14:32,,2026-06-20 02:44:32,1335.16,,90,false,true,false,false,false
PED-003508,97,,3,1,2026-06-21,,2026-06-22,2026-06-21 09:19:14,,2026-06-22 03:58:14,3054.19,,1119,false,true,false,false,false
PED-003511,94,,2,1,2026-06-21,,2026-06-21,2026-06-21 15:16:19,,2026-06-21 16:37:19,6900.09,,81,false,true,false,false,false
PED-003512,100,,3,2,2026-06-21,,,2026-06-21 21:04:43,,,7147.29,,,false,false,true,false,false
PED-003514,138,,4,1,2026-06-21,,2026-06-21,2026-06-21 13:04:45,,2026-06-21 17:26:45,9066.68,,262,false,true,false,false,false
PED-003519,181,,1,2,2026-06-21,,,2026-06-21 04:19:38,,,1255.45,,,false,false,true,false,false
PED-003526,187,,2,1,2026-06-22,,2026-06-23,2026-06-22 20:48:01,,2026-06-23 18:15:01,8971.75,,1287,false,true,false,false,false
PED-003531,165,,1,1,2026-06-22,,2026-06-22,2026-06-22 01:11:48,,2026-06-22 09:33:48,5386.11,,502,false,true,false,false,false
PED-003536,156,,4,2,2026-06-22,,,2026-06-22 07:32:49,,,6928.69,,,false,false,true,false,false
PED-003537,38,,2,1,2026-06-22,,2026-06-22,2026-06-22 01:00:32,,2026-06-22 09:03:32,1245.22,,483,false,true,false,false,false
PED-003541,33,,4,1,2026-06-22,,2026-06-23,2026-06-22 21:12:15,,2026-06-23 07:36:15,3601.94,,624,false,true,false,false,false
PED-003548,26,,1,1,2026-06-23,,2026-06-24,2026-06-23 12:03:05,,2026-06-24 13:30:05,5377.42,,1527,false,true,false,false,false
PED-003551,192,,4,1,2026-06-23,,2026-06-23,2026-06-23 11:11:40,,2026-06-23 17:49:40,1707.64,,398,false,true,false,false,false
PED-003561,119,,4,2,2026-06-23,,,2026-06-23 14:08:14,,,3739.05,,,false,false,true,false,false
PED-003564,54,,2,1,2026-06-23,,2026-06-23,2026-06-23 12:36:34,,2026-06-23 17:17:34,8195.54,,281,false,true,false,false,false
PED-003568,58,,2,1,2026-06-24,,2026-06-25,2026-06-24 11:44:00,,2026-06-25 08:50:00,7478.09,,1266,false,true,false,false,false
PED-003569,82,,2,1,2026-06-24,,2026-06-24,2026-06-24 21:18:07,,2026-06-24 22:56:07,2689.83,,98,false,true,false,false,false
PED-003570,15,,2,2,2026-06-24,,,2026-06-24 11:02:21,,,11144.64,,,false,false,true,false,false
PED-003571,92,,4,1,2026-06-24,,2026-06-25,2026-06-24 14:10:17,,2026-06-25 15:33:17,4359.14,,1523,false,true,false,false,false
PED-003576,139,,3,2,2026-06-24,,,2026-06-24 15:11:18,,,4348.55,,,false,false,true,false,false
PED-003579,73,,1,2,2026-06-24,,,2026-06-24 06:04:47,,,7828.80,,,false,false,true,false,false
PED-003588,108,,4,1,2026-06-25,,2026-06-25,2026-06-25 01:10:02,,2026-06-25 04:21:02,2600.53,,191,false,true,false,false,false
PED-003591,118,,2,2,2026-06-25,,,2026-06-25 03:59:27,,,5496.41,,,false,false,true,false,false
PED-003593,106,,2,2,2026-06-25,,,2026-06-25 14:36:01,,,15065.44,,,false,false,true,false,false
PED-003598,147,,1,1,2026-06-25,,2026-06-26,2026-06-25 16:52:44,,2026-06-26 10:56:44,25917.43,,1084,false,true,false,false,false
PED-003599,9,,2,1,2026-06-25,,2026-06-25,2026-06-25 01:20:47,,2026-06-25 03:01:47,14970.14,,101,false,true,false,false,false
PED-003601,166,,2,2,2026-06-25,,,2026-06-25 01:32:48,,,5298.17,,,false,false,true,false,false
PED-003604,77,,2,2,2026-06-25,,,2026-06-25 14:39:39,,,31401.60,,,false,false,true,false,false
PED-003606,124,,3,1,2026-06-25,,2026-06-25,2026-06-25 04:08:24,,2026-06-25 12:33:24,1626.14,,505,false,true,false,false,false
PED-003608,21,,2,1,2026-06-25,,2026-06-25,2026-06-25 03:53:40,,2026-06-25 18:51:40,7569.60,,898,false,true,false,false,false
PED-003609,50,,2,1,2026-06-25,,2026-06-25,2026-06-25 00:06:56,,2026-06-25 06:37:56,6246.42,,391,false,true,false,false,false
PED-003610,156,,2,1,2026-06-25,,2026-06-26,2026-06-25 23:35:00,,2026-06-26 03:43:00,8674.10,,248,false,true,false,false,false
PED-003611,27,,2,1,2026-06-25,,2026-06-26,2026-06-25 22:02:36,,2026-06-26 12:20:36,2338.10,,858,false,true,false,false,false
PED-003613,85,,4,2,2026-06-25,,,2026-06-25 21:24:19,,,13843.62,,,false,false,true,false,false
PED-003616,93,,3,2,2026-06-25,,,2026-06-25 21:56:23,,,4674.31,,,false,false,true,false,false
PED-003625,88,,4,2,2026-06-26,,,2026-06-26 05:15:14,,,24009.47,,,false,false,true,false,false
PED-003631,42,,3,1,2026-06-26,,2026-06-27,2026-06-26 12:02:30,,2026-06-27 14:12:30,7486.55,,1570,false,true,false,false,false
PED-003637,48,,2,2,2026-06-26,,,2026-06-26 21:39:22,,,14715.27,,,false,false,true,false,false
PED-003640,59,,4,1,2026-06-26,,2026-06-26,2026-06-26 13:26:50,,2026-06-26 18:06:50,4603.54,,280,false,true,false,false,false
PED-003645,199,,2,2,2026-06-26,,,2026-06-26 15:32:19,,,5555.83,,,false,false,true,false,false
PED-003650,196,,1,1,2026-06-27,,2026-06-27,2026-06-27 09:04:16,,2026-06-27 09:10:16,10792.55,,6,false,true,false,false,false
PED-003655,118,,2,2,2026-06-27,,,2026-06-27 23:14:10,,,23880.92,,,false,false,true,false,false
PED-003657,74,,2,2,2026-06-27,,,2026-06-27 12:38:06,,,4865.68,,,false,false,true,false,false
PED-003661,105,,3,2,2026-06-27,,,2026-06-27 05:18:50,,,7511.31,,,false,false,true,false,false
PED-003665,17,,2,2,2026-06-27,,,2026-06-27 02:46:48,,,12465.37,,,false,false,true,false,false
PED-003670,15,,2,2,2026-06-27,,,2026-06-27 13:24:44,,,4507.30,,,false,false,true,false,false
PED-003675,27,,1,1,2026-06-28,,2026-06-28,2026-06-28 01:18:55,,2026-06-28 13:05:55,6416.77,,707,false,true,false,false,false
PED-003683,144,,3,1,2026-06-28,,2026-06-29,2026-06-28 10:10:35,,2026-06-29 06:04:35,6588.92,,1194,false,true,false,false,false
PED-003684,126,,3,2,2026-06-28,,,2026-06-28 15:11:26,,,1624.35,,,false,false,true,false,false
PED-003688,91,,4,2,2026-06-28,,,2026-06-28 23:04:28,,,16568.96,,,false,false,true,false,false
PED-003693,199,,2,1,2026-06-29,,2026-06-29,2026-06-29 16:07:45,,2026-06-29 18:30:45,1742.56,,143,false,true,false,false,false
PED-003708,62,,2,2,2026-06-29,,,2026-06-29 12:05:47,,,4092.83,,,false,false,true,false,false
PED-003711,46,,2,2,2026-06-29,,,2026-06-29 23:14:09,,,4429.42,,,false,false,true,false,false
PED-002063,108,,2,5,2026-04-11,,,2026-04-11 06:30:05,,,8044.82,,,false,false,true,false,false
PED-002083,186,,2,5,2026-04-12,,,2026-04-12 20:08:48,,,6404.90,,,false,false,true,false,false
PED-002124,168,,2,5,2026-04-14,,,2026-04-14 11:49:48,,,3627.56,,,false,false,true,false,false
PED-002139,3,,3,5,2026-04-15,,,2026-04-15 09:34:43,,,1303.64,,,false,false,true,false,false
PED-002140,14,,4,5,2026-04-15,,,2026-04-15 18:07:05,,,2438.56,,,false,false,true,false,false
PED-002154,167,,3,5,2026-04-16,,,2026-04-16 20:12:50,,,3098.14,,,false,false,true,false,false
PED-002155,179,,2,5,2026-04-16,,,2026-04-16 04:00:52,,,9562.75,,,false,false,true,false,false
PED-002160,173,,1,5,2026-04-16,,,2026-04-16 12:55:24,,,6451.88,,,false,false,true,false,false
PED-002200,73,,2,5,2026-04-17,,,2026-04-17 04:06:50,,,7411.63,,,false,false,true,false,false
PED-002207,78,,2,5,2026-04-18,,,2026-04-18 21:57:47,,,4173.52,,,false,false,true,false,false
PED-002236,123,,2,5,2026-04-19,,,2026-04-19 02:57:21,,,2798.90,,,false,false,true,false,false
PED-002240,61,,4,5,2026-04-19,,,2026-04-19 15:58:00,,,1856.17,,,false,false,true,false,false
PED-002317,176,,2,5,2026-04-23,,,2026-04-23 23:51:11,,,9991.11,,,false,false,true,false,false
PED-002323,43,,1,5,2026-04-23,,,2026-04-23 19:22:30,,,6923.12,,,false,false,true,false,false
PED-002424,142,,2,5,2026-04-27,,,2026-04-27 06:27:28,,,2730.46,,,false,false,true,false,false
PED-002441,191,,2,5,2026-04-28,,,2026-04-28 11:49:02,,,3010.53,,,false,false,true,false,false
PED-002460,74,,2,5,2026-04-29,,,2026-04-29 21:55:49,,,4317.43,,,false,false,true,false,false
PED-002463,148,,3,5,2026-04-29,,,2026-04-29 22:08:15,,,3534.73,,,false,false,true,false,false
PED-002468,197,,1,5,2026-04-29,,,2026-04-29 15:38:37,,,6281.10,,,false,false,true,false,false
PED-002490,36,,2,5,2026-04-30,,,2026-04-30 10:47:26,,,2855.06,,,false,false,true,false,false
PED-002497,168,,4,5,2026-04-30,,,2026-04-30 08:12:04,,,373.58,,,false,false,true,false,false
PED-002502,35,,1,5,2026-04-30,,,2026-04-30 21:55:35,,,23755.55,,,false,false,true,false,false
PED-002508,104,,4,5,2026-05-01,,,2026-05-01 03:58:02,,,9385.55,,,false,false,true,false,false
PED-002558,27,,4,5,2026-05-04,,,2026-05-04 15:07:01,,,7069.81,,,false,false,true,false,false
PED-002573,79,,3,5,2026-05-04,,,2026-05-04 09:57:09,,,3815.77,,,false,false,true,false,false
PED-002579,138,,2,5,2026-05-05,,,2026-05-05 18:17:52,,,6709.54,,,false,false,true,false,false
PED-002704,81,,2,5,2026-05-11,,,2026-05-11 20:37:58,,,2696.44,,,false,false,true,false,false
PED-002759,108,,2,5,2026-05-14,,,2026-05-14 01:14:16,,,5054.08,,,false,false,true,false,false
PED-002767,63,,2,5,2026-05-14,,,2026-05-14 08:48:58,,,1965.51,,,false,false,true,false,false
PED-002791,61,,1,5,2026-05-16,,,2026-05-16 18:17:54,,,20908.79,,,false,false,true,false,false
PED-002856,45,,1,5,2026-05-19,,,2026-05-19 05:56:33,,,1915.58,,,false,false,true,false,false
PED-002911,24,,3,5,2026-05-22,,,2026-05-22 23:07:53,,,5086.44,,,false,false,true,false,false
PED-002915,154,,2,5,2026-05-22,,,2026-05-22 01:18:06,,,1159.93,,,false,false,true,false,false
PED-003006,35,,3,5,2026-05-27,,,2026-05-27 11:00:59,,,33569.65,,,false,false,true,false,false
PED-003015,67,,1,5,2026-05-27,,,2026-05-27 06:57:25,,,9791.71,,,false,false,true,false,false
PED-003030,124,,2,5,2026-05-28,,,2026-05-28 13:06:01,,,6727.47,,,false,false,true,false,false
PED-003042,25,,4,5,2026-05-28,,,2026-05-28 14:57:53,,,6089.86,,,false,false,true,false,false
PED-003047,101,,2,5,2026-05-29,,,2026-05-29 09:15:34,,,4052.78,,,false,false,true,false,false
PED-003058,199,,4,5,2026-05-29,,,2026-05-29 10:54:47,,,12632.51,,,false,false,true,false,false
PED-003080,169,,2,5,2026-05-30,,,2026-05-30 06:47:55,,,3803.07,,,false,false,true,false,false
PED-003145,191,,2,5,2026-06-02,,,2026-06-02 22:11:41,,,46873.67,,,false,false,true,false,false
PED-003146,183,,1,5,2026-06-02,,,2026-06-02 12:09:18,,,2036.73,,,false,false,true,false,false
PED-003153,173,,2,5,2026-06-02,,,2026-06-02 21:36:24,,,6975.91,,,false,false,true,false,false
PED-003164,87,,2,5,2026-06-03,,,2026-06-03 02:37:01,,,2942.42,,,false,false,true,false,false
PED-003172,32,,4,5,2026-06-03,,,2026-06-03 19:45:02,,,2482.66,,,false,false,true,false,false
PED-003198,186,,1,5,2026-06-05,,,2026-06-05 22:50:46,,,22276.82,,,false,false,true,false,false
PED-003224,84,,4,5,2026-06-06,,,2026-06-06 02:47:05,,,4951.65,,,false,false,true,false,false
PED-003233,111,,1,5,2026-06-07,,,2026-06-07 10:43:36,,,769.59,,,false,false,true,false,false
PED-003243,146,,4,5,2026-06-07,,,2026-06-07 18:59:50,,,12710.26,,,false,false,true,false,false
PED-003275,42,,1,5,2026-06-09,,,2026-06-09 17:25:14,,,3346.50,,,false,false,true,false,false
PED-003291,4,,2,5,2026-06-10,,,2026-06-10 22:01:02,,,6056.90,,,false,false,true,false,false
PED-003330,126,,1,5,2026-06-12,,,2026-06-12 08:29:02,,,432.23,,,false,false,true,false,false
PED-003351,109,,4,5,2026-06-13,,,2026-06-13 16:43:52,,,3972.43,,,false,false,true,false,false
PED-003358,118,,3,5,2026-06-14,,,2026-06-14 05:51:50,,,23317.59,,,false,false,true,false,false
PED-003458,1,,1,5,2026-06-18,,,2026-06-18 19:03:55,,,1201.47,,,false,false,true,false,false
PED-003481,90,,3,5,2026-06-19,,,2026-06-19 06:26:22,,,4760.51,,,false,false,true,false,false
PED-003485,162,,2,5,2026-06-19,,,2026-06-19 10:24:33,,,7347.05,,,false,false,true,false,false
PED-003507,184,,2,5,2026-06-20,,,2026-06-20 22:17:34,,,1107.27,,,false,false,true,false,false
PED-003513,2,,4,5,2026-06-21,,,2026-06-21 01:20:56,,,1705.38,,,false,false,true,false,false
PED-003516,77,,2,5,2026-06-21,,,2026-06-21 06:51:21,,,10906.20,,,false,false,true,false,false
PED-003518,127,,4,5,2026-06-21,,,2026-06-21 12:01:14,,,5305.27,,,false,false,true,false,false
PED-003530,82,,4,5,2026-06-22,,,2026-06-22 07:44:02,,,2513.14,,,false,false,true,false,false
PED-003532,146,,2,5,2026-06-22,,,2026-06-22 19:28:47,,,1488.88,,,false,false,true,false,false
PED-003542,56,,1,5,2026-06-22,,,2026-06-22 03:23:35,,,17439.17,,,false,false,true,false,false
PED-003543,91,,2,5,2026-06-22,,,2026-06-22 19:04:45,,,3001.24,,,false,false,true,false,false
PED-003550,71,,2,5,2026-06-23,,,2026-06-23 10:33:43,,,7847.07,,,false,false,true,false,false
PED-003557,25,,2,5,2026-06-23,,,2026-06-23 18:43:21,,,6984.43,,,false,false,true,false,false
PED-003559,58,,1,5,2026-06-23,,,2026-06-23 20:00:04,,,4743.86,,,false,false,true,false,false
PED-003567,124,,2,5,2026-06-24,,,2026-06-24 03:54:18,,,14268.78,,,false,false,true,false,false
PED-003572,117,,4,5,2026-06-24,,,2026-06-24 01:24:10,,,2745.38,,,false,false,true,false,false
PED-003577,165,,1,5,2026-06-24,,,2026-06-24 02:18:57,,,5261.08,,,false,false,true,false,false
PED-003583,105,,2,5,2026-06-24,,,2026-06-24 20:16:03,,,12341.85,,,false,false,true,false,false
PED-003584,48,,4,5,2026-06-24,,,2026-06-24 00:16:18,,,8393.12,,,false,false,true,false,false
PED-003589,144,,2,5,2026-06-25,,,2026-06-25 06:05:40,,,9680.07,,,false,false,true,false,false
PED-003592,31,,3,5,2026-06-25,,,2026-06-25 05:13:21,,,4968.34,,,false,false,true,false,false
PED-003597,76,,2,5,2026-06-25,,,2026-06-25 00:09:19,,,2772.25,,,false,false,true,false,false
PED-003602,137,,2,5,2026-06-25,,,2026-06-25 14:09:27,,,2498.14,,,false,false,true,false,false
PED-003605,188,,2,5,2026-06-25,,,2026-06-25 16:22:16,,,2368.31,,,false,false,true,false,false
PED-003618,59,,1,5,2026-06-25,,,2026-06-25 12:29:45,,,2457.62,,,false,false,true,false,false
PED-003619,92,,4,5,2026-06-26,,,2026-06-26 18:58:30,,,7743.98,,,false,false,true,false,false
PED-003621,48,,2,5,2026-06-26,,,2026-06-26 09:38:50,,,6997.68,,,false,false,true,false,false
PED-003622,112,,2,5,2026-06-26,,,2026-06-26 12:32:58,,,4543.00,,,false,false,true,false,false
PED-003623,149,,2,5,2026-06-26,,,2026-06-26 05:07:44,,,33798.51,,,false,false,true,false,false
PED-003626,104,,3,5,2026-06-26,,,2026-06-26 04:48:28,,,3357.04,,,false,false,true,false,false
PED-003627,125,,4,5,2026-06-26,,,2026-06-26 08:51:10,,,6424.04,,,false,false,true,false,false
PED-003629,192,,2,5,2026-06-26,,,2026-06-26 10:07:34,,,5931.40,,,false,false,true,false,false
PED-003630,139,,2,5,2026-06-26,,,2026-06-26 06:24:31,,,8595.19,,,false,false,true,false,false
PED-003634,36,,3,5,2026-06-26,,,2026-06-26 11:32:13,,,6947.36,,,false,false,true,false,false
PED-003638,108,,1,5,2026-06-26,,,2026-06-26 22:08:01,,,13167.76,,,false,false,true,false,false
PED-003639,170,,2,5,2026-06-26,,,2026-06-26 04:30:17,,,1767.09,,,false,false,true,false,false
PED-003642,149,,2,5,2026-06-26,,,2026-06-26 18:27:20,,,4724.31,,,false,false,true,false,false
PED-003643,42,,2,5,2026-06-26,,,2026-06-26 06:05:01,,,2940.86,,,false,false,true,false,false
PED-003646,117,,3,5,2026-06-27,,,2026-06-27 22:43:39,,,6114.51,,,false,false,true,false,false
PED-003648,2,,4,5,2026-06-27,,,2026-06-27 17:35:47,,,3466.74,,,false,false,true,false,false
PED-003649,14,,1,5,2026-06-27,,,2026-06-27 09:07:38,,,2517.32,,,false,false,true,false,false
PED-003651,108,,4,5,2026-06-27,,,2026-06-27 15:59:31,,,2987.20,,,false,false,true,false,false
PED-003652,45,,2,5,2026-06-27,,,2026-06-27 14:56:18,,,1644.41,,,false,false,true,false,false
PED-003656,141,,4,5,2026-06-27,,,2026-06-27 22:58:57,,,13478.52,,,false,false,true,false,false
PED-003660,57,,4,5,2026-06-27,,,2026-06-27 19:53:11,,,7843.75,,,false,false,true,false,false
PED-003664,96,,2,5,2026-06-27,,,2026-06-27 08:15:09,,,6281.87,,,false,false,true,false,false
PED-003666,183,,4,5,2026-06-27,,,2026-06-27 10:22:04,,,12697.24,,,false,false,true,false,false
PED-003667,13,,2,5,2026-06-27,,,2026-06-27 08:59:19,,,6216.67,,,false,false,true,false,false
PED-003668,117,,2,5,2026-06-27,,,2026-06-27 19:36:07,,,32788.53,,,false,false,true,false,false
PED-003676,6,,1,5,2026-06-28,,,2026-06-28 05:48:19,,,3844.24,,,false,false,true,false,false
PED-003679,110,,4,5,2026-06-28,,,2026-06-28 17:08:57,,,6961.78,,,false,false,true,false,false
PED-003680,1,,1,5,2026-06-28,,,2026-06-28 19:02:08,,,2801.88,,,false,false,true,false,false
PED-003685,56,,4,5,2026-06-28,,,2026-06-28 09:39:28,,,3663.47,,,false,false,true,false,false
PED-003686,42,,2,5,2026-06-28,,,2026-06-28 18:17:08,,,9047.83,,,false,false,true,false,false
PED-003689,105,,2,5,2026-06-28,,,2026-06-28 00:05:11,,,833.50,,,false,false,true,false,false
PED-003692,175,,3,5,2026-06-28,,,2026-06-28 14:07:10,,,12476.98,,,false,false,true,false,false
PED-003694,23,,1,5,2026-06-29,,,2026-06-29 21:15:28,,,4975.82,,,false,false,true,false,false
PED-003695,116,,1,5,2026-06-29,,,2026-06-29 04:50:39,,,5715.33,,,false,false,true,false,false
PED-003696,167,,4,5,2026-06-29,,,2026-06-29 08:01:39,,,5186.58,,,false,false,true,false,false
PED-003697,98,,4,5,2026-06-29,,,2026-06-29 00:45:06,,,3441.74,,,false,false,true,false,false
PED-003700,110,,2,5,2026-06-29,,,2026-06-29 18:18:12,,,8015.38,,,false,false,true,false,false
PED-003701,54,,2,5,2026-06-29,,,2026-06-29 19:58:46,,,945.50,,,false,false,true,false,false
PED-003702,119,,4,5,2026-06-29,,,2026-06-29 13:22:13,,,1781.10,,,false,false,true,false,false
PED-003703,48,,3,5,2026-06-29,,,2026-06-29 10:01:38,,,1033.11,,,false,false,true,false,false
PED-003705,123,,4,5,2026-06-29,,,2026-06-29 07:48:27,,,1949.71,,,false,false,true,false,false
PED-003706,163,,2,5,2026-06-29,,,2026-06-29 18:41:31,,,71913.06,,,false,false,true,false,false
PED-003707,132,,1,5,2026-06-29,,,2026-06-29 00:42:56,,,4244.98,,,false,false,true,false,false
PED-003712,102,,2,5,2026-06-29,,,2026-06-29 14:25:14,,,44886.92,,,false,false,true,false,false
